"id"	"english"	"translation"	"status"	"notes"	"source_file"	"line"	"routine"	"container"
"message.1actions.WEST-HOUSE.10.01"	"You are standing in an open field west of a white house, with a boarded\nfront door."	"You are standing in an open field west of a white house, with a boarded\nfront door."	"source"	"原文表示"	"1actions.zil"	"10"	"WEST-HOUSE"	"TELL"
"message.1actions.WEST-HOUSE.14.01"	" A secret path leads southwest into the forest."	" A secret path leads southwest into the forest."	"source"	"原文表示"	"1actions.zil"	"14"	"WEST-HOUSE"	"TELL"
"message.1actions.EAST-HOUSE.20.01"	"You are behind the white house. A path leads into the forest\nto the east. In one corner of the house there is a small window\nwhich is "	"You are behind the white house. A path leads into the forest\nto the east. In one corner of the house there is a small window\nwhich is "	"source"	"原文表示"	"1actions.zil"	"20"	"EAST-HOUSE"	"TELL"
"message.1actions.EAST-HOUSE.24.01"	"open."	"open."	"source"	"原文表示"	"1actions.zil"	"24"	"EAST-HOUSE"	"TELL"
"message.1actions.EAST-HOUSE.25.01"	"slightly ajar."	"slightly ajar."	"source"	"原文表示"	"1actions.zil"	"25"	"EAST-HOUSE"	"TELL"
"message.1actions.BOARD-F.46.01"	"The boards are securely fastened."	"The boards are securely fastened."	"source"	"原文表示"	"1actions.zil"	"46"	"BOARD-F"	"TELL"
"message.1actions.TEETH-F.54.01"	"Well, you seem to have been brushing your teeth with some sort of\nglue. As a result, your mouth gets glued together (with your nose)\nand you die of respiratory failure."	"Well, you seem to have been brushing your teeth with some sort of\nglue. As a result, your mouth gets glued together (with your nose)\nand you die of respiratory failure."	"source"	"原文表示"	"1actions.zil"	"54"	"TEETH-F"	"JIGS-UP"
"message.1actions.TEETH-F.59.01"	"Dental hygiene is highly recommended, but I'm not sure what you want\nto brush them with."	"Dental hygiene is highly recommended, but I'm not sure what you want\nto brush them with."	"source"	"原文表示"	"1actions.zil"	"59"	"TEETH-F"	"TELL"
"message.1actions.TEETH-F.62.01"	"A nice idea, but with a "	"A nice idea, but with a "	"source"	"原文表示"	"1actions.zil"	"62"	"TEETH-F"	"TELL"
"message.1actions.TEETH-F.62.02"	"?"	"?"	"source"	"原文表示"	"1actions.zil"	"62"	"TEETH-F"	"TELL"
"message.1actions.GRANITE-WALL-F.67.01"	"The west wall is solid granite here."	"The west wall is solid granite here."	"source"	"原文表示"	"1actions.zil"	"67"	"GRANITE-WALL-F"	"TELL"
"message.1actions.GRANITE-WALL-F.69.01"	"It's solid granite."	"It's solid granite."	"source"	"原文表示"	"1actions.zil"	"69"	"GRANITE-WALL-F"	"TELL"
"message.1actions.GRANITE-WALL-F.72.01"	"The east wall is solid granite here."	"The east wall is solid granite here."	"source"	"原文表示"	"1actions.zil"	"72"	"GRANITE-WALL-F"	"TELL"
"message.1actions.GRANITE-WALL-F.74.01"	"It's solid granite."	"It's solid granite."	"source"	"原文表示"	"1actions.zil"	"74"	"GRANITE-WALL-F"	"TELL"
"message.1actions.GRANITE-WALL-F.77.01"	"It only SAYS ""Granite Wall""."	"It only SAYS ""Granite Wall""."	"source"	"原文表示"	"1actions.zil"	"77"	"GRANITE-WALL-F"	"TELL"
"message.1actions.GRANITE-WALL-F.78.01"	"The wall isn't granite."	"The wall isn't granite."	"source"	"原文表示"	"1actions.zil"	"78"	"GRANITE-WALL-F"	"TELL"
"message.1actions.GRANITE-WALL-F.80.01"	"There is no granite wall here."	"There is no granite wall here."	"source"	"原文表示"	"1actions.zil"	"80"	"GRANITE-WALL-F"	"TELL"
"message.1actions.SONGBIRD-F.84.01"	"The songbird is not here but is probably nearby."	"The songbird is not here but is probably nearby."	"source"	"原文表示"	"1actions.zil"	"84"	"SONGBIRD-F"	"TELL"
"message.1actions.SONGBIRD-F.86.01"	"You can't hear the songbird now."	"You can't hear the songbird now."	"source"	"原文表示"	"1actions.zil"	"86"	"SONGBIRD-F"	"TELL"
"message.1actions.SONGBIRD-F.88.01"	"It can't be followed."	"It can't be followed."	"source"	"原文表示"	"1actions.zil"	"88"	"SONGBIRD-F"	"TELL"
"message.1actions.SONGBIRD-F.90.01"	"You can't see any songbird here."	"You can't see any songbird here."	"source"	"原文表示"	"1actions.zil"	"90"	"SONGBIRD-F"	"TELL"
"message.1actions.WHITE-HOUSE-F.95.01"	"Why not find your brains?"	"Why not find your brains?"	"source"	"原文表示"	"1actions.zil"	"95"	"WHITE-HOUSE-F"	"TELL"
"message.1actions.WHITE-HOUSE-F.103.01"	"It seems to be to the west."	"It seems to be to the west."	"source"	"原文表示"	"1actions.zil"	"103"	"WHITE-HOUSE-F"	"TELL"
"message.1actions.WHITE-HOUSE-F.105.01"	"It was here just a minute ago...."	"It was here just a minute ago...."	"source"	"原文表示"	"1actions.zil"	"105"	"WHITE-HOUSE-F"	"TELL"
"message.1actions.WHITE-HOUSE-F.106.01"	"You're not at the house."	"You're not at the house."	"source"	"原文表示"	"1actions.zil"	"106"	"WHITE-HOUSE-F"	"TELL"
"message.1actions.WHITE-HOUSE-F.109.01"	"It's right here! Are you blind or something?"	"It's right here! Are you blind or something?"	"source"	"原文表示"	"1actions.zil"	"109"	"WHITE-HOUSE-F"	"TELL"
"message.1actions.WHITE-HOUSE-F.115.01"	"The house is a beautiful colonial house which is painted white.\nIt is clear that the owners must have been extremely wealthy."	"The house is a beautiful colonial house which is painted white.\nIt is clear that the owners must have been extremely wealthy."	"source"	"原文表示"	"1actions.zil"	"115"	"WHITE-HOUSE-F"	"TELL"
"message.1actions.WHITE-HOUSE-F.122.01"	"The window is closed."	"The window is closed."	"source"	"原文表示"	"1actions.zil"	"122"	"WHITE-HOUSE-F"	"TELL"
"message.1actions.WHITE-HOUSE-F.125.01"	"I can't see how to get in from here."	"I can't see how to get in from here."	"source"	"原文表示"	"1actions.zil"	"125"	"WHITE-HOUSE-F"	"TELL"
"message.1actions.WHITE-HOUSE-F.127.01"	"You must be joking."	"You must be joking."	"source"	"原文表示"	"1actions.zil"	"127"	"WHITE-HOUSE-F"	"TELL"
"message.1actions.FOREST-F.142.01"	"You aren't even in the forest."	"You aren't even in the forest."	"source"	"原文表示"	"1actions.zil"	"142"	"FOREST-F"	"TELL"
"message.1actions.FOREST-F.145.01"	"You will have to specify a direction."	"You will have to specify a direction."	"source"	"原文表示"	"1actions.zil"	"145"	"FOREST-F"	"TELL"
"message.1actions.FOREST-F.147.01"	"You cannot see the forest for the trees."	"You cannot see the forest for the trees."	"source"	"原文表示"	"1actions.zil"	"147"	"FOREST-F"	"TELL"
"message.1actions.FOREST-F.149.01"	"The pines and the hemlocks seem to be murmuring."	"The pines and the hemlocks seem to be murmuring."	"source"	"原文表示"	"1actions.zil"	"149"	"FOREST-F"	"TELL"
"message.1actions.MOUNTAIN-RANGE-F.154.01"	"Don't you believe me? The mountains are impassable!"	"Don't you believe me? The mountains are impassable!"	"source"	"原文表示"	"1actions.zil"	"154"	"MOUNTAIN-RANGE-F"	"TELL"
"message.1actions.WATER-F.187.01"	"There is now a puddle in the bottom of the "	"There is now a puddle in the bottom of the "	"source"	"原文表示"	"1actions.zil"	"187"	"WATER-F"	"TELL"
"message.1actions.WATER-F.188.01"	"."	"."	"source"	"原文表示"	"1actions.zil"	"188"	"WATER-F"	"TELL"
"message.1actions.WATER-F.192.01"	"The water leaks out of the "	"The water leaks out of the "	"source"	"原文表示"	"1actions.zil"	"192"	"WATER-F"	"TELL"
"message.1actions.WATER-F.193.01"	" and evaporates immediately."	" and evaporates immediately."	"source"	"原文表示"	"1actions.zil"	"193"	"WATER-F"	"TELL"
"message.1actions.WATER-F.197.01"	"The bottle is closed."	"The bottle is closed."	"source"	"原文表示"	"1actions.zil"	"197"	"WATER-F"	"TELL"
"message.1actions.WATER-F.201.01"	"The bottle is now full of water."	"The bottle is now full of water."	"source"	"原文表示"	"1actions.zil"	"201"	"WATER-F"	"TELL"
"message.1actions.WATER-F.203.01"	"The water slips through your fingers."	"The water slips through your fingers."	"source"	"原文表示"	"1actions.zil"	"203"	"WATER-F"	"TELL"
"message.1actions.WATER-F.209.01"	"It's in the bottle. Perhaps you should take that instead."	"It's in the bottle. Perhaps you should take that instead."	"source"	"原文表示"	"1actions.zil"	"209"	"WATER-F"	"TELL"
"message.1actions.WATER-F.211.01"	"The water slips through your fingers."	"The water slips through your fingers."	"source"	"原文表示"	"1actions.zil"	"211"	"WATER-F"	"TELL"
"message.1actions.WATER-F.217.01"	"Nice try."	"Nice try."	"source"	"原文表示"	"1actions.zil"	"217"	"WATER-F"	"TELL"
"message.1actions.WATER-F.223.01"	"The bottle is closed."	"The bottle is closed."	"source"	"原文表示"	"1actions.zil"	"223"	"WATER-F"	"TELL"
"message.1actions.WATER-F.227.01"	"There is now a puddle in the bottom of the "	"There is now a puddle in the bottom of the "	"source"	"原文表示"	"1actions.zil"	"227"	"WATER-F"	"TELL"
"message.1actions.WATER-F.228.01"	"."	"."	"source"	"原文表示"	"1actions.zil"	"228"	"WATER-F"	"TELL"
"message.1actions.WATER-F.232.01"	"The water spills to the floor and evaporates immediately."	"The water spills to the floor and evaporates immediately."	"source"	"原文表示"	"1actions.zil"	"232"	"WATER-F"	"TELL"
"message.1actions.WATER-F.236.01"	"The water splashes on the walls and evaporates immediately."	"The water splashes on the walls and evaporates immediately."	"source"	"原文表示"	"1actions.zil"	"236"	"WATER-F"	"TELL"
"message.1actions.KITCHEN-WINDOW-F.245.01"	"With great effort, you open the window far enough to allow entry."	"With great effort, you open the window far enough to allow entry."	"source"	"原文表示"	"1actions.zil"	"245"	"KITCHEN-WINDOW-F"	"OPEN-CLOSE"
"message.1actions.KITCHEN-WINDOW-F.246.01"	"The window closes (more easily than it opened)."	"The window closes (more easily than it opened)."	"source"	"原文表示"	"1actions.zil"	"246"	"KITCHEN-WINDOW-F"	"OPEN-CLOSE"
"message.1actions.KITCHEN-WINDOW-F.250.01"	"The window is slightly ajar, but not enough to allow entry."	"The window is slightly ajar, but not enough to allow entry."	"source"	"原文表示"	"1actions.zil"	"250"	"KITCHEN-WINDOW-F"	"TELL"
"message.1actions.KITCHEN-WINDOW-F.258.01"	"You can see "	"You can see "	"source"	"原文表示"	"1actions.zil"	"258"	"KITCHEN-WINDOW-F"	"TELL"
"message.1actions.KITCHEN-WINDOW-F.260.01"	"a clear area leading towards a forest."	"a clear area leading towards a forest."	"source"	"原文表示"	"1actions.zil"	"260"	"KITCHEN-WINDOW-F"	"TELL"
"message.1actions.KITCHEN-WINDOW-F.262.01"	"what appears to be a kitchen."	"what appears to be a kitchen."	"source"	"原文表示"	"1actions.zil"	"262"	"KITCHEN-WINDOW-F"	"TELL"
"message.1actions.GHOSTS-F.266.01"	"The spirits jeer loudly and ignore you."	"The spirits jeer loudly and ignore you."	"source"	"原文表示"	"1actions.zil"	"266"	"GHOSTS-F"	"TELL"
"message.1actions.GHOSTS-F.269.01"	"Only the ceremony itself has any effect."	"Only the ceremony itself has any effect."	"source"	"原文表示"	"1actions.zil"	"269"	"GHOSTS-F"	"TELL"
"message.1actions.GHOSTS-F.271.01"	"How can you attack a spirit with material objects?"	"How can you attack a spirit with material objects?"	"source"	"原文表示"	"1actions.zil"	"271"	"GHOSTS-F"	"TELL"
"message.1actions.GHOSTS-F.273.01"	"You seem unable to interact with these spirits."	"You seem unable to interact with these spirits."	"source"	"原文表示"	"1actions.zil"	"273"	"GHOSTS-F"	"TELL"
"message.1actions.BASKET-F.287.01"	"The basket is raised to the top of the shaft."	"The basket is raised to the top of the shaft."	"source"	"原文表示"	"1actions.zil"	"287"	"BASKET-F"	"TELL"
"message.1actions.BASKET-F.296.01"	"The basket is lowered to the bottom of the shaft."	"The basket is lowered to the bottom of the shaft."	"source"	"原文表示"	"1actions.zil"	"296"	"BASKET-F"	"TELL"
"message.1actions.BASKET-F.299.01"	"It is now pitch black."	"It is now pitch black."	"source"	"原文表示"	"1actions.zil"	"299"	"BASKET-F"	"TELL"
"message.1actions.BASKET-F.303.01"	"The basket is at the other end of the chain."	"The basket is at the other end of the chain."	"source"	"原文表示"	"1actions.zil"	"303"	"BASKET-F"	"TELL"
"message.1actions.BASKET-F.306.01"	"The cage is securely fastened to the iron chain."	"The cage is securely fastened to the iron chain."	"source"	"原文表示"	"1actions.zil"	"306"	"BASKET-F"	"TELL"
"message.1actions.BAT-F.314.01"	"You can't reach him; he's on the ceiling."	"You can't reach him; he's on the ceiling."	"source"	"原文表示"	"1actions.zil"	"314"	"BAT-F"	"TELL"
"message.1actions.FLY-ME.320.01"	"The bat grabs you by the scruff of your neck and lifts you away...."	"The bat grabs you by the scruff of your neck and lifts you away...."	"source"	"原文表示"	"1actions.zil"	"320"	"FLY-ME"	"TELL"
"message.1actions.FWEEP.329.01"	"    Fweep!"	"    Fweep!"	"source"	"原文表示"	"1actions.zil"	"329"	"FWEEP"	"TELL"
"message.1actions.BELL-F.349.01"	"Ding, dong."	"Ding, dong."	"source"	"原文表示"	"1actions.zil"	"349"	"BELL-F"	"TELL"
"message.1actions.HOT-BELL-F.353.01"	"The bell is very hot and cannot be taken."	"The bell is very hot and cannot be taken."	"source"	"原文表示"	"1actions.zil"	"353"	"HOT-BELL-F"	"TELL"
"message.1actions.HOT-BELL-F.356.01"	"The "	"The "	"source"	"原文表示"	"1actions.zil"	"356"	"HOT-BELL-F"	"TELL"
"message.1actions.HOT-BELL-F.356.02"	" burns and is consumed."	" burns and is consumed."	"source"	"原文表示"	"1actions.zil"	"356"	"HOT-BELL-F"	"TELL"
"message.1actions.HOT-BELL-F.359.01"	"The bell is too hot to touch."	"The bell is too hot to touch."	"source"	"原文表示"	"1actions.zil"	"359"	"HOT-BELL-F"	"TELL"
"message.1actions.HOT-BELL-F.361.01"	"The heat from the bell is too intense."	"The heat from the bell is too intense."	"source"	"原文表示"	"1actions.zil"	"361"	"HOT-BELL-F"	"TELL"
"message.1actions.HOT-BELL-F.364.01"	"The water cools the bell and is evaporated."	"The water cools the bell and is evaporated."	"source"	"原文表示"	"1actions.zil"	"364"	"HOT-BELL-F"	"TELL"
"message.1actions.HOT-BELL-F.368.01"	"The bell is too hot to reach."	"The bell is too hot to reach."	"source"	"原文表示"	"1actions.zil"	"368"	"HOT-BELL-F"	"TELL"
"message.1actions.BOARDED-WINDOW-FCN.372.01"	"The windows are boarded and can't be opened."	"The windows are boarded and can't be opened."	"source"	"原文表示"	"1actions.zil"	"372"	"BOARDED-WINDOW-FCN"	"TELL"
"message.1actions.BOARDED-WINDOW-FCN.374.01"	"You can't break the windows open."	"You can't break the windows open."	"source"	"原文表示"	"1actions.zil"	"374"	"BOARDED-WINDOW-FCN"	"TELL"
"message.1actions.NAILS-PSEUDO.379.01"	"The nails, deeply imbedded in the door, cannot be removed."	"The nails, deeply imbedded in the door, cannot be removed."	"source"	"原文表示"	"1actions.zil"	"379"	"NAILS-PSEUDO"	"TELL"
"message.1actions.CRACK-FCN.383.01"	"You can't fit through the crack."	"You can't fit through the crack."	"source"	"原文表示"	"1actions.zil"	"383"	"CRACK-FCN"	"TELL"
"message.1actions.KITCHEN-FCN.388.01"	"You are in the kitchen of the white house. A table seems to\nhave been used recently for the preparation of food. A passage\nleads to the west and a dark staircase can be seen leading\nupward. A dark chimney leads down and to the east is a small\nwindow which is "	"You are in the kitchen of the white house. A table seems to\nhave been used recently for the preparation of food. A passage\nleads to the west and a dark staircase can be seen leading\nupward. A dark chimney leads down and to the east is a small\nwindow which is "	"source"	"原文表示"	"1actions.zil"	"388"	"KITCHEN-FCN"	"TELL"
"message.1actions.KITCHEN-FCN.394.01"	"open."	"open."	"source"	"原文表示"	"1actions.zil"	"394"	"KITCHEN-FCN"	"TELL"
"message.1actions.KITCHEN-FCN.396.01"	"slightly ajar."	"slightly ajar."	"source"	"原文表示"	"1actions.zil"	"396"	"KITCHEN-FCN"	"TELL"
"message.1actions.KITCHEN-FCN.401.01"	"There are no stairs leading down."	"There are no stairs leading down."	"source"	"原文表示"	"1actions.zil"	"401"	"KITCHEN-FCN"	"TELL"
"message.1actions.STONE-BARROW-FCN.411.01"	"Inside the Barrow|\nAs you enter the barrow, the door closes inexorably behind you. Around\nyou it is dark, but ahead is an enormous cavern, brightly lit. Through\nits center runs a wide stream. Spanning the stream is a small wooden\nfootbridge, and beyond a path leads into a dark tunnel. Above the\nbridge, floating in the air, is a large sign. It reads:  All ye who\nstand before this bridge have completed a great and perilous adventure\nwhich has tested your wit and courage. You have mastered"	"Inside the Barrow|\nAs you enter the barrow, the door closes inexorably behind you. Around\nyou it is dark, but ahead is an enormous cavern, brightly lit. Through\nits center runs a wide stream. Spanning the stream is a small wooden\nfootbridge, and beyond a path leads into a dark tunnel. Above the\nbridge, floating in the air, is a large sign. It reads:  All ye who\nstand before this bridge have completed a great and perilous adventure\nwhich has tested your wit and courage. You have mastered"	"source"	"原文表示"	"1actions.zil"	"411"	"STONE-BARROW-FCN"	"TELL"
"message.1actions.STONE-BARROW-FCN.420.01"	"\nthe first part of the ZORK trilogy. Those who pass over this bridge must be\nprepared to undertake an even greater adventure that will severely test your\nskill and bravery!|\n|\nThe ZORK trilogy continues with ""ZORK II: The Wizard of Frobozz"" and\nis completed in ""ZORK III: The Dungeon Master."""	"\nthe first part of the ZORK trilogy. Those who pass over this bridge must be\nprepared to undertake an even greater adventure that will severely test your\nskill and bravery!|\n|\nThe ZORK trilogy continues with ""ZORK II: The Wizard of Frobozz"" and\nis completed in ""ZORK III: The Dungeon Master."""	"source"	"原文表示"	"1actions.zil"	"420"	"STONE-BARROW-FCN"	"TELL"
"message.1actions.STONE-BARROW-FCN.428.01"	"\nZORK: The Great Underground Empire.|"	"\nZORK: The Great Underground Empire.|"	"source"	"原文表示"	"1actions.zil"	"428"	"STONE-BARROW-FCN"	"TELL"
"message.1actions.BARROW-DOOR-FCN.434.01"	"The door is too heavy."	"The door is too heavy."	"source"	"原文表示"	"1actions.zil"	"434"	"BARROW-DOOR-FCN"	"TELL"
"message.1actions.TROPHY-CASE-FCN.445.01"	"The trophy case is securely fastened to the wall."	"The trophy case is securely fastened to the wall."	"source"	"原文表示"	"1actions.zil"	"445"	"TROPHY-CASE-FCN"	"TELL"
"message.1actions.LIVING-ROOM-FCN.452.01"	"You are in the living room. There is a doorway to the east"	"You are in the living room. There is a doorway to the east"	"source"	"原文表示"	"1actions.zil"	"452"	"LIVING-ROOM-FCN"	"TELL"
"message.1actions.LIVING-ROOM-FCN.455.01"	". To the\nwest is a cyclops-shaped opening in an old wooden door, above which is\nsome strange gothic lettering, "	". To the\nwest is a cyclops-shaped opening in an old wooden door, above which is\nsome strange gothic lettering, "	"source"	"原文表示"	"1actions.zil"	"455"	"LIVING-ROOM-FCN"	"TELL"
"message.1actions.LIVING-ROOM-FCN.460.01"	", a wooden\ndoor with strange gothic lettering to the west, which appears to be\nnailed shut, "	", a wooden\ndoor with strange gothic lettering to the west, which appears to be\nnailed shut, "	"source"	"原文表示"	"1actions.zil"	"460"	"LIVING-ROOM-FCN"	"TELL"
"message.1actions.LIVING-ROOM-FCN.463.01"	"a trophy case, "	"a trophy case, "	"source"	"原文表示"	"1actions.zil"	"463"	"LIVING-ROOM-FCN"	"TELL"
"message.1actions.LIVING-ROOM-FCN.467.01"	"and a rug lying beside an open trap door."	"and a rug lying beside an open trap door."	"source"	"原文表示"	"1actions.zil"	"467"	"LIVING-ROOM-FCN"	"TELL"
"message.1actions.LIVING-ROOM-FCN.469.01"	"and a closed trap door at your feet."	"and a closed trap door at your feet."	"source"	"原文表示"	"1actions.zil"	"469"	"LIVING-ROOM-FCN"	"TELL"
"message.1actions.LIVING-ROOM-FCN.471.01"	"and an open trap door at your feet."	"and an open trap door at your feet."	"source"	"原文表示"	"1actions.zil"	"471"	"LIVING-ROOM-FCN"	"TELL"
"message.1actions.LIVING-ROOM-FCN.474.01"	"and a large oriental rug in the center of the room."	"and a large oriental rug in the center of the room."	"source"	"原文表示"	"1actions.zil"	"474"	"LIVING-ROOM-FCN"	"TELL"
"message.1actions.TRAP-DOOR-FCN.511.01"	"The door reluctantly opens to reveal a rickety staircase descending into\ndarkness."	"The door reluctantly opens to reveal a rickety staircase descending into\ndarkness."	"source"	"原文表示"	"1actions.zil"	"511"	"TRAP-DOOR-FCN"	"OPEN-CLOSE"
"message.1actions.TRAP-DOOR-FCN.513.01"	"The door swings shut and closes."	"The door swings shut and closes."	"source"	"原文表示"	"1actions.zil"	"513"	"TRAP-DOOR-FCN"	"OPEN-CLOSE"
"message.1actions.TRAP-DOOR-FCN.517.01"	"You see a rickety staircase descending into darkness."	"You see a rickety staircase descending into darkness."	"source"	"原文表示"	"1actions.zil"	"517"	"TRAP-DOOR-FCN"	"TELL"
"message.1actions.TRAP-DOOR-FCN.518.01"	"It's closed."	"It's closed."	"source"	"原文表示"	"1actions.zil"	"518"	"TRAP-DOOR-FCN"	"TELL"
"message.1actions.TRAP-DOOR-FCN.523.01"	"The door is locked from above."	"The door is locked from above."	"source"	"原文表示"	"1actions.zil"	"523"	"TRAP-DOOR-FCN"	"TELL"
"message.1actions.TRAP-DOOR-FCN.527.01"	"The door closes and locks."	"The door closes and locks."	"source"	"原文表示"	"1actions.zil"	"527"	"TRAP-DOOR-FCN"	"TELL"
"message.1actions.CELLAR-FCN.534.01"	"You are in a dark and damp cellar with a narrow passageway leading\nnorth, and a crawlway to the south. On the west is the bottom of a\nsteep metal ramp which is unclimbable."	"You are in a dark and damp cellar with a narrow passageway leading\nnorth, and a crawlway to the south. On the west is the bottom of a\nsteep metal ramp which is unclimbable."	"source"	"原文表示"	"1actions.zil"	"534"	"CELLAR-FCN"	"TELL"
"message.1actions.CELLAR-FCN.543.01"	"The trap door crashes shut, and you hear someone barring it."	"The trap door crashes shut, and you hear someone barring it."	"source"	"原文表示"	"1actions.zil"	"543"	"CELLAR-FCN"	"TELL"
"message.1actions.CHIMNEY-F.547.01"	"The chimney leads "	"The chimney leads "	"source"	"原文表示"	"1actions.zil"	"547"	"CHIMNEY-F"	"TELL"
"message.1actions.CHIMNEY-F.549.01"	"down"	"down"	"source"	"原文表示"	"1actions.zil"	"549"	"CHIMNEY-F"	"TELL"
"message.1actions.CHIMNEY-F.550.01"	"up"	"up"	"source"	"原文表示"	"1actions.zil"	"550"	"CHIMNEY-F"	"TELL"
"message.1actions.CHIMNEY-F.551.01"	"ward, and looks climbable."	"ward, and looks climbable."	"source"	"原文表示"	"1actions.zil"	"551"	"CHIMNEY-F"	"TELL"
"message.1actions.UP-CHIMNEY-FUNCTION.555.01"	"Going up empty-handed is a bad idea."	"Going up empty-handed is a bad idea."	"source"	"原文表示"	"1actions.zil"	"555"	"UP-CHIMNEY-FUNCTION"	"TELL"
"message.1actions.UP-CHIMNEY-FUNCTION.564.01"	"You can't get up there with what you're carrying."	"You can't get up there with what you're carrying."	"source"	"原文表示"	"1actions.zil"	"564"	"UP-CHIMNEY-FUNCTION"	"TELL"
"message.1actions.TRAP-DOOR-EXIT.572.01"	"The trap door is closed."	"The trap door is closed."	"source"	"原文表示"	"1actions.zil"	"572"	"TRAP-DOOR-EXIT"	"TELL"
"message.1actions.TRAP-DOOR-EXIT.576.01"	"You can't go that way."	"You can't go that way."	"source"	"原文表示"	"1actions.zil"	"576"	"TRAP-DOOR-EXIT"	"TELL"
"message.1actions.RUG-FCN.581.01"	"The rug is too heavy to lift"	"The rug is too heavy to lift"	"source"	"原文表示"	"1actions.zil"	"581"	"RUG-FCN"	"TELL"
"message.1actions.RUG-FCN.583.01"	"."	"."	"source"	"原文表示"	"1actions.zil"	"583"	"RUG-FCN"	"TELL"
"message.1actions.RUG-FCN.586.01"	", but in trying to take it you have\nnoticed an irregularity beneath it."	", but in trying to take it you have\nnoticed an irregularity beneath it."	"source"	"原文表示"	"1actions.zil"	"586"	"RUG-FCN"	"TELL"
"message.1actions.RUG-FCN.591.01"	"Having moved the carpet previously, you find it impossible to move\nit again."	"Having moved the carpet previously, you find it impossible to move\nit again."	"source"	"原文表示"	"1actions.zil"	"591"	"RUG-FCN"	"TELL"
"message.1actions.RUG-FCN.595.01"	"With a great effort, the rug is moved to one side of the room, revealing\nthe dusty cover of a closed trap door."	"With a great effort, the rug is moved to one side of the room, revealing\nthe dusty cover of a closed trap door."	"source"	"原文表示"	"1actions.zil"	"595"	"RUG-FCN"	"TELL"
"message.1actions.RUG-FCN.602.01"	"The rug is extremely heavy and cannot be carried."	"The rug is extremely heavy and cannot be carried."	"source"	"原文表示"	"1actions.zil"	"602"	"RUG-FCN"	"TELL"
"message.1actions.RUG-FCN.607.01"	"Underneath the rug is a closed trap door. As you drop the corner of the\nrug, the trap door is once again concealed from view."	"Underneath the rug is a closed trap door. As you drop the corner of the\nrug, the trap door is once again concealed from view."	"source"	"原文表示"	"1actions.zil"	"607"	"RUG-FCN"	"TELL"
"message.1actions.RUG-FCN.613.01"	"As you sit, you notice an irregularity underneath it. Rather than be\nuncomfortable, you stand up again."	"As you sit, you notice an irregularity underneath it. Rather than be\nuncomfortable, you stand up again."	"source"	"原文表示"	"1actions.zil"	"613"	"RUG-FCN"	"TELL"
"message.1actions.RUG-FCN.616.01"	"I suppose you think it's a magic carpet?"	"I suppose you think it's a magic carpet?"	"source"	"原文表示"	"1actions.zil"	"616"	"RUG-FCN"	"TELL"
"message.1actions.WEAPON-FUNCTION.634.01"	"The "	"The "	"source"	"原文表示"	"1actions.zil"	"634"	"WEAPON-FUNCTION"	"TELL"
"message.1actions.WEAPON-FUNCTION.634.02"	" swings it out of your reach."	" swings it out of your reach."	"source"	"原文表示"	"1actions.zil"	"634"	"WEAPON-FUNCTION"	"TELL"
"message.1actions.WEAPON-FUNCTION.637.01"	"The "	"The "	"source"	"原文表示"	"1actions.zil"	"637"	"WEAPON-FUNCTION"	"TELL"
"message.1actions.WEAPON-FUNCTION.637.02"	" seems white-hot. You can't hold on to it."	" seems white-hot. You can't hold on to it."	"source"	"原文表示"	"1actions.zil"	"637"	"WEAPON-FUNCTION"	"TELL"
"message.1actions.TROLL-FCN.643.01"	"The troll isn't much of a conversationalist."	"The troll isn't much of a conversationalist."	"source"	"原文表示"	"1actions.zil"	"643"	"TROLL-FCN"	"TELL"
"message.1actions.TROLL-FCN.651.01"	"A nasty-looking troll, brandishing a bloody axe, blocks all passages out\nof the room."	"A nasty-looking troll, brandishing a bloody axe, blocks all passages out\nof the room."	"source"	"原文表示"	"1actions.zil"	"651"	"TROLL-FCN"	"PUTP"
"message.1actions.TROLL-FCN.655.01"	"The troll, angered and humiliated, recovers his weapon. He appears to have\nan axe to grind with you."	"The troll, angered and humiliated, recovers his weapon. He appears to have\nan axe to grind with you."	"source"	"原文表示"	"1actions.zil"	"655"	"TROLL-FCN"	"TELL"
"message.1actions.TROLL-FCN.660.01"	"A pathetically babbling troll is here."	"A pathetically babbling troll is here."	"source"	"原文表示"	"1actions.zil"	"660"	"TROLL-FCN"	"PUTP"
"message.1actions.TROLL-FCN.662.01"	"The troll, disarmed, cowers in terror, pleading for his life in\nthe guttural tongue of the trolls."	"The troll, disarmed, cowers in terror, pleading for his life in\nthe guttural tongue of the trolls."	"source"	"原文表示"	"1actions.zil"	"662"	"TROLL-FCN"	"TELL"
"message.1actions.TROLL-FCN.678.01"	"An unconscious troll is sprawled on the floor. All passages\nout of the room are open."	"An unconscious troll is sprawled on the floor. All passages\nout of the room are open."	"source"	"原文表示"	"1actions.zil"	"678"	"TROLL-FCN"	"PUTP"
"message.1actions.TROLL-FCN.685.01"	"The troll stirs, quickly resuming a fighting stance."	"The troll stirs, quickly resuming a fighting stance."	"source"	"原文表示"	"1actions.zil"	"685"	"TROLL-FCN"	"TELL"
"message.1actions.TROLL-FCN.688.01"	"A nasty-looking troll, brandishing a bloody axe, blocks\nall passages out of the room."	"A nasty-looking troll, brandishing a bloody axe, blocks\nall passages out of the room."	"source"	"原文表示"	"1actions.zil"	"688"	"TROLL-FCN"	"PUTP"
"message.1actions.TROLL-FCN.695.01"	"A nasty-looking troll, brandishing a bloody axe, blocks\nall passages out of the room."	"A nasty-looking troll, brandishing a bloody axe, blocks\nall passages out of the room."	"source"	"原文表示"	"1actions.zil"	"695"	"TROLL-FCN"	"PUTP"
"message.1actions.TROLL-FCN.699.01"	"A troll is here."	"A troll is here."	"source"	"原文表示"	"1actions.zil"	"699"	"TROLL-FCN"	"PUTP"
"message.1actions.TROLL-FCN.718.01"	"The troll scratches his head in confusion, then takes the axe."	"The troll scratches his head in confusion, then takes the axe."	"source"	"原文表示"	"1actions.zil"	"718"	"TROLL-FCN"	"TELL"
"message.1actions.TROLL-FCN.724.01"	"You would have to get the "	"You would have to get the "	"source"	"原文表示"	"1actions.zil"	"724"	"TROLL-FCN"	"TELL"
"message.1actions.TROLL-FCN.724.02"	" first, and that seems unlikely."	" first, and that seems unlikely."	"source"	"原文表示"	"1actions.zil"	"724"	"TROLL-FCN"	"TELL"
"message.1actions.TROLL-FCN.728.01"	"The troll, who is remarkably coordinated, catches the "	"The troll, who is remarkably coordinated, catches the "	"source"	"原文表示"	"1actions.zil"	"728"	"TROLL-FCN"	"TELL"
"message.1actions.TROLL-FCN.731.01"	"The troll, who is not overly proud, graciously accepts the gift"	"The troll, who is not overly proud, graciously accepts the gift"	"source"	"原文表示"	"1actions.zil"	"731"	"TROLL-FCN"	"TELL"
"message.1actions.TROLL-FCN.736.01"	" and eats it hungrily. Poor troll, he dies from an internal hemorrhage\nand his carcass disappears in a sinister black fog."	" and eats it hungrily. Poor troll, he dies from an internal hemorrhage\nand his carcass disappears in a sinister black fog."	"source"	"原文表示"	"1actions.zil"	"736"	"TROLL-FCN"	"TELL"
"message.1actions.TROLL-FCN.744.01"	" and, being for the moment sated, throws it back. Fortunately, the\ntroll has poor control, and the "	" and, being for the moment sated, throws it back. Fortunately, the\ntroll has poor control, and the "	"source"	"原文表示"	"1actions.zil"	"744"	"TROLL-FCN"	"TELL"
"message.1actions.TROLL-FCN.745.01"	" falls to the floor. He does\nnot look pleased."	" falls to the floor. He does\nnot look pleased."	"source"	"原文表示"	"1actions.zil"	"745"	"TROLL-FCN"	"TELL"
"message.1actions.TROLL-FCN.750.01"	" and not having the most discriminating tastes, gleefully eats it."	" and not having the most discriminating tastes, gleefully eats it."	"source"	"原文表示"	"1actions.zil"	"750"	"TROLL-FCN"	"TELL"
"message.1actions.TROLL-FCN.754.01"	"The troll spits in your face, grunting ""Better luck next time"" in a\nrather barbarous accent."	"The troll spits in your face, grunting ""Better luck next time"" in a\nrather barbarous accent."	"source"	"原文表示"	"1actions.zil"	"754"	"TROLL-FCN"	"TELL"
"message.1actions.TROLL-FCN.758.01"	"The troll laughs at your puny gesture."	"The troll laughs at your puny gesture."	"source"	"原文表示"	"1actions.zil"	"758"	"TROLL-FCN"	"TELL"
"message.1actions.TROLL-FCN.761.01"	"Every so often the troll says something, probably uncomplimentary, in\nhis guttural tongue."	"Every so often the troll says something, probably uncomplimentary, in\nhis guttural tongue."	"source"	"原文表示"	"1actions.zil"	"761"	"TROLL-FCN"	"TELL"
"message.1actions.TROLL-FCN.764.01"	"Unfortunately, the troll can't hear you."	"Unfortunately, the troll can't hear you."	"source"	"原文表示"	"1actions.zil"	"764"	"TROLL-FCN"	"TELL"
"message.1actions.LEAVES-APPEAR.779.01"	"In disturbing the pile of leaves, a grating is revealed."	"In disturbing the pile of leaves, a grating is revealed."	"source"	"原文表示"	"1actions.zil"	"779"	"LEAVES-APPEAR"	"TELL"
"message.1actions.LEAVES-APPEAR.781.01"	"With the leaves moved, a grating is revealed."	"With the leaves moved, a grating is revealed."	"source"	"原文表示"	"1actions.zil"	"781"	"LEAVES-APPEAR"	"TELL"
"message.1actions.LEAF-PILE.788.01"	"There are 69,105 leaves here."	"There are 69,105 leaves here."	"source"	"原文表示"	"1actions.zil"	"788"	"LEAF-PILE"	"TELL"
"message.1actions.LEAF-PILE.794.01"	"The leaves burn."	"The leaves burn."	"source"	"原文表示"	"1actions.zil"	"794"	"LEAF-PILE"	"TELL"
"message.1actions.LEAF-PILE.797.01"	"The leaves burn, and so do you."	"The leaves burn, and so do you."	"source"	"原文表示"	"1actions.zil"	"797"	"LEAF-PILE"	"JIGS-UP"
"message.1actions.LEAF-PILE.799.01"	"You rustle the leaves around, making quite a mess."	"You rustle the leaves around, making quite a mess."	"source"	"原文表示"	"1actions.zil"	"799"	"LEAF-PILE"	"TELL"
"message.1actions.LEAF-PILE.804.01"	"Done."	"Done."	"source"	"原文表示"	"1actions.zil"	"804"	"LEAF-PILE"	"TELL"
"message.1actions.LEAF-PILE.812.01"	"Underneath the pile of leaves is a grating. As you release the leaves,\nthe grating is once again concealed from view."	"Underneath the pile of leaves is a grating. As you release the leaves,\nthe grating is once again concealed from view."	"source"	"原文表示"	"1actions.zil"	"812"	"LEAF-PILE"	"TELL"
"message.1actions.CLEARING-FCN.821.01"	"You are in a clearing, with a forest surrounding you on all sides. A\npath leads south."	"You are in a clearing, with a forest surrounding you on all sides. A\npath leads south."	"source"	"原文表示"	"1actions.zil"	"821"	"CLEARING-FCN"	"TELL"
"message.1actions.CLEARING-FCN.826.01"	"There is an open grating, descending into darkness."	"There is an open grating, descending into darkness."	"source"	"原文表示"	"1actions.zil"	"826"	"CLEARING-FCN"	"TELL"
"message.1actions.CLEARING-FCN.830.01"	"There is a grating securely fastened into the ground."	"There is a grating securely fastened into the ground."	"source"	"原文表示"	"1actions.zil"	"830"	"CLEARING-FCN"	"TELL"
"message.1actions.MAZE-11-FCN.838.01"	"You are in a small room near the maze. There are twisty passages\nin the immediate vicinity."	"You are in a small room near the maze. There are twisty passages\nin the immediate vicinity."	"source"	"原文表示"	"1actions.zil"	"838"	"MAZE-11-FCN"	"TELL"
"message.1actions.MAZE-11-FCN.842.01"	"Above you is an open grating with sunlight pouring in."	"Above you is an open grating with sunlight pouring in."	"source"	"原文表示"	"1actions.zil"	"842"	"MAZE-11-FCN"	"TELL"
"message.1actions.MAZE-11-FCN.844.01"	"Above you is a grating."	"Above you is a grating."	"source"	"原文表示"	"1actions.zil"	"844"	"MAZE-11-FCN"	"TELL"
"message.1actions.MAZE-11-FCN.847.01"	"Above you is a grating locked with a skull-and-crossbones lock."	"Above you is a grating locked with a skull-and-crossbones lock."	"source"	"原文表示"	"1actions.zil"	"847"	"MAZE-11-FCN"	"TELL"
"message.1actions.GRATE-FUNCTION.857.01"	"The grate is locked."	"The grate is locked."	"source"	"原文表示"	"1actions.zil"	"857"	"GRATE-FUNCTION"	"TELL"
"message.1actions.GRATE-FUNCTION.859.01"	"You can't lock it from this side."	"You can't lock it from this side."	"source"	"原文表示"	"1actions.zil"	"859"	"GRATE-FUNCTION"	"TELL"
"message.1actions.GRATE-FUNCTION.863.01"	"The grate is unlocked."	"The grate is unlocked."	"source"	"原文表示"	"1actions.zil"	"863"	"GRATE-FUNCTION"	"TELL"
"message.1actions.GRATE-FUNCTION.866.01"	"You can't reach the lock from here."	"You can't reach the lock from here."	"source"	"原文表示"	"1actions.zil"	"866"	"GRATE-FUNCTION"	"TELL"
"message.1actions.GRATE-FUNCTION.869.01"	"Can you unlock a grating with a "	"Can you unlock a grating with a "	"source"	"原文表示"	"1actions.zil"	"869"	"GRATE-FUNCTION"	"TELL"
"message.1actions.GRATE-FUNCTION.869.02"	"?"	"?"	"source"	"原文表示"	"1actions.zil"	"869"	"GRATE-FUNCTION"	"TELL"
"message.1actions.GRATE-FUNCTION.871.01"	"You can't pick the lock."	"You can't pick the lock."	"source"	"原文表示"	"1actions.zil"	"871"	"GRATE-FUNCTION"	"TELL"
"message.1actions.GRATE-FUNCTION.876.01"	"The grating opens."	"The grating opens."	"source"	"原文表示"	"1actions.zil"	"876"	"GRATE-FUNCTION"	"OPEN-CLOSE"
"message.1actions.GRATE-FUNCTION.878.01"	"The grating opens to reveal trees above you."	"The grating opens to reveal trees above you."	"source"	"原文表示"	"1actions.zil"	"878"	"GRATE-FUNCTION"	"OPEN-CLOSE"
"message.1actions.GRATE-FUNCTION.879.01"	"The grating is closed."	"The grating is closed."	"source"	"原文表示"	"1actions.zil"	"879"	"GRATE-FUNCTION"	"OPEN-CLOSE"
"message.1actions.GRATE-FUNCTION.884.01"	"A pile of leaves falls onto your head and to the ground."	"A pile of leaves falls onto your head and to the ground."	"source"	"原文表示"	"1actions.zil"	"884"	"GRATE-FUNCTION"	"TELL"
"message.1actions.GRATE-FUNCTION.889.01"	"The grating is locked."	"The grating is locked."	"source"	"原文表示"	"1actions.zil"	"889"	"GRATE-FUNCTION"	"TELL"
"message.1actions.GRATE-FUNCTION.892.01"	"It won't fit through the grating."	"It won't fit through the grating."	"source"	"原文表示"	"1actions.zil"	"892"	"GRATE-FUNCTION"	"TELL"
"message.1actions.GRATE-FUNCTION.896.01"	"The "	"The "	"source"	"原文表示"	"1actions.zil"	"896"	"GRATE-FUNCTION"	"TELL"
"message.1actions.GRATE-FUNCTION.896.02"	" goes through the grating into the darkness below."	" goes through the grating into the darkness below."	"source"	"原文表示"	"1actions.zil"	"896"	"GRATE-FUNCTION"	"TELL"
"message.1actions.MAZE-DIODES.900.01"	"You won't be able to get back up to the tunnel you are going through\nwhen it gets to the next room."	"You won't be able to get back up to the tunnel you are going through\nwhen it gets to the next room."	"source"	"原文表示"	"1actions.zil"	"900"	"MAZE-DIODES"	"TELL"
"message.1actions.RUSTY-KNIFE-FCN.911.01"	"As you touch the rusty knife, your sword gives a single pulse of blinding\nblue light."	"As you touch the rusty knife, your sword gives a single pulse of blinding\nblue light."	"source"	"原文表示"	"1actions.zil"	"911"	"RUSTY-KNIFE-FCN"	"TELL"
"message.1actions.RUSTY-KNIFE-FCN.921.01"	"As the knife approaches its victim, your mind is submerged by an\novermastering will. Slowly, your hand turns, until the rusty blade\nis an inch from your neck. The knife seems to sing as it savagely\nslits your throat."	"As the knife approaches its victim, your mind is submerged by an\novermastering will. Slowly, your hand turns, until the rusty blade\nis an inch from your neck. The knife seems to sing as it savagely\nslits your throat."	"source"	"原文表示"	"1actions.zil"	"921"	"RUSTY-KNIFE-FCN"	"JIGS-UP"
"message.1actions.SKELETON.934.01"	"A ghost appears in the room and is appalled at your desecration of\nthe remains of a fellow adventurer. He casts a curse on your valuables\nand banishes them to the Land of the Living Dead. The ghost leaves,\nmuttering obscenities."	"A ghost appears in the room and is appalled at your desecration of\nthe remains of a fellow adventurer. He casts a curse on your valuables\nand banishes them to the Land of the Living Dead. The ghost leaves,\nmuttering obscenities."	"source"	"原文表示"	"1actions.zil"	"934"	"SKELETON"	"TELL"
"message.1actions.TORCH-OBJECT.946.01"	"The torch is burning."	"The torch is burning."	"source"	"原文表示"	"1actions.zil"	"946"	"TORCH-OBJECT"	"TELL"
"message.1actions.TORCH-OBJECT.949.01"	"The water evaporates before it gets close."	"The water evaporates before it gets close."	"source"	"原文表示"	"1actions.zil"	"949"	"TORCH-OBJECT"	"TELL"
"message.1actions.TORCH-OBJECT.952.01"	"You nearly burn your hand trying to extinguish the flame."	"You nearly burn your hand trying to extinguish the flame."	"source"	"原文表示"	"1actions.zil"	"952"	"TORCH-OBJECT"	"TELL"
"message.1actions.MIRROR-ROOM.961.01"	"You are in a large square room with tall ceilings. On the south wall\nis an enormous mirror which fills the entire wall. There are exits\non the other three sides of the room."	"You are in a large square room with tall ceilings. On the south wall\nis an enormous mirror which fills the entire wall. There are exits\non the other three sides of the room."	"source"	"原文表示"	"1actions.zil"	"961"	"MIRROR-ROOM"	"TELL"
"message.1actions.MIRROR-ROOM.966.01"	"Unfortunately, the mirror has been destroyed by your recklessness."	"Unfortunately, the mirror has been destroyed by your recklessness."	"source"	"原文表示"	"1actions.zil"	"966"	"MIRROR-ROOM"	"TELL"
"message.1actions.MIRROR-MIRROR.975.01"	"You feel a faint tingling transmitted through the "	"You feel a faint tingling transmitted through the "	"source"	"原文表示"	"1actions.zil"	"975"	"MIRROR-MIRROR"	"TELL"
"message.1actions.MIRROR-MIRROR.975.02"	"."	"."	"source"	"原文表示"	"1actions.zil"	"975"	"MIRROR-MIRROR"	"TELL"
"message.1actions.MIRROR-MIRROR.993.01"	"There is a rumble from deep within the earth and the room shakes."	"There is a rumble from deep within the earth and the room shakes."	"source"	"原文表示"	"1actions.zil"	"993"	"MIRROR-MIRROR"	"TELL"
"message.1actions.MIRROR-MIRROR.996.01"	"The mirror is broken into many pieces."	"The mirror is broken into many pieces."	"source"	"原文表示"	"1actions.zil"	"996"	"MIRROR-MIRROR"	"TELL"
"message.1actions.MIRROR-MIRROR.998.01"	"There is an ugly person staring back at you."	"There is an ugly person staring back at you."	"source"	"原文表示"	"1actions.zil"	"998"	"MIRROR-MIRROR"	"TELL"
"message.1actions.MIRROR-MIRROR.1002.01"	"The mirror is many times your size. Give up."	"The mirror is many times your size. Give up."	"source"	"原文表示"	"1actions.zil"	"1002"	"MIRROR-MIRROR"	"TELL"
"message.1actions.MIRROR-MIRROR.1006.01"	"Haven't you done enough damage already?"	"Haven't you done enough damage already?"	"source"	"原文表示"	"1actions.zil"	"1006"	"MIRROR-MIRROR"	"TELL"
"message.1actions.MIRROR-MIRROR.1011.01"	"You have broken the mirror. I hope you have a seven years' supply of\ngood luck handy."	"You have broken the mirror. I hope you have a seven years' supply of\ngood luck handy."	"source"	"原文表示"	"1actions.zil"	"1011"	"MIRROR-MIRROR"	"TELL"
"message.1actions.TORCH-ROOM-FCN.1021.01"	"This is a large room with a prominent doorway leading to a down\nstaircase. Above you is a large dome. Up around the edge of the\ndome (20 feet up) is a wooden railing. In the center of the room\nsits a white marble pedestal."	"This is a large room with a prominent doorway leading to a down\nstaircase. Above you is a large dome. Up around the edge of the\ndome (20 feet up) is a wooden railing. In the center of the room\nsits a white marble pedestal."	"source"	"原文表示"	"1actions.zil"	"1021"	"TORCH-ROOM-FCN"	"TELL"
"message.1actions.TORCH-ROOM-FCN.1027.01"	"A piece of rope descends from the railing above, ending some\nfive feet above your head."	"A piece of rope descends from the railing above, ending some\nfive feet above your head."	"source"	"原文表示"	"1actions.zil"	"1027"	"TORCH-ROOM-FCN"	"TELL"
"message.1actions.DOME-ROOM-FCN.1033.01"	"You are at the periphery of a large dome, which forms the ceiling\nof another room below. Protecting you from a precipitous drop is a\nwooden railing which circles the dome."	"You are at the periphery of a large dome, which forms the ceiling\nof another room below. Protecting you from a precipitous drop is a\nwooden railing which circles the dome."	"source"	"原文表示"	"1actions.zil"	"1033"	"DOME-ROOM-FCN"	"TELL"
"message.1actions.DOME-ROOM-FCN.1038.01"	"Hanging down from the railing is a rope which ends about ten feet\nfrom the floor below."	"Hanging down from the railing is a rope which ends about ten feet\nfrom the floor below."	"source"	"原文表示"	"1actions.zil"	"1038"	"DOME-ROOM-FCN"	"TELL"
"message.1actions.DOME-ROOM-FCN.1043.01"	"As you enter the dome you feel a strong pull as if from a wind\ndrawing you over the railing and down."	"As you enter the dome you feel a strong pull as if from a wind\ndrawing you over the railing and down."	"source"	"原文表示"	"1actions.zil"	"1043"	"DOME-ROOM-FCN"	"TELL"
"message.1actions.DOME-ROOM-FCN.1050.01"	"I'm afraid that the leap you attempted has done you in."	"I'm afraid that the leap you attempted has done you in."	"source"	"原文表示"	"1actions.zil"	"1050"	"DOME-ROOM-FCN"	"JIGS-UP"
"message.1actions.LLD-ROOM.1061.01"	"You are outside a large gateway, on which is inscribed||\n  Abandon every hope\nall ye who enter here!||\nThe gate is open; through it you can see a desolation, with a pile of\nmangled bodies in one corner. Thousands of voices, lamenting some\nhideous fate, can be heard."	"You are outside a large gateway, on which is inscribed||\n  Abandon every hope\nall ye who enter here!||\nThe gate is open; through it you can see a desolation, with a pile of\nmangled bodies in one corner. Thousands of voices, lamenting some\nhideous fate, can be heard."	"source"	"原文表示"	"1actions.zil"	"1061"	"LLD-ROOM"	"TELL"
"message.1actions.LLD-ROOM.1069.01"	"The way through the gate is barred by evil spirits, who jeer at your\nattempts to pass."	"The way through the gate is barred by evil spirits, who jeer at your\nattempts to pass."	"source"	"原文表示"	"1actions.zil"	"1069"	"LLD-ROOM"	"TELL"
"message.1actions.LLD-ROOM.1078.01"	"You must perform the ceremony."	"You must perform the ceremony."	"source"	"原文表示"	"1actions.zil"	"1078"	"LLD-ROOM"	"TELL"
"message.1actions.LLD-ROOM.1081.01"	"You aren't equipped for an exorcism."	"You aren't equipped for an exorcism."	"source"	"原文表示"	"1actions.zil"	"1081"	"LLD-ROOM"	"TELL"
"message.1actions.LLD-ROOM.1090.01"	"The bell suddenly becomes red hot and falls to the ground. The\nwraiths, as if paralyzed, stop their jeering and slowly turn to face\nyou. On their ashen faces, the expression of a long-forgotten terror\ntakes shape."	"The bell suddenly becomes red hot and falls to the ground. The\nwraiths, as if paralyzed, stop their jeering and slowly turn to face\nyou. On their ashen faces, the expression of a long-forgotten terror\ntakes shape."	"source"	"原文表示"	"1actions.zil"	"1090"	"LLD-ROOM"	"TELL"
"message.1actions.LLD-ROOM.1096.01"	"In your confusion, the candles drop to the ground (and they are out)."	"In your confusion, the candles drop to the ground (and they are out)."	"source"	"原文表示"	"1actions.zil"	"1096"	"LLD-ROOM"	"TELL"
"message.1actions.LLD-ROOM.1107.01"	"Each word of the prayer reverberates through the hall in a deafening\nconfusion. As the last word fades, a voice, loud and commanding,\nspeaks: ""Begone, fiends!"" A heart-stopping scream fills the cavern,\nand the spirits, sensing a greater power, flee through the walls."	"Each word of the prayer reverberates through the hall in a deafening\nconfusion. As the last word fades, a voice, loud and commanding,\nspeaks: ""Begone, fiends!"" A heart-stopping scream fills the cavern,\nand the spirits, sensing a greater power, flee through the walls."	"source"	"原文表示"	"1actions.zil"	"1107"	"LLD-ROOM"	"TELL"
"message.1actions.LLD-ROOM.1121.01"	"The flames flicker wildly and appear to dance. The earth beneath\nyour feet trembles, and your legs nearly buckle beneath you.\nThe spirits cower at your unearthly power."	"The flames flicker wildly and appear to dance. The earth beneath\nyour feet trembles, and your legs nearly buckle beneath you.\nThe spirits cower at your unearthly power."	"source"	"原文表示"	"1actions.zil"	"1121"	"LLD-ROOM"	"TELL"
"message.1actions.I-XB.1135.01"	"The tension of this ceremony is broken, and the wraiths, amused but\nshaken at your clumsy attempt, resume their hideous jeering."	"The tension of this ceremony is broken, and the wraiths, amused but\nshaken at your clumsy attempt, resume their hideous jeering."	"source"	"原文表示"	"1actions.zil"	"1135"	"I-XB"	"TELL"
"message.1actions.I-XBH.1147.01"	"The bell appears to have cooled down."	"The bell appears to have cooled down."	"source"	"原文表示"	"1actions.zil"	"1147"	"I-XBH"	"TELL"
"message.1actions.DAM-ROOM-FCN.1159.01"	"You are standing on the top of the Flood Control Dam #3, which was\nquite a tourist attraction in times far distant. There are paths to\nthe north, south, and west, and a scramble down."	"You are standing on the top of the Flood Control Dam #3, which was\nquite a tourist attraction in times far distant. There are paths to\nthe north, south, and west, and a scramble down."	"source"	"原文表示"	"1actions.zil"	"1159"	"DAM-ROOM-FCN"	"TELL"
"message.1actions.DAM-ROOM-FCN.1164.01"	"The water level behind the dam is low: The sluice gates have been\nopened. Water rushes through the dam and downstream."	"The water level behind the dam is low: The sluice gates have been\nopened. Water rushes through the dam and downstream."	"source"	"原文表示"	"1actions.zil"	"1164"	"DAM-ROOM-FCN"	"TELL"
"message.1actions.DAM-ROOM-FCN.1168.01"	"The sluice gates are open, and water rushes through the dam. The\nwater level behind the dam is still high."	"The sluice gates are open, and water rushes through the dam. The\nwater level behind the dam is still high."	"source"	"原文表示"	"1actions.zil"	"1168"	"DAM-ROOM-FCN"	"TELL"
"message.1actions.DAM-ROOM-FCN.1172.01"	"The sluice gates are closed. The water level in the reservoir is\nquite low, but the level is rising quickly."	"The sluice gates are closed. The water level in the reservoir is\nquite low, but the level is rising quickly."	"source"	"原文表示"	"1actions.zil"	"1172"	"DAM-ROOM-FCN"	"TELL"
"message.1actions.DAM-ROOM-FCN.1176.01"	"The sluice gates on the dam are closed. Behind the dam, there can be\nseen a wide reservoir. Water is pouring over the top of the now\nabandoned dam."	"The sluice gates on the dam are closed. Behind the dam, there can be\nseen a wide reservoir. Water is pouring over the top of the now\nabandoned dam."	"source"	"原文表示"	"1actions.zil"	"1176"	"DAM-ROOM-FCN"	"TELL"
"message.1actions.DAM-ROOM-FCN.1180.01"	"There is a control panel here, on which a large metal bolt is mounted.\nDirectly above the bolt is a small green plastic bubble"	"There is a control panel here, on which a large metal bolt is mounted.\nDirectly above the bolt is a small green plastic bubble"	"source"	"原文表示"	"1actions.zil"	"1180"	"DAM-ROOM-FCN"	"TELL"
"message.1actions.DAM-ROOM-FCN.1183.01"	" which is\nglowing serenely"	" which is\nglowing serenely"	"source"	"原文表示"	"1actions.zil"	"1183"	"DAM-ROOM-FCN"	"TELL"
"message.1actions.DAM-ROOM-FCN.1185.01"	"."	"."	"source"	"原文表示"	"1actions.zil"	"1185"	"DAM-ROOM-FCN"	"TELL"
"message.1actions.BOLT-F.1196.01"	"The sluice gates close and water starts to collect behind the dam."	"The sluice gates close and water starts to collect behind the dam."	"source"	"原文表示"	"1actions.zil"	"1196"	"BOLT-F"	"TELL"
"message.1actions.BOLT-F.1203.01"	"The sluice gates open and water pours through the dam."	"The sluice gates open and water pours through the dam."	"source"	"原文表示"	"1actions.zil"	"1203"	"BOLT-F"	"TELL"
"message.1actions.BOLT-F.1208.01"	"The bolt won't turn with your best effort."	"The bolt won't turn with your best effort."	"source"	"原文表示"	"1actions.zil"	"1208"	"BOLT-F"	"TELL"
"message.1actions.BOLT-F.1211.01"	"The bolt won't turn using the "	"The bolt won't turn using the "	"source"	"原文表示"	"1actions.zil"	"1211"	"BOLT-F"	"TELL"
"message.1actions.BOLT-F.1211.02"	"."	"."	"source"	"原文表示"	"1actions.zil"	"1211"	"BOLT-F"	"TELL"
"message.1actions.BOLT-F.1216.01"	"Hmm. It appears the tube contained glue, not oil. Turning the bolt\nwon't get any easier...."	"Hmm. It appears the tube contained glue, not oil. Turning the bolt\nwon't get any easier...."	"source"	"原文表示"	"1actions.zil"	"1216"	"BOLT-F"	"TELL"
"message.1actions.INTEGRAL-PART.1224.01"	"It is an integral part of the control panel."	"It is an integral part of the control panel."	"source"	"原文表示"	"1actions.zil"	"1224"	"INTEGRAL-PART"	"TELL"
"message.1actions.I-RFILL.1237.01"	"The boat lifts gently out of the mud and is now floating on\nthe reservoir."	"The boat lifts gently out of the mud and is now floating on\nthe reservoir."	"source"	"原文表示"	"1actions.zil"	"1237"	"I-RFILL"	"TELL"
"message.1actions.I-RFILL.1241.01"	"You are lifted up by the rising river! You try to swim, but the\ncurrents are too strong. You come closer, closer to the awesome\nstructure of Flood Control Dam #3. The dam beckons to you.\nThe roar of the water nearly deafens you, but you remain conscious\nas you tumble over the dam toward your certain doom among the rocks\nat its base."	"You are lifted up by the rising river! You try to swim, but the\ncurrents are too strong. You come closer, closer to the awesome\nstructure of Flood Control Dam #3. The dam beckons to you.\nThe roar of the water nearly deafens you, but you remain conscious\nas you tumble over the dam toward your certain doom among the rocks\nat its base."	"source"	"原文表示"	"1actions.zil"	"1241"	"I-RFILL"	"JIGS-UP"
"message.1actions.I-RFILL.1249.01"	"A sound, like that of flowing water, starts to come from below."	"A sound, like that of flowing water, starts to come from below."	"source"	"原文表示"	"1actions.zil"	"1249"	"I-RFILL"	"TELL"
"message.1actions.I-RFILL.1252.01"	"All of a sudden, an alarmingly loud roaring sound fills the room.\nFilled with fear, you scramble away."	"All of a sudden, an alarmingly loud roaring sound fills the room.\nFilled with fear, you scramble away."	"source"	"原文表示"	"1actions.zil"	"1252"	"I-RFILL"	"TELL"
"message.1actions.I-RFILL.1257.01"	"You notice that the water level has risen to the point that it\nis impossible to cross."	"You notice that the water level has risen to the point that it\nis impossible to cross."	"source"	"原文表示"	"1actions.zil"	"1257"	"I-RFILL"	"TELL"
"message.1actions.I-REMPTY.1273.01"	"The water level has dropped to the point at which the boat can no\nlonger stay afloat. It sinks into the mud."	"The water level has dropped to the point at which the boat can no\nlonger stay afloat. It sinks into the mud."	"source"	"原文表示"	"1actions.zil"	"1273"	"I-REMPTY"	"TELL"
"message.1actions.I-REMPTY.1277.01"	"The roar of rushing water is quieter now."	"The roar of rushing water is quieter now."	"source"	"原文表示"	"1actions.zil"	"1277"	"I-REMPTY"	"TELL"
"message.1actions.I-REMPTY.1280.01"	"The water level is now quite low here and you could easily cross over\nto the other side."	"The water level is now quite low here and you could easily cross over\nto the other side."	"source"	"原文表示"	"1actions.zil"	"1280"	"I-REMPTY"	"TELL"
"message.1actions.DROWNINGS.1285.01"	"up to your ankles."	"up to your ankles."	"source"	"原文表示"	"1actions.zil"	"1285"	"DROWNINGS"	"TABLE"
"message.1actions.DROWNINGS.1286.01"	"up to your shin."	"up to your shin."	"source"	"原文表示"	"1actions.zil"	"1286"	"DROWNINGS"	"TABLE"
"message.1actions.DROWNINGS.1287.01"	"up to your knees."	"up to your knees."	"source"	"原文表示"	"1actions.zil"	"1287"	"DROWNINGS"	"TABLE"
"message.1actions.DROWNINGS.1288.01"	"up to your hips."	"up to your hips."	"source"	"原文表示"	"1actions.zil"	"1288"	"DROWNINGS"	"TABLE"
"message.1actions.DROWNINGS.1289.01"	"up to your waist."	"up to your waist."	"source"	"原文表示"	"1actions.zil"	"1289"	"DROWNINGS"	"TABLE"
"message.1actions.DROWNINGS.1290.01"	"up to your chest."	"up to your chest."	"source"	"原文表示"	"1actions.zil"	"1290"	"DROWNINGS"	"TABLE"
"message.1actions.DROWNINGS.1291.01"	"up to your neck."	"up to your neck."	"source"	"原文表示"	"1actions.zil"	"1291"	"DROWNINGS"	"TABLE"
"message.1actions.DROWNINGS.1292.01"	"over your head."	"over your head."	"source"	"原文表示"	"1actions.zil"	"1292"	"DROWNINGS"	"TABLE"
"message.1actions.DROWNINGS.1293.01"	"high in your lungs."	"high in your lungs."	"source"	"原文表示"	"1actions.zil"	"1293"	"DROWNINGS"	"TABLE"
"message.1actions.BUTTON-F.1300.01"	"They're greek to you."	"They're greek to you."	"source"	"原文表示"	"1actions.zil"	"1300"	"BUTTON-F"	"TELL"
"message.1actions.BUTTON-F.1306.01"	"There is a rumbling sound and a stream of water appears to burst\nfrom the east wall of the room (apparently, a leak has occurred in a\npipe)."	"There is a rumbling sound and a stream of water appears to burst\nfrom the east wall of the room (apparently, a leak has occurred in a\npipe)."	"source"	"原文表示"	"1actions.zil"	"1306"	"BUTTON-F"	"TELL"
"message.1actions.BUTTON-F.1314.01"	"The blue button appears to be jammed."	"The blue button appears to be jammed."	"source"	"原文表示"	"1actions.zil"	"1314"	"BUTTON-F"	"TELL"
"message.1actions.BUTTON-F.1316.01"	"The lights within the room "	"The lights within the room "	"source"	"原文表示"	"1actions.zil"	"1316"	"BUTTON-F"	"TELL"
"message.1actions.BUTTON-F.1319.01"	"shut off."	"shut off."	"source"	"原文表示"	"1actions.zil"	"1319"	"BUTTON-F"	"TELL"
"message.1actions.BUTTON-F.1322.01"	"come on."	"come on."	"source"	"原文表示"	"1actions.zil"	"1322"	"BUTTON-F"	"TELL"
"message.1actions.BUTTON-F.1326.01"	"Click."	"Click."	"source"	"原文表示"	"1actions.zil"	"1326"	"BUTTON-F"	"TELL"
"message.1actions.BUTTON-F.1330.01"	"Click."	"Click."	"source"	"原文表示"	"1actions.zil"	"1330"	"BUTTON-F"	"TELL"
"message.1actions.TOOL-CHEST-FCN.1334.01"	"The chests are all empty."	"The chests are all empty."	"source"	"原文表示"	"1actions.zil"	"1334"	"TOOL-CHEST-FCN"	"TELL"
"message.1actions.TOOL-CHEST-FCN.1338.01"	"The chests are so rusty and corroded that they crumble when you\ntouch them."	"The chests are so rusty and corroded that they crumble when you\ntouch them."	"source"	"原文表示"	"1actions.zil"	"1338"	"TOOL-CHEST-FCN"	"TELL"
"message.1actions.TOOL-CHEST-FCN.1341.01"	"The chests are already open."	"The chests are already open."	"source"	"原文表示"	"1actions.zil"	"1341"	"TOOL-CHEST-FCN"	"TELL"
"message.1actions.I-MAINT-ROOM.1345.01"	"The water level here is now "	"The water level here is now "	"source"	"原文表示"	"1actions.zil"	"1345"	"I-MAINT-ROOM"	"TELL"
"message.1actions.I-MAINT-ROOM.1350.01"	"The room is full of water and cannot be entered."	"The room is full of water and cannot be entered."	"source"	"原文表示"	"1actions.zil"	"1350"	"I-MAINT-ROOM"	"MUNG-ROOM"
"message.1actions.I-MAINT-ROOM.1354.01"	"I'm afraid you have done drowned yourself."	"I'm afraid you have done drowned yourself."	"source"	"原文表示"	"1actions.zil"	"1354"	"I-MAINT-ROOM"	"JIGS-UP"
"message.1actions.I-MAINT-ROOM.1358.01"	"The rising water carries the boat over the dam, down the river, and over\nthe falls. Tsk, tsk."	"The rising water carries the boat over the dam, down the river, and over\nthe falls. Tsk, tsk."	"source"	"原文表示"	"1actions.zil"	"1358"	"I-MAINT-ROOM"	"JIGS-UP"
"message.1actions.FIX-MAINT-LEAK.1376.01"	"By some miracle of Zorkian technology, you have managed to stop the\nleak in the dam."	"By some miracle of Zorkian technology, you have managed to stop the\nleak in the dam."	"source"	"原文表示"	"1actions.zil"	"1376"	"FIX-MAINT-LEAK"	"TELL"
"message.1actions.PUTTY-FCN.1384.01"	"The all-purpose gunk isn't a lubricant."	"The all-purpose gunk isn't a lubricant."	"source"	"原文表示"	"1actions.zil"	"1384"	"PUTTY-FCN"	"TELL"
"message.1actions.TUBE-FUNCTION.1389.01"	"The tube refuses to accept anything."	"The tube refuses to accept anything."	"source"	"原文表示"	"1actions.zil"	"1389"	"TUBE-FUNCTION"	"TELL"
"message.1actions.TUBE-FUNCTION.1394.01"	"The viscous material oozes into your hand."	"The viscous material oozes into your hand."	"source"	"原文表示"	"1actions.zil"	"1394"	"TUBE-FUNCTION"	"TELL"
"message.1actions.TUBE-FUNCTION.1396.01"	"The tube is apparently empty."	"The tube is apparently empty."	"source"	"原文表示"	"1actions.zil"	"1396"	"TUBE-FUNCTION"	"TELL"
"message.1actions.TUBE-FUNCTION.1398.01"	"The tube is closed."	"The tube is closed."	"source"	"原文表示"	"1actions.zil"	"1398"	"TUBE-FUNCTION"	"TELL"
"message.1actions.DAM-FUNCTION.1402.01"	"Sounds reasonable, but this isn't how."	"Sounds reasonable, but this isn't how."	"source"	"原文表示"	"1actions.zil"	"1402"	"DAM-FUNCTION"	"TELL"
"message.1actions.DAM-FUNCTION.1406.01"	"Are you the little Dutch boy, then? Sorry, this is a big dam."	"Are you the little Dutch boy, then? Sorry, this is a big dam."	"source"	"原文表示"	"1actions.zil"	"1406"	"DAM-FUNCTION"	"TELL"
"message.1actions.DAM-FUNCTION.1409.01"	"With a "	"With a "	"source"	"原文表示"	"1actions.zil"	"1409"	"DAM-FUNCTION"	"TELL"
"message.1actions.DAM-FUNCTION.1409.02"	"? Do you know how big this dam is? You could only\nstop a tiny leak with that."	"? Do you know how big this dam is? You could only\nstop a tiny leak with that."	"source"	"原文表示"	"1actions.zil"	"1409"	"DAM-FUNCTION"	"TELL"
"message.1actions.WITH-TELL.1413.01"	"With a "	"With a "	"source"	"原文表示"	"1actions.zil"	"1413"	"WITH-TELL"	"TELL"
"message.1actions.WITH-TELL.1413.02"	"?"	"?"	"source"	"原文表示"	"1actions.zil"	"1413"	"WITH-TELL"	"TELL"
"message.1actions.RESERVOIR-SOUTH-FCN.1419.01"	"You are in a long room, to the north of which was formerly a lake.\nHowever, with the water level lowered, there is merely a wide stream\nrunning through the center of the room."	"You are in a long room, to the north of which was formerly a lake.\nHowever, with the water level lowered, there is merely a wide stream\nrunning through the center of the room."	"source"	"原文表示"	"1actions.zil"	"1419"	"RESERVOIR-SOUTH-FCN"	"TELL"
"message.1actions.RESERVOIR-SOUTH-FCN.1424.01"	"You are in a long room. To the north is a large lake, too deep\nto cross. You notice, however, that the water level appears to be\ndropping at a rapid rate. Before long, it might be possible to cross\nto the other side from here."	"You are in a long room. To the north is a large lake, too deep\nto cross. You notice, however, that the water level appears to be\ndropping at a rapid rate. Before long, it might be possible to cross\nto the other side from here."	"source"	"原文表示"	"1actions.zil"	"1424"	"RESERVOIR-SOUTH-FCN"	"TELL"
"message.1actions.RESERVOIR-SOUTH-FCN.1430.01"	"You are in a long room, to the north of which is a wide area which\nwas formerly a reservoir, but now is merely a stream. You notice,\nhowever, that the level of the stream is rising quickly and that\nbefore long it will be impossible to cross here."	"You are in a long room, to the north of which is a wide area which\nwas formerly a reservoir, but now is merely a stream. You notice,\nhowever, that the level of the stream is rising quickly and that\nbefore long it will be impossible to cross here."	"source"	"原文表示"	"1actions.zil"	"1430"	"RESERVOIR-SOUTH-FCN"	"TELL"
"message.1actions.RESERVOIR-SOUTH-FCN.1436.01"	"You are in a long room on the south shore of a large lake, far\ntoo deep and wide for crossing."	"You are in a long room on the south shore of a large lake, far\ntoo deep and wide for crossing."	"source"	"原文表示"	"1actions.zil"	"1436"	"RESERVOIR-SOUTH-FCN"	"TELL"
"message.1actions.RESERVOIR-SOUTH-FCN.1440.01"	"There is a path along the stream to the east or west, a steep pathway\nclimbing southwest along the edge of a chasm, and a path leading into a\ncanyon to the southeast."	"There is a path along the stream to the east or west, a steep pathway\nclimbing southwest along the edge of a chasm, and a path leading into a\ncanyon to the southeast."	"source"	"原文表示"	"1actions.zil"	"1440"	"RESERVOIR-SOUTH-FCN"	"TELL"
"message.1actions.RESERVOIR-FCN.1450.01"	"You notice that the water level here is rising rapidly. The currents\nare also becoming stronger. Staying here seems quite perilous!"	"You notice that the water level here is rising rapidly. The currents\nare also becoming stronger. Staying here seems quite perilous!"	"source"	"原文表示"	"1actions.zil"	"1450"	"RESERVOIR-FCN"	"TELL"
"message.1actions.RESERVOIR-FCN.1455.01"	"You are on what used to be a large lake, but which is now a large\nmud pile. There are ""shores"" to the north and south."	"You are on what used to be a large lake, but which is now a large\nmud pile. There are ""shores"" to the north and south."	"source"	"原文表示"	"1actions.zil"	"1455"	"RESERVOIR-FCN"	"TELL"
"message.1actions.RESERVOIR-FCN.1459.01"	"You are on the lake. Beaches can be seen north and south.\nUpstream a small stream enters the lake through a narrow cleft\nin the rocks. The dam can be seen downstream."	"You are on the lake. Beaches can be seen north and south.\nUpstream a small stream enters the lake through a narrow cleft\nin the rocks. The dam can be seen downstream."	"source"	"原文表示"	"1actions.zil"	"1459"	"RESERVOIR-FCN"	"TELL"
"message.1actions.RESERVOIR-NORTH-FCN.1468.01"	"You are in a large cavernous room, the south of which was formerly\na lake. However, with the water level lowered, there is merely\na wide stream running through there."	"You are in a large cavernous room, the south of which was formerly\na lake. However, with the water level lowered, there is merely\na wide stream running through there."	"source"	"原文表示"	"1actions.zil"	"1468"	"RESERVOIR-NORTH-FCN"	"TELL"
"message.1actions.RESERVOIR-NORTH-FCN.1473.01"	"You are in a large cavernous area. To the south is a wide lake,\nwhose water level appears to be falling rapidly."	"You are in a large cavernous area. To the south is a wide lake,\nwhose water level appears to be falling rapidly."	"source"	"原文表示"	"1actions.zil"	"1473"	"RESERVOIR-NORTH-FCN"	"TELL"
"message.1actions.RESERVOIR-NORTH-FCN.1477.01"	"You are in a cavernous area, to the south of which is a very wide\nstream. The level of the stream is rising rapidly, and it appears\nthat before long it will be impossible to cross to the other side."	"You are in a cavernous area, to the south of which is a very wide\nstream. The level of the stream is rising rapidly, and it appears\nthat before long it will be impossible to cross to the other side."	"source"	"原文表示"	"1actions.zil"	"1477"	"RESERVOIR-NORTH-FCN"	"TELL"
"message.1actions.RESERVOIR-NORTH-FCN.1482.01"	"You are in a large cavernous room, north of a large lake."	"You are in a large cavernous room, north of a large lake."	"source"	"原文表示"	"1actions.zil"	"1482"	"RESERVOIR-NORTH-FCN"	"TELL"
"message.1actions.RESERVOIR-NORTH-FCN.1485.01"	"There is a slimy stairway leaving the room to the north."	"There is a slimy stairway leaving the room to the north."	"source"	"原文表示"	"1actions.zil"	"1485"	"RESERVOIR-NORTH-FCN"	"TELL"
"message.1actions.BOTTLE-FUNCTION.1495.01"	"The bottle hits the far wall and shatters."	"The bottle hits the far wall and shatters."	"source"	"原文表示"	"1actions.zil"	"1495"	"BOTTLE-FUNCTION"	"TELL"
"message.1actions.BOTTLE-FUNCTION.1499.01"	"A brilliant maneuver destroys the bottle."	"A brilliant maneuver destroys the bottle."	"source"	"原文表示"	"1actions.zil"	"1499"	"BOTTLE-FUNCTION"	"TELL"
"message.1actions.BOTTLE-FUNCTION.1504.01"	"The water spills to the floor and evaporates."	"The water spills to the floor and evaporates."	"source"	"原文表示"	"1actions.zil"	"1504"	"BOTTLE-FUNCTION"	"TELL"
"message.1actions.CYCLOPS-FCN.1519.01"	"No use talking to him. He's fast asleep."	"No use talking to him. He's fast asleep."	"source"	"原文表示"	"1actions.zil"	"1519"	"CYCLOPS-FCN"	"TELL"
"message.1actions.CYCLOPS-FCN.1526.01"	"The cyclops prefers eating to making conversation."	"The cyclops prefers eating to making conversation."	"source"	"原文表示"	"1actions.zil"	"1526"	"CYCLOPS-FCN"	"TELL"
"message.1actions.CYCLOPS-FCN.1530.01"	"The cyclops is sleeping like a baby, albeit a very ugly one."	"The cyclops is sleeping like a baby, albeit a very ugly one."	"source"	"原文表示"	"1actions.zil"	"1530"	"CYCLOPS-FCN"	"TELL"
"message.1actions.CYCLOPS-FCN.1533.01"	"The cyclops yawns and stares at the thing that woke him up."	"The cyclops yawns and stares at the thing that woke him up."	"source"	"原文表示"	"1actions.zil"	"1533"	"CYCLOPS-FCN"	"TELL"
"message.1actions.CYCLOPS-FCN.1542.01"	"A hungry cyclops is standing at the foot of the stairs."	"A hungry cyclops is standing at the foot of the stairs."	"source"	"原文表示"	"1actions.zil"	"1542"	"CYCLOPS-FCN"	"TELL"
"message.1actions.CYCLOPS-FCN.1548.01"	"The cyclops says ""Mmm Mmm. I love hot peppers! But oh, could I use\na drink. Perhaps I could drink the blood of that thing.""  From the\ngleam in his eye, it could be surmised that you are ""that thing""."	"The cyclops says ""Mmm Mmm. I love hot peppers! But oh, could I use\na drink. Perhaps I could drink the blood of that thing.""  From the\ngleam in his eye, it could be surmised that you are ""that thing""."	"source"	"原文表示"	"1actions.zil"	"1548"	"CYCLOPS-FCN"	"TELL"
"message.1actions.CYCLOPS-FCN.1562.01"	"The cyclops takes the bottle, checks that it's open, and drinks the water.\nA moment later, he lets out a yawn that nearly blows you over, and then\nfalls fast asleep (what did you put in that drink, anyway?)."	"The cyclops takes the bottle, checks that it's open, and drinks the water.\nA moment later, he lets out a yawn that nearly blows you over, and then\nfalls fast asleep (what did you put in that drink, anyway?)."	"source"	"原文表示"	"1actions.zil"	"1562"	"CYCLOPS-FCN"	"TELL"
"message.1actions.CYCLOPS-FCN.1568.01"	"The cyclops apparently is not thirsty and refuses your generous offer."	"The cyclops apparently is not thirsty and refuses your generous offer."	"source"	"原文表示"	"1actions.zil"	"1568"	"CYCLOPS-FCN"	"TELL"
"message.1actions.CYCLOPS-FCN.1571.01"	"The cyclops may be hungry, but there is a limit."	"The cyclops may be hungry, but there is a limit."	"source"	"原文表示"	"1actions.zil"	"1571"	"CYCLOPS-FCN"	"TELL"
"message.1actions.CYCLOPS-FCN.1574.01"	"The cyclops is not so stupid as to eat THAT!"	"The cyclops is not so stupid as to eat THAT!"	"source"	"原文表示"	"1actions.zil"	"1574"	"CYCLOPS-FCN"	"TELL"
"message.1actions.CYCLOPS-FCN.1579.01"	"""Do you think I'm as stupid as my father was?"", he says, dodging."	"""Do you think I'm as stupid as my father was?"", he says, dodging."	"source"	"原文表示"	"1actions.zil"	"1579"	"CYCLOPS-FCN"	"TELL"
"message.1actions.CYCLOPS-FCN.1582.01"	"The cyclops shrugs but otherwise ignores your pitiful attempt."	"The cyclops shrugs but otherwise ignores your pitiful attempt."	"source"	"原文表示"	"1actions.zil"	"1582"	"CYCLOPS-FCN"	"TELL"
"message.1actions.CYCLOPS-FCN.1588.01"	"The cyclops doesn't take kindly to being grabbed."	"The cyclops doesn't take kindly to being grabbed."	"source"	"原文表示"	"1actions.zil"	"1588"	"CYCLOPS-FCN"	"TELL"
"message.1actions.CYCLOPS-FCN.1591.01"	"You cannot tie the cyclops, though he is fit to be tied."	"You cannot tie the cyclops, though he is fit to be tied."	"source"	"原文表示"	"1actions.zil"	"1591"	"CYCLOPS-FCN"	"TELL"
"message.1actions.CYCLOPS-FCN.1594.01"	"You can hear his stomach rumbling."	"You can hear his stomach rumbling."	"source"	"原文表示"	"1actions.zil"	"1594"	"CYCLOPS-FCN"	"TELL"
"message.1actions.I-CYCLOPS.1604.01"	"The cyclops, tired of all of your games and trickery, grabs you firmly.\nAs he licks his chops, he says ""Mmm. Just like Mom used to make 'em.""\nIt's nice to be appreciated."	"The cyclops, tired of all of your games and trickery, grabs you firmly.\nAs he licks his chops, he says ""Mmm. Just like Mom used to make 'em.""\nIt's nice to be appreciated."	"source"	"原文表示"	"1actions.zil"	"1604"	"I-CYCLOPS"	"JIGS-UP"
"message.1actions.CYCLOPS-ROOM-FCN.1619.01"	"This room has an exit on the northwest, and a staircase leading up."	"This room has an exit on the northwest, and a staircase leading up."	"source"	"原文表示"	"1actions.zil"	"1619"	"CYCLOPS-ROOM-FCN"	"TELL"
"message.1actions.CYCLOPS-ROOM-FCN.1622.01"	"The cyclops is sleeping blissfully at the foot of the stairs."	"The cyclops is sleeping blissfully at the foot of the stairs."	"source"	"原文表示"	"1actions.zil"	"1622"	"CYCLOPS-ROOM-FCN"	"TELL"
"message.1actions.CYCLOPS-ROOM-FCN.1625.01"	"The east wall, previously solid, now has a cyclops-sized opening in it."	"The east wall, previously solid, now has a cyclops-sized opening in it."	"source"	"原文表示"	"1actions.zil"	"1625"	"CYCLOPS-ROOM-FCN"	"TELL"
"message.1actions.CYCLOPS-ROOM-FCN.1628.01"	"A cyclops, who looks prepared to eat horses (much less mere\nadventurers), blocks the staircase. From his state of health, and\nthe bloodstains on the walls, you gather that he is not very\nfriendly, though he likes people."	"A cyclops, who looks prepared to eat horses (much less mere\nadventurers), blocks the staircase. From his state of health, and\nthe bloodstains on the walls, you gather that he is not very\nfriendly, though he likes people."	"source"	"原文表示"	"1actions.zil"	"1628"	"CYCLOPS-ROOM-FCN"	"TELL"
"message.1actions.CYCLOPS-ROOM-FCN.1634.01"	"The cyclops is standing in the corner, eyeing you closely. I don't\nthink he likes you very much. He looks extremely hungry, even for a\ncyclops."	"The cyclops is standing in the corner, eyeing you closely. I don't\nthink he likes you very much. He looks extremely hungry, even for a\ncyclops."	"source"	"原文表示"	"1actions.zil"	"1634"	"CYCLOPS-ROOM-FCN"	"TELL"
"message.1actions.CYCLOPS-ROOM-FCN.1639.01"	"The cyclops, having eaten the hot peppers, appears to be gasping.\nHis enflamed tongue protrudes from his man-sized mouth."	"The cyclops, having eaten the hot peppers, appears to be gasping.\nHis enflamed tongue protrudes from his man-sized mouth."	"source"	"原文表示"	"1actions.zil"	"1639"	"CYCLOPS-ROOM-FCN"	"TELL"
"message.1actions.CYCLOMAD.1646.01"	"The cyclops seems somewhat agitated."	"The cyclops seems somewhat agitated."	"source"	"原文表示"	"1actions.zil"	"1646"	"CYCLOMAD"	"TABLE"
"message.1actions.CYCLOMAD.1647.01"	"The cyclops appears to be getting more agitated."	"The cyclops appears to be getting more agitated."	"source"	"原文表示"	"1actions.zil"	"1647"	"CYCLOMAD"	"TABLE"
"message.1actions.CYCLOMAD.1648.01"	"The cyclops is moving about the room, looking for something."	"The cyclops is moving about the room, looking for something."	"source"	"原文表示"	"1actions.zil"	"1648"	"CYCLOMAD"	"TABLE"
"message.1actions.CYCLOMAD.1649.01"	"The cyclops was looking for salt and pepper. No doubt they are\ncondiments for his upcoming snack."	"The cyclops was looking for salt and pepper. No doubt they are\ncondiments for his upcoming snack."	"source"	"原文表示"	"1actions.zil"	"1649"	"CYCLOMAD"	"TABLE"
"message.1actions.CYCLOMAD.1651.01"	"The cyclops is moving toward you in an unfriendly manner."	"The cyclops is moving toward you in an unfriendly manner."	"source"	"原文表示"	"1actions.zil"	"1651"	"CYCLOMAD"	"TABLE"
"message.1actions.CYCLOMAD.1652.01"	"You have two choices: 1. Leave  2. Become dinner."	"You have two choices: 1. Leave  2. Become dinner."	"source"	"原文表示"	"1actions.zil"	"1652"	"CYCLOMAD"	"TABLE"
"message.1actions.LOUD-ROOM-FCN.1663.01"	"This is a large room with a ceiling which cannot be detected from\nthe ground. There is a narrow passage from east to west and a stone\nstairway leading upward."	"This is a large room with a ceiling which cannot be detected from\nthe ground. There is a narrow passage from east to west and a stone\nstairway leading upward."	"source"	"原文表示"	"1actions.zil"	"1663"	"LOUD-ROOM-FCN"	"TELL"
"message.1actions.LOUD-ROOM-FCN.1668.01"	" The room is eerie in its quietness."	" The room is eerie in its quietness."	"source"	"原文表示"	"1actions.zil"	"1668"	"LOUD-ROOM-FCN"	"TELL"
"message.1actions.LOUD-ROOM-FCN.1670.01"	" The room is deafeningly loud with an\nundetermined rushing sound. The sound seems to reverberate from all\nof the walls, making it difficult even to think."	" The room is deafeningly loud with an\nundetermined rushing sound. The sound seems to reverberate from all\nof the walls, making it difficult even to think."	"source"	"原文表示"	"1actions.zil"	"1670"	"LOUD-ROOM-FCN"	"TELL"
"message.1actions.LOUD-ROOM-FCN.1676.01"	"It is unbearably loud here, with an ear-splitting roar seeming to\ncome from all around you. There is a pounding in your head which won't\nstop. With a tremendous effort, you scramble out of the room."	"It is unbearably loud here, with an ear-splitting roar seeming to\ncome from all around you. There is a pounding in your head which won't\nstop. With a tremendous effort, you scramble out of the room."	"source"	"原文表示"	"1actions.zil"	"1676"	"LOUD-ROOM-FCN"	"TELL"
"message.1actions.LOUD-ROOM-FCN.1691.01"	"The rest of your commands have been lost in the noise."	"The rest of your commands have been lost in the noise."	"source"	"原文表示"	"1actions.zil"	"1691"	"LOUD-ROOM-FCN"	"TELL"
"message.1actions.LOUD-ROOM-FCN.1695.01"	">"	">"	"source"	"原文表示"	"1actions.zil"	"1695"	"LOUD-ROOM-FCN"	"TELL"
"message.1actions.LOUD-ROOM-FCN.1698.01"	"I beg your pardon?"	"I beg your pardon?"	"source"	"原文表示"	"1actions.zil"	"1698"	"LOUD-ROOM-FCN"	"TELL"
"message.1actions.LOUD-ROOM-FCN.1718.01"	"That's only your opinion."	"That's only your opinion."	"source"	"原文表示"	"1actions.zil"	"1718"	"LOUD-ROOM-FCN"	"TELL"
"message.1actions.LOUD-ROOM-FCN.1723.01"	"The acoustics of the room change subtly."	"The acoustics of the room change subtly."	"source"	"原文表示"	"1actions.zil"	"1723"	"LOUD-ROOM-FCN"	"TELL"
"message.1actions.DEEP-CANYON-F.1733.01"	"You are on the south edge of a deep canyon. Passages lead off to the\neast, northwest and southwest. A stairway leads down."	"You are on the south edge of a deep canyon. Passages lead off to the\neast, northwest and southwest. A stairway leads down."	"source"	"原文表示"	"1actions.zil"	"1733"	"DEEP-CANYON-F"	"TELL"
"message.1actions.DEEP-CANYON-F.1737.01"	" You can hear a loud roaring sound, like that of rushing water, from\nbelow."	" You can hear a loud roaring sound, like that of rushing water, from\nbelow."	"source"	"原文表示"	"1actions.zil"	"1737"	"DEEP-CANYON-F"	"TELL"
"message.1actions.DEEP-CANYON-F.1744.01"	" You can hear the sound of flowing water from below."	" You can hear the sound of flowing water from below."	"source"	"原文表示"	"1actions.zil"	"1744"	"DEEP-CANYON-F"	"TELL"
"message.1actions.THIEF-VS-ADVENTURER.1771.01"	"Someone carrying a large bag is casually leaning against one of the\nwalls here. He does not speak, but it is clear from his aspect that\nthe bag will be taken only over his dead body."	"Someone carrying a large bag is casually leaning against one of the\nwalls here. He does not speak, but it is clear from his aspect that\nthe bag will be taken only over his dead body."	"source"	"原文表示"	"1actions.zil"	"1771"	"THIEF-VS-ADVENTURER"	"TELL"
"message.1actions.THIEF-VS-ADVENTURER.1789.01"	"Your opponent, determining discretion to be the better part of\nvalor, decides to terminate this little contretemps. With a rueful\nnod of his head, he steps backward into the gloom and disappears."	"Your opponent, determining discretion to be the better part of\nvalor, decides to terminate this little contretemps. With a rueful\nnod of his head, he steps backward into the gloom and disappears."	"source"	"原文表示"	"1actions.zil"	"1789"	"THIEF-VS-ADVENTURER"	"TELL"
"message.1actions.THIEF-VS-ADVENTURER.1800.01"	"The holder of the large bag just left, looking disgusted.\nFortunately, he took nothing."	"The holder of the large bag just left, looking disgusted.\nFortunately, he took nothing."	"source"	"原文表示"	"1actions.zil"	"1800"	"THIEF-VS-ADVENTURER"	"TELL"
"message.1actions.THIEF-VS-ADVENTURER.1814.01"	"A seedy-looking individual with a large bag just wandered through\nthe room. On the way through, he quietly abstracted some valuables from "	"A seedy-looking individual with a large bag just wandered through\nthe room. On the way through, he quietly abstracted some valuables from "	"source"	"原文表示"	"1actions.zil"	"1814"	"THIEF-VS-ADVENTURER"	"TELL"
"message.1actions.THIEF-VS-ADVENTURER.1817.01"	"the room"	"the room"	"source"	"原文表示"	"1actions.zil"	"1817"	"THIEF-VS-ADVENTURER"	"TELL"
"message.1actions.THIEF-VS-ADVENTURER.1819.01"	"your possession"	"your possession"	"source"	"原文表示"	"1actions.zil"	"1819"	"THIEF-VS-ADVENTURER"	"TELL"
"message.1actions.THIEF-VS-ADVENTURER.1820.01"	", mumbling something about\n""Doing unto others before..."""	", mumbling something about\n""Doing unto others before..."""	"source"	"原文表示"	"1actions.zil"	"1820"	"THIEF-VS-ADVENTURER"	"TELL"
"message.1actions.THIEF-VS-ADVENTURER.1827.01"	"The thief just left, still carrying his large bag. You may\nnot have noticed that he "	"The thief just left, still carrying his large bag. You may\nnot have noticed that he "	"source"	"原文表示"	"1actions.zil"	"1827"	"THIEF-VS-ADVENTURER"	"TELL"
"message.1actions.THIEF-VS-ADVENTURER.1831.01"	"robbed you blind first."	"robbed you blind first."	"source"	"原文表示"	"1actions.zil"	"1831"	"THIEF-VS-ADVENTURER"	"TELL"
"message.1actions.THIEF-VS-ADVENTURER.1834.01"	"appropriated the valuables in the room."	"appropriated the valuables in the room."	"source"	"原文表示"	"1actions.zil"	"1834"	"THIEF-VS-ADVENTURER"	"TELL"
"message.1actions.THIEF-VS-ADVENTURER.1839.01"	"The thief, finding nothing of value, left disgusted."	"The thief, finding nothing of value, left disgusted."	"source"	"原文表示"	"1actions.zil"	"1839"	"THIEF-VS-ADVENTURER"	"TELL"
"message.1actions.THIEF-VS-ADVENTURER.1845.01"	"A ""lean and hungry"" gentleman just wandered through, carrying a\nlarge bag. Finding nothing of value, he left disgruntled."	"A ""lean and hungry"" gentleman just wandered through, carrying a\nlarge bag. Finding nothing of value, he left disgruntled."	"source"	"原文表示"	"1actions.zil"	"1845"	"THIEF-VS-ADVENTURER"	"TELL"
"message.1actions.THIEF-VS-ADVENTURER.1857.01"	"The thief just left, still carrying his large bag. You may\nnot have noticed that he "	"The thief just left, still carrying his large bag. You may\nnot have noticed that he "	"source"	"原文表示"	"1actions.zil"	"1857"	"THIEF-VS-ADVENTURER"	"TELL"
"message.1actions.THIEF-VS-ADVENTURER.1861.01"	"robbed you blind first."	"robbed you blind first."	"source"	"原文表示"	"1actions.zil"	"1861"	"THIEF-VS-ADVENTURER"	"TELL"
"message.1actions.THIEF-VS-ADVENTURER.1864.01"	"appropriated the valuables in the room."	"appropriated the valuables in the room."	"source"	"原文表示"	"1actions.zil"	"1864"	"THIEF-VS-ADVENTURER"	"TELL"
"message.1actions.THIEF-VS-ADVENTURER.1869.01"	"The thief, finding nothing of value, left disgusted."	"The thief, finding nothing of value, left disgusted."	"source"	"原文表示"	"1actions.zil"	"1869"	"THIEF-VS-ADVENTURER"	"TELL"
"message.1actions.STOLE-LIGHT?.1879.01"	"The thief seems to have left you in the dark."	"The thief seems to have left you in the dark."	"source"	"原文表示"	"1actions.zil"	"1879"	"STOLE-LIGHT?"	"TELL"
"message.1actions.ROB-MAZE.1926.01"	"You hear, off in the distance, someone saying ""My, I wonder what\nthis fine "	"You hear, off in the distance, someone saying ""My, I wonder what\nthis fine "	"source"	"原文表示"	"1actions.zil"	"1926"	"ROB-MAZE"	"TELL"
"message.1actions.ROB-MAZE.1927.01"	" is doing here."""	" is doing here."""	"source"	"原文表示"	"1actions.zil"	"1927"	"ROB-MAZE"	"TELL"
"message.1actions.ROBBER-FUNCTION.1949.01"	"The thief is a strong, silent type."	"The thief is a strong, silent type."	"source"	"原文表示"	"1actions.zil"	"1949"	"ROBBER-FUNCTION"	"TELL"
"message.1actions.ROBBER-FUNCTION.1955.01"	"The thief, being temporarily incapacitated, is unable to acknowledge\nyour greeting with his usual graciousness."	"The thief, being temporarily incapacitated, is unable to acknowledge\nyour greeting with his usual graciousness."	"source"	"原文表示"	"1actions.zil"	"1955"	"ROBBER-FUNCTION"	"TELL"
"message.1actions.ROBBER-FUNCTION.1963.01"	"You evidently frightened the robber, though you didn't hit him. He\nflees"	"You evidently frightened the robber, though you didn't hit him. He\nflees"	"source"	"原文表示"	"1actions.zil"	"1963"	"ROBBER-FUNCTION"	"TELL"
"message.1actions.ROBBER-FUNCTION.1973.01"	", but the contents of his bag fall on the floor."	", but the contents of his bag fall on the floor."	"source"	"原文表示"	"1actions.zil"	"1973"	"ROBBER-FUNCTION"	"TELL"
"message.1actions.ROBBER-FUNCTION.1975.01"	"."	"."	"source"	"原文表示"	"1actions.zil"	"1975"	"ROBBER-FUNCTION"	"TELL"
"message.1actions.ROBBER-FUNCTION.1982.01"	"You missed. The thief makes no attempt to take the knife, though it\nwould be a fine addition to the collection in his bag. He does seem\nangered by your attempt."	"You missed. The thief makes no attempt to take the knife, though it\nwould be a fine addition to the collection in his bag. He does seem\nangered by your attempt."	"source"	"原文表示"	"1actions.zil"	"1982"	"ROBBER-FUNCTION"	"TELL"
"message.1actions.ROBBER-FUNCTION.1998.01"	"Your proposed victim suddenly recovers consciousness."	"Your proposed victim suddenly recovers consciousness."	"source"	"原文表示"	"1actions.zil"	"1998"	"ROBBER-FUNCTION"	"TELL"
"message.1actions.ROBBER-FUNCTION.2007.01"	"The thief is taken aback by your unexpected generosity, but accepts\nthe "	"The thief is taken aback by your unexpected generosity, but accepts\nthe "	"source"	"原文表示"	"1actions.zil"	"2007"	"ROBBER-FUNCTION"	"TELL"
"message.1actions.ROBBER-FUNCTION.2008.01"	" and stops to admire its beauty."	" and stops to admire its beauty."	"source"	"原文表示"	"1actions.zil"	"2008"	"ROBBER-FUNCTION"	"TELL"
"message.1actions.ROBBER-FUNCTION.2011.01"	"The thief places the "	"The thief places the "	"source"	"原文表示"	"1actions.zil"	"2011"	"ROBBER-FUNCTION"	"TELL"
"message.1actions.ROBBER-FUNCTION.2011.02"	" in his bag and thanks\nyou politely."	" in his bag and thanks\nyou politely."	"source"	"原文表示"	"1actions.zil"	"2011"	"ROBBER-FUNCTION"	"TELL"
"message.1actions.ROBBER-FUNCTION.2015.01"	"Once you got him, what would you do with him?"	"Once you got him, what would you do with him?"	"source"	"原文表示"	"1actions.zil"	"2015"	"ROBBER-FUNCTION"	"TELL"
"message.1actions.ROBBER-FUNCTION.2018.01"	"The thief is a slippery character with beady eyes that flit back\nand forth. He carries, along with an unmistakable arrogance, a large bag\nover his shoulder and a vicious stiletto, whose blade is aimed\nmenacingly in your direction. I'd watch out if I were you."	"The thief is a slippery character with beady eyes that flit back\nand forth. He carries, along with an unmistakable arrogance, a large bag\nover his shoulder and a vicious stiletto, whose blade is aimed\nmenacingly in your direction. I'd watch out if I were you."	"source"	"原文表示"	"1actions.zil"	"2018"	"ROBBER-FUNCTION"	"TELL"
"message.1actions.ROBBER-FUNCTION.2024.01"	"The thief says nothing, as you have not been formally introduced."	"The thief says nothing, as you have not been formally introduced."	"source"	"原文表示"	"1actions.zil"	"2024"	"ROBBER-FUNCTION"	"TELL"
"message.1actions.ROBBER-FUNCTION.2032.01"	"The robber, somewhat surprised at this turn of events, nimbly\nretrieves his stiletto."	"The robber, somewhat surprised at this turn of events, nimbly\nretrieves his stiletto."	"source"	"原文表示"	"1actions.zil"	"2032"	"ROBBER-FUNCTION"	"TELL"
"message.1actions.ROBBER-FUNCTION.2044.01"	"The chalice is now safe to take."	"The chalice is now safe to take."	"source"	"原文表示"	"1actions.zil"	"2044"	"ROBBER-FUNCTION"	"TELL"
"message.1actions.ROBBER-FUNCTION.2051.01"	"As the thief dies, the power of his magic decreases, and his\ntreasures reappear:"	"As the thief dies, the power of his magic decreases, and his\ntreasures reappear:"	"source"	"原文表示"	"1actions.zil"	"2051"	"ROBBER-FUNCTION"	"TELL"
"message.1actions.ROBBER-FUNCTION.2053.01"	"  A "	"  A "	"source"	"原文表示"	"1actions.zil"	"2053"	"ROBBER-FUNCTION"	"TELL"
"message.1actions.ROBBER-FUNCTION.2056.01"	", with "	", with "	"source"	"原文表示"	"1actions.zil"	"2056"	"ROBBER-FUNCTION"	"TELL"
"message.1actions.ROBBER-FUNCTION.2061.01"	"His booty remains."	"His booty remains."	"source"	"原文表示"	"1actions.zil"	"2061"	"ROBBER-FUNCTION"	"TELL"
"message.1actions.ROBBER-FUNCTION.2080.01"	"The robber revives, briefly feigning continued unconsciousness, and,\nwhen he sees his moment, scrambles away from you."	"The robber revives, briefly feigning continued unconsciousness, and,\nwhen he sees his moment, scrambles away from you."	"source"	"原文表示"	"1actions.zil"	"2080"	"ROBBER-FUNCTION"	"TELL"
"message.1actions.ROBBER-C-DESC.2087.01"	"There is a suspicious-looking individual, holding a bag, leaning\nagainst one wall. He is armed with a vicious-looking stiletto."	"There is a suspicious-looking individual, holding a bag, leaning\nagainst one wall. He is armed with a vicious-looking stiletto."	"source"	"原文表示"	"1actions.zil"	"2087"	"ROBBER-C-DESC"	"GLOBAL"
"message.1actions.ROBBER-U-DESC.2091.01"	"There is a suspicious-looking individual lying unconscious on the\nground."	"There is a suspicious-looking individual lying unconscious on the\nground."	"source"	"原文表示"	"1actions.zil"	"2091"	"ROBBER-U-DESC"	"GLOBAL"
"message.1actions.LARGE-BAG-F.2098.01"	"Sadly for you, the robber collapsed on top of the bag. Trying to take\nit would wake him."	"Sadly for you, the robber collapsed on top of the bag. Trying to take\nit would wake him."	"source"	"原文表示"	"1actions.zil"	"2098"	"LARGE-BAG-F"	"TELL"
"message.1actions.LARGE-BAG-F.2102.01"	"The bag will be taken over his dead body."	"The bag will be taken over his dead body."	"source"	"原文表示"	"1actions.zil"	"2102"	"LARGE-BAG-F"	"TELL"
"message.1actions.LARGE-BAG-F.2105.01"	"It would be a good trick."	"It would be a good trick."	"source"	"原文表示"	"1actions.zil"	"2105"	"LARGE-BAG-F"	"TELL"
"message.1actions.LARGE-BAG-F.2108.01"	"Getting close enough would be a good trick."	"Getting close enough would be a good trick."	"source"	"原文表示"	"1actions.zil"	"2108"	"LARGE-BAG-F"	"TELL"
"message.1actions.LARGE-BAG-F.2111.01"	"The bag is underneath the thief, so one can't say what, if anything, is\ninside."	"The bag is underneath the thief, so one can't say what, if anything, is\ninside."	"source"	"原文表示"	"1actions.zil"	"2111"	"LARGE-BAG-F"	"TELL"
"message.1actions.CHALICE-FCN.2132.01"	"You'd be stabbed in the back first."	"You'd be stabbed in the back first."	"source"	"原文表示"	"1actions.zil"	"2132"	"CHALICE-FCN"	"TELL"
"message.1actions.CHALICE-FCN.2135.01"	"You can't. It's not a very good chalice, is it?"	"You can't. It's not a very good chalice, is it?"	"source"	"原文表示"	"1actions.zil"	"2135"	"CHALICE-FCN"	"TELL"
"message.1actions.TREASURE-ROOM-FCN.2144.01"	"You hear a scream of anguish as you violate the robber's hideaway.\nUsing passages unknown to you, he rushes to its defense."	"You hear a scream of anguish as you violate the robber's hideaway.\nUsing passages unknown to you, he rushes to its defense."	"source"	"原文表示"	"1actions.zil"	"2144"	"TREASURE-ROOM-FCN"	"TELL"
"message.1actions.THIEF-IN-TREASURE.2155.01"	"The thief gestures mysteriously, and the treasures in the room\nsuddenly vanish."	"The thief gestures mysteriously, and the treasures in the room\nsuddenly vanish."	"source"	"原文表示"	"1actions.zil"	"2155"	"THIEF-IN-TREASURE"	"TELL"
"message.1actions.FRONT-DOOR-FCN.2165.01"	"The door cannot be opened."	"The door cannot be opened."	"source"	"原文表示"	"1actions.zil"	"2165"	"FRONT-DOOR-FCN"	"TELL"
"message.1actions.FRONT-DOOR-FCN.2168.01"	"You cannot burn this door."	"You cannot burn this door."	"source"	"原文表示"	"1actions.zil"	"2168"	"FRONT-DOOR-FCN"	"TELL"
"message.1actions.FRONT-DOOR-FCN.2170.01"	"You can't seem to damage the door."	"You can't seem to damage the door."	"source"	"原文表示"	"1actions.zil"	"2170"	"FRONT-DOOR-FCN"	"TELL"
"message.1actions.FRONT-DOOR-FCN.2172.01"	"It won't open."	"It won't open."	"source"	"原文表示"	"1actions.zil"	"2172"	"FRONT-DOOR-FCN"	"TELL"
"message.1actions.BODY-FUNCTION.2180.01"	"A force keeps you from taking the bodies."	"A force keeps you from taking the bodies."	"source"	"原文表示"	"1actions.zil"	"2180"	"BODY-FUNCTION"	"TELL"
"message.1actions.BODY-FUNCTION.2183.01"	"The voice of the guardian of the dungeon booms out from the darkness,\n""Your disrespect costs you your life!"" and places your head on a sharp\npole."	"The voice of the guardian of the dungeon booms out from the darkness,\n""Your disrespect costs you your life!"" and places your head on a sharp\npole."	"source"	"原文表示"	"1actions.zil"	"2183"	"BODY-FUNCTION"	"JIGS-UP"
"message.1actions.BLACK-BOOK.2189.01"	"The book is already open to page 569."	"The book is already open to page 569."	"source"	"原文表示"	"1actions.zil"	"2189"	"BLACK-BOOK"	"TELL"
"message.1actions.BLACK-BOOK.2191.01"	"As hard as you try, the book cannot be closed."	"As hard as you try, the book cannot be closed."	"source"	"原文表示"	"1actions.zil"	"2191"	"BLACK-BOOK"	"TELL"
"message.1actions.BLACK-BOOK.2197.01"	"Beside page 569, there is only one other page with any legible printing on\nit. Most of it is unreadable, but the subject seems to be the banishment of\nevil. Apparently, certain noises, lights, and prayers are efficacious in this\nregard."	"Beside page 569, there is only one other page with any legible printing on\nit. Most of it is unreadable, but the subject seems to be the banishment of\nevil. Apparently, certain noises, lights, and prayers are efficacious in this\nregard."	"source"	"原文表示"	"1actions.zil"	"2197"	"BLACK-BOOK"	"TELL"
"message.1actions.BLACK-BOOK.2204.01"	"A booming voice says ""Wrong, cretin!"" and you notice that you have\nturned into a pile of dust. How, I can't imagine."	"A booming voice says ""Wrong, cretin!"" and you notice that you have\nturned into a pile of dust. How, I can't imagine."	"source"	"原文表示"	"1actions.zil"	"2204"	"BLACK-BOOK"	"JIGS-UP"
"message.1actions.PAINTING-FCN.2211.01"	"There is a worthless piece of canvas here."	"There is a worthless piece of canvas here."	"source"	"原文表示"	"1actions.zil"	"2211"	"PAINTING-FCN"	"PUTP"
"message.1actions.PAINTING-FCN.2213.01"	"Congratulations! Unlike the other vandals, who merely stole the\nartist's masterpieces, you have destroyed one."	"Congratulations! Unlike the other vandals, who merely stole the\nartist's masterpieces, you have destroyed one."	"source"	"原文表示"	"1actions.zil"	"2213"	"PAINTING-FCN"	"TELL"
"message.1actions.LAMP-TABLE.2223.01"	"The lamp appears a bit dimmer."	"The lamp appears a bit dimmer."	"source"	"原文表示"	"1actions.zil"	"2223"	"LAMP-TABLE"	"TABLE"
"message.1actions.LAMP-TABLE.2225.01"	"The lamp is definitely dimmer now."	"The lamp is definitely dimmer now."	"source"	"原文表示"	"1actions.zil"	"2225"	"LAMP-TABLE"	"TABLE"
"message.1actions.LAMP-TABLE.2227.01"	"The lamp is nearly out."	"The lamp is nearly out."	"source"	"原文表示"	"1actions.zil"	"2227"	"LAMP-TABLE"	"TABLE"
"message.1actions.LANTERN.2233.01"	"The lamp has smashed into the floor, and the light has gone out."	"The lamp has smashed into the floor, and the light has gone out."	"source"	"原文表示"	"1actions.zil"	"2233"	"LANTERN"	"TELL"
"message.1actions.LANTERN.2239.01"	"A burned-out lamp won't light."	"A burned-out lamp won't light."	"source"	"原文表示"	"1actions.zil"	"2239"	"LANTERN"	"TELL"
"message.1actions.LANTERN.2245.01"	"The lamp has already burned out."	"The lamp has already burned out."	"source"	"原文表示"	"1actions.zil"	"2245"	"LANTERN"	"TELL"
"message.1actions.LANTERN.2250.01"	"The lamp "	"The lamp "	"source"	"原文表示"	"1actions.zil"	"2250"	"LANTERN"	"TELL"
"message.1actions.LANTERN.2252.01"	"has burned out."	"has burned out."	"source"	"原文表示"	"1actions.zil"	"2252"	"LANTERN"	"TELL"
"message.1actions.LANTERN.2254.01"	"is on."	"is on."	"source"	"原文表示"	"1actions.zil"	"2254"	"LANTERN"	"TELL"
"message.1actions.LANTERN.2256.01"	"is turned off."	"is turned off."	"source"	"原文表示"	"1actions.zil"	"2256"	"LANTERN"	"TELL"
"message.1actions.MAILBOX-F.2261.01"	"It is securely anchored."	"It is securely anchored."	"source"	"原文表示"	"1actions.zil"	"2261"	"MAILBOX-F"	"TELL"
"message.1actions.MATCH-FUNCTION.2271.01"	"I'm afraid that you have run out of matches."	"I'm afraid that you have run out of matches."	"source"	"原文表示"	"1actions.zil"	"2271"	"MATCH-FUNCTION"	"TELL"
"message.1actions.MATCH-FUNCTION.2274.01"	"This room is drafty, and the match goes out instantly."	"This room is drafty, and the match goes out instantly."	"source"	"原文表示"	"1actions.zil"	"2274"	"MATCH-FUNCTION"	"TELL"
"message.1actions.MATCH-FUNCTION.2279.01"	"One of the matches starts to burn."	"One of the matches starts to burn."	"source"	"原文表示"	"1actions.zil"	"2279"	"MATCH-FUNCTION"	"TELL"
"message.1actions.MATCH-FUNCTION.2285.01"	"The match is out."	"The match is out."	"source"	"原文表示"	"1actions.zil"	"2285"	"MATCH-FUNCTION"	"TELL"
"message.1actions.MATCH-FUNCTION.2289.01"	"It's pitch black in here!"	"It's pitch black in here!"	"source"	"原文表示"	"1actions.zil"	"2289"	"MATCH-FUNCTION"	"TELL"
"message.1actions.MATCH-FUNCTION.2293.01"	"You have "	"You have "	"source"	"原文表示"	"1actions.zil"	"2293"	"MATCH-FUNCTION"	"TELL"
"message.1actions.MATCH-FUNCTION.2295.01"	"no"	"no"	"source"	"原文表示"	"1actions.zil"	"2295"	"MATCH-FUNCTION"	"TELL"
"message.1actions.MATCH-FUNCTION.2297.01"	" match"	" match"	"source"	"原文表示"	"1actions.zil"	"2297"	"MATCH-FUNCTION"	"TELL"
"message.1actions.MATCH-FUNCTION.2298.01"	"es."	"es."	"source"	"原文表示"	"1actions.zil"	"2298"	"MATCH-FUNCTION"	"TELL"
"message.1actions.MATCH-FUNCTION.2298.02"	"."	"."	"source"	"原文表示"	"1actions.zil"	"2298"	"MATCH-FUNCTION"	"TELL"
"message.1actions.MATCH-FUNCTION.2302.01"	"The match is burning."	"The match is burning."	"source"	"原文表示"	"1actions.zil"	"2302"	"MATCH-FUNCTION"	"TELL"
"message.1actions.MATCH-FUNCTION.2305.01"	"The matchbook isn't very interesting, except for what's written on it."	"The matchbook isn't very interesting, except for what's written on it."	"source"	"原文表示"	"1actions.zil"	"2305"	"MATCH-FUNCTION"	"TELL"
"message.1actions.I-MATCH.2309.01"	"The match has gone out."	"The match has gone out."	"source"	"原文表示"	"1actions.zil"	"2309"	"I-MATCH"	"TELL"
"message.1actions.LIGHT-INT.2335.01"	"You'd better have more light than from the "	"You'd better have more light than from the "	"source"	"原文表示"	"1actions.zil"	"2335"	"LIGHT-INT"	"TELL"
"message.1actions.LIGHT-INT.2335.02"	"."	"."	"source"	"原文表示"	"1actions.zil"	"2335"	"LIGHT-INT"	"TELL"
"message.1actions.CANDLES-FCN.2351.01"	"Alas, there's not much left of the candles. Certainly not enough to\nburn."	"Alas, there's not much left of the candles. Certainly not enough to\nburn."	"source"	"原文表示"	"1actions.zil"	"2351"	"CANDLES-FCN"	"TELL"
"message.1actions.CANDLES-FCN.2355.01"	"(with the match)"	"(with the match)"	"source"	"原文表示"	"1actions.zil"	"2355"	"CANDLES-FCN"	"TELL"
"message.1actions.CANDLES-FCN.2360.01"	"You should say what to light them with."	"You should say what to light them with."	"source"	"原文表示"	"1actions.zil"	"2360"	"CANDLES-FCN"	"TELL"
"message.1actions.CANDLES-FCN.2364.01"	"The candles are "	"The candles are "	"source"	"原文表示"	"1actions.zil"	"2364"	"CANDLES-FCN"	"TELL"
"message.1actions.CANDLES-FCN.2366.01"	"already lit."	"already lit."	"source"	"原文表示"	"1actions.zil"	"2366"	"CANDLES-FCN"	"TELL"
"message.1actions.CANDLES-FCN.2369.01"	"lit."	"lit."	"source"	"原文表示"	"1actions.zil"	"2369"	"CANDLES-FCN"	"TELL"
"message.1actions.CANDLES-FCN.2374.01"	"You realize, just in time, that the candles are already lighted."	"You realize, just in time, that the candles are already lighted."	"source"	"原文表示"	"1actions.zil"	"2374"	"CANDLES-FCN"	"TELL"
"message.1actions.CANDLES-FCN.2377.01"	"The heat from the torch is so intense that the candles are vaporized."	"The heat from the torch is so intense that the candles are vaporized."	"source"	"原文表示"	"1actions.zil"	"2377"	"CANDLES-FCN"	"TELL"
"message.1actions.CANDLES-FCN.2381.01"	"You have to light them with something that's burning, you know."	"You have to light them with something that's burning, you know."	"source"	"原文表示"	"1actions.zil"	"2381"	"CANDLES-FCN"	"TELL"
"message.1actions.CANDLES-FCN.2384.01"	"Let's see, how many objects in a pair? Don't tell me, I'll get it."	"Let's see, how many objects in a pair? Don't tell me, I'll get it."	"source"	"原文表示"	"1actions.zil"	"2384"	"CANDLES-FCN"	"TELL"
"message.1actions.CANDLES-FCN.2388.01"	"The flame is extinguished."	"The flame is extinguished."	"source"	"原文表示"	"1actions.zil"	"2388"	"CANDLES-FCN"	"TELL"
"message.1actions.CANDLES-FCN.2393.01"	" It's really dark in here...."	" It's really dark in here...."	"source"	"原文表示"	"1actions.zil"	"2393"	"CANDLES-FCN"	"TELL"
"message.1actions.CANDLES-FCN.2396.01"	"The candles are not lighted."	"The candles are not lighted."	"source"	"原文表示"	"1actions.zil"	"2396"	"CANDLES-FCN"	"TELL"
"message.1actions.CANDLES-FCN.2398.01"	"That wouldn't be smart."	"That wouldn't be smart."	"source"	"原文表示"	"1actions.zil"	"2398"	"CANDLES-FCN"	"TELL"
"message.1actions.CANDLES-FCN.2400.01"	"The candles are "	"The candles are "	"source"	"原文表示"	"1actions.zil"	"2400"	"CANDLES-FCN"	"TELL"
"message.1actions.CANDLES-FCN.2402.01"	"burning."	"burning."	"source"	"原文表示"	"1actions.zil"	"2402"	"CANDLES-FCN"	"TELL"
"message.1actions.CANDLES-FCN.2403.01"	"out."	"out."	"source"	"原文表示"	"1actions.zil"	"2403"	"CANDLES-FCN"	"TELL"
"message.1actions.CANDLE-TABLE.2409.01"	"The candles grow shorter."	"The candles grow shorter."	"source"	"原文表示"	"1actions.zil"	"2409"	"CANDLE-TABLE"	"TABLE"
"message.1actions.CANDLE-TABLE.2411.01"	"The candles are becoming quite short."	"The candles are becoming quite short."	"source"	"原文表示"	"1actions.zil"	"2411"	"CANDLE-TABLE"	"TABLE"
"message.1actions.CANDLE-TABLE.2413.01"	"The candles won't last long now."	"The candles won't last long now."	"source"	"原文表示"	"1actions.zil"	"2413"	"CANDLE-TABLE"	"TABLE"
"message.1actions.CAVE2-ROOM.2424.01"	"A gust of wind blows out your candles!"	"A gust of wind blows out your candles!"	"source"	"原文表示"	"1actions.zil"	"2424"	"CAVE2-ROOM"	"TELL"
"message.1actions.CAVE2-ROOM.2426.01"	"It is now completely dark."	"It is now completely dark."	"source"	"原文表示"	"1actions.zil"	"2426"	"CAVE2-ROOM"	"TELL"
"message.1actions.SWORD-FCN.2439.01"	"Your sword is glowing with a faint blue glow."	"Your sword is glowing with a faint blue glow."	"source"	"原文表示"	"1actions.zil"	"2439"	"SWORD-FCN"	"TELL"
"message.1actions.SWORD-FCN.2442.01"	"Your sword is glowing very brightly."	"Your sword is glowing very brightly."	"source"	"原文表示"	"1actions.zil"	"2442"	"SWORD-FCN"	"TELL"
"message.1actions.BOOM-ROOM.2460.01"	"How sad for an aspiring adventurer to light a "	"How sad for an aspiring adventurer to light a "	"source"	"原文表示"	"1actions.zil"	"2460"	"BOOM-ROOM"	"TELL"
"message.1actions.BOOM-ROOM.2460.02"	" in a room which\nreeks of gas. Fortunately, there is justice in the world."	" in a room which\nreeks of gas. Fortunately, there is justice in the world."	"source"	"原文表示"	"1actions.zil"	"2460"	"BOOM-ROOM"	"TELL"
"message.1actions.BOOM-ROOM.2464.01"	"Oh dear. It appears that the smell coming from this room was coal gas.\nI would have thought twice about carrying flaming objects in here."	"Oh dear. It appears that the smell coming from this room was coal gas.\nI would have thought twice about carrying flaming objects in here."	"source"	"原文表示"	"1actions.zil"	"2464"	"BOOM-ROOM"	"TELL"
"message.1actions.BOOM-ROOM.2466.01"	"|\n      ** BOOOOOOOOOOOM **"	"|\n      ** BOOOOOOOOOOOM **"	"source"	"原文表示"	"1actions.zil"	"2466"	"BOOM-ROOM"	"JIGS-UP"
"message.1actions.BAT-D.2472.01"	"In the corner of the room on the ceiling is a large vampire bat who\nis obviously deranged and holding his nose."	"In the corner of the room on the ceiling is a large vampire bat who\nis obviously deranged and holding his nose."	"source"	"原文表示"	"1actions.zil"	"2472"	"BAT-D"	"TELL"
"message.1actions.BAT-D.2476.01"	"A large vampire bat, hanging from the ceiling, swoops down at you!"	"A large vampire bat, hanging from the ceiling, swoops down at you!"	"source"	"原文表示"	"1actions.zil"	"2476"	"BAT-D"	"TELL"
"message.1actions.BATS-ROOM.2481.01"	"You are in a small room which has doors only to the east and south."	"You are in a small room which has doors only to the east and south."	"source"	"原文表示"	"1actions.zil"	"2481"	"BATS-ROOM"	"TELL"
"message.1actions.MACHINE-ROOM-FCN.2491.01"	"This is a large, cold room whose sole exit is to the north. In one\ncorner there is a machine which is reminiscent of a clothes\ndryer. On its face is a switch which is labelled ""START"".\nThe switch does not appear to be manipulable by any human hand (unless the\nfingers are about 1/16 by 1/4 inch). On the front of the machine is a large\nlid, which is "	"This is a large, cold room whose sole exit is to the north. In one\ncorner there is a machine which is reminiscent of a clothes\ndryer. On its face is a switch which is labelled ""START"".\nThe switch does not appear to be manipulable by any human hand (unless the\nfingers are about 1/16 by 1/4 inch). On the front of the machine is a large\nlid, which is "	"source"	"原文表示"	"1actions.zil"	"2491"	"MACHINE-ROOM-FCN"	"TELL"
"message.1actions.MACHINE-ROOM-FCN.2498.01"	"open."	"open."	"source"	"原文表示"	"1actions.zil"	"2498"	"MACHINE-ROOM-FCN"	"TELL"
"message.1actions.MACHINE-ROOM-FCN.2499.01"	"closed."	"closed."	"source"	"原文表示"	"1actions.zil"	"2499"	"MACHINE-ROOM-FCN"	"TELL"
"message.1actions.MACHINE-F.2504.01"	"It is far too large to carry."	"It is far too large to carry."	"source"	"原文表示"	"1actions.zil"	"2504"	"MACHINE-F"	"TELL"
"message.1actions.MACHINE-F.2509.01"	"The lid opens, revealing "	"The lid opens, revealing "	"source"	"原文表示"	"1actions.zil"	"2509"	"MACHINE-F"	"TELL"
"message.1actions.MACHINE-F.2511.01"	"."	"."	"source"	"原文表示"	"1actions.zil"	"2511"	"MACHINE-F"	"TELL"
"message.1actions.MACHINE-F.2514.01"	"The lid opens."	"The lid opens."	"source"	"原文表示"	"1actions.zil"	"2514"	"MACHINE-F"	"TELL"
"message.1actions.MACHINE-F.2518.01"	"The lid closes."	"The lid closes."	"source"	"原文表示"	"1actions.zil"	"2518"	"MACHINE-F"	"TELL"
"message.1actions.MACHINE-F.2526.01"	"It's not clear how to turn it on with your bare hands."	"It's not clear how to turn it on with your bare hands."	"source"	"原文表示"	"1actions.zil"	"2526"	"MACHINE-F"	"TELL"
"message.1actions.MSWITCH-FUNCTION.2536.01"	"The machine doesn't seem to want to do anything."	"The machine doesn't seem to want to do anything."	"source"	"原文表示"	"1actions.zil"	"2536"	"MSWITCH-FUNCTION"	"TELL"
"message.1actions.MSWITCH-FUNCTION.2538.01"	"The machine comes to life (figuratively) with a dazzling display of\ncolored lights and bizarre noises. After a few moments, the\nexcitement abates."	"The machine comes to life (figuratively) with a dazzling display of\ncolored lights and bizarre noises. After a few moments, the\nexcitement abates."	"source"	"原文表示"	"1actions.zil"	"2538"	"MSWITCH-FUNCTION"	"TELL"
"message.1actions.MSWITCH-FUNCTION.2551.01"	"It seems that a "	"It seems that a "	"source"	"原文表示"	"1actions.zil"	"2551"	"MSWITCH-FUNCTION"	"TELL"
"message.1actions.MSWITCH-FUNCTION.2551.02"	" won't do."	" won't do."	"source"	"原文表示"	"1actions.zil"	"2551"	"MSWITCH-FUNCTION"	"TELL"
"message.1actions.GUNK-FUNCTION.2556.01"	"The slag was rather insubstantial, and crumbles into dust at your touch."	"The slag was rather insubstantial, and crumbles into dust at your touch."	"source"	"原文表示"	"1actions.zil"	"2556"	"GUNK-FUNCTION"	"TELL"
"message.1actions.SCEPTRE-FUNCTION.2599.01"	"Suddenly, the rainbow appears to become solid and, I venture,\nwalkable (I think the giveaway was the stairs and bannister)."	"Suddenly, the rainbow appears to become solid and, I venture,\nwalkable (I think the giveaway was the stairs and bannister)."	"source"	"原文表示"	"1actions.zil"	"2599"	"SCEPTRE-FUNCTION"	"TELL"
"message.1actions.SCEPTRE-FUNCTION.2604.01"	"A shimmering pot of gold appears at the end of the rainbow."	"A shimmering pot of gold appears at the end of the rainbow."	"source"	"原文表示"	"1actions.zil"	"2604"	"SCEPTRE-FUNCTION"	"TELL"
"message.1actions.SCEPTRE-FUNCTION.2609.01"	"The rainbow seems to have become somewhat run-of-the-mill."	"The rainbow seems to have become somewhat run-of-the-mill."	"source"	"原文表示"	"1actions.zil"	"2609"	"SCEPTRE-FUNCTION"	"TELL"
"message.1actions.SCEPTRE-FUNCTION.2615.01"	"The structural integrity of the rainbow is severely compromised,\nleaving you hanging in midair, supported only by water vapor. Bye."	"The structural integrity of the rainbow is severely compromised,\nleaving you hanging in midair, supported only by water vapor. Bye."	"source"	"原文表示"	"1actions.zil"	"2615"	"SCEPTRE-FUNCTION"	"JIGS-UP"
"message.1actions.SCEPTRE-FUNCTION.2619.01"	"A dazzling display of color briefly emanates from the sceptre."	"A dazzling display of color briefly emanates from the sceptre."	"source"	"原文表示"	"1actions.zil"	"2619"	"SCEPTRE-FUNCTION"	"TELL"
"message.1actions.FALLS-ROOM.2624.01"	"You are at the top of Aragain Falls, an enormous waterfall with a\ndrop of about 450 feet. The only path here is on the north end."	"You are at the top of Aragain Falls, an enormous waterfall with a\ndrop of about 450 feet. The only path here is on the north end."	"source"	"原文表示"	"1actions.zil"	"2624"	"FALLS-ROOM"	"TELL"
"message.1actions.FALLS-ROOM.2628.01"	"A solid rainbow spans the falls."	"A solid rainbow spans the falls."	"source"	"原文表示"	"1actions.zil"	"2628"	"FALLS-ROOM"	"TELL"
"message.1actions.FALLS-ROOM.2631.01"	"A beautiful rainbow can be seen over the falls and to the west."	"A beautiful rainbow can be seen over the falls and to the west."	"source"	"原文表示"	"1actions.zil"	"2631"	"FALLS-ROOM"	"TELL"
"message.1actions.RAINBOW-FCN.2637.01"	"From here?!?"	"From here?!?"	"source"	"原文表示"	"1actions.zil"	"2637"	"RAINBOW-FCN"	"TELL"
"message.1actions.RAINBOW-FCN.2645.01"	"You'll have to say which way..."	"You'll have to say which way..."	"source"	"原文表示"	"1actions.zil"	"2645"	"RAINBOW-FCN"	"TELL"
"message.1actions.RAINBOW-FCN.2647.01"	"Can you walk on water vapor?"	"Can you walk on water vapor?"	"source"	"原文表示"	"1actions.zil"	"2647"	"RAINBOW-FCN"	"TELL"
"message.1actions.RAINBOW-FCN.2650.01"	"The Frigid River flows under the rainbow."	"The Frigid River flows under the rainbow."	"source"	"原文表示"	"1actions.zil"	"2650"	"RAINBOW-FCN"	"TELL"
"message.1actions.DBOAT-FUNCTION.2658.01"	"No chance. Some moron punctured it."	"No chance. Some moron punctured it."	"source"	"原文表示"	"1actions.zil"	"2658"	"DBOAT-FUNCTION"	"TELL"
"message.1actions.FIX-BOAT.2665.01"	"Well done. The boat is repaired."	"Well done. The boat is repaired."	"source"	"原文表示"	"1actions.zil"	"2665"	"FIX-BOAT"	"TELL"
"message.1actions.RIVER-FUNCTION.2674.01"	"You splash around for a while, fighting the current, then you drown."	"You splash around for a while, fighting the current, then you drown."	"source"	"原文表示"	"1actions.zil"	"2674"	"RIVER-FUNCTION"	"JIGS-UP"
"message.1actions.RIVER-FUNCTION.2677.01"	"You should get in the boat then launch it."	"You should get in the boat then launch it."	"source"	"原文表示"	"1actions.zil"	"2677"	"RIVER-FUNCTION"	"TELL"
"message.1actions.RIVER-FUNCTION.2681.01"	"The "	"The "	"source"	"原文表示"	"1actions.zil"	"2681"	"RIVER-FUNCTION"	"TELL"
"message.1actions.RIVER-FUNCTION.2681.02"	" floats for a moment, then sinks."	" floats for a moment, then sinks."	"source"	"原文表示"	"1actions.zil"	"2681"	"RIVER-FUNCTION"	"TELL"
"message.1actions.RIVER-FUNCTION.2685.01"	"The "	"The "	"source"	"原文表示"	"1actions.zil"	"2685"	"RIVER-FUNCTION"	"TELL"
"message.1actions.RIVER-FUNCTION.2685.02"	" splashes into the water and is gone forever."	" splashes into the water and is gone forever."	"source"	"原文表示"	"1actions.zil"	"2685"	"RIVER-FUNCTION"	"TELL"
"message.1actions.RIVER-FUNCTION.2688.01"	"A look before leaping reveals that the river is wide and dangerous,\nwith swift currents and large, half-hidden rocks. You decide to forgo your\nswim."	"A look before leaping reveals that the river is wide and dangerous,\nwith swift currents and large, half-hidden rocks. You decide to forgo your\nswim."	"source"	"原文表示"	"1actions.zil"	"2688"	"RIVER-FUNCTION"	"TELL"
"message.1actions.I-RIVER.2713.01"	"The flow of the river carries you downstream."	"The flow of the river carries you downstream."	"source"	"原文表示"	"1actions.zil"	"2713"	"I-RIVER"	"TELL"
"message.1actions.I-RIVER.2718.01"	"Unfortunately, the magic boat doesn't provide protection from\nthe rocks and boulders one meets at the bottom of waterfalls.\nIncluding this one."	"Unfortunately, the magic boat doesn't provide protection from\nthe rocks and boulders one meets at the bottom of waterfalls.\nIncluding this one."	"source"	"原文表示"	"1actions.zil"	"2718"	"I-RIVER"	"JIGS-UP"
"message.1actions.RBOAT-FUNCTION.2736.01"	"Read the label for the boat's instructions."	"Read the label for the boat's instructions."	"source"	"原文表示"	"1actions.zil"	"2736"	"RBOAT-FUNCTION"	"TELL"
"message.1actions.RBOAT-FUNCTION.2742.01"	"You are on the "	"You are on the "	"source"	"原文表示"	"1actions.zil"	"2742"	"RBOAT-FUNCTION"	"TELL"
"message.1actions.RBOAT-FUNCTION.2744.01"	"reservoir"	"reservoir"	"source"	"原文表示"	"1actions.zil"	"2744"	"RBOAT-FUNCTION"	"TELL"
"message.1actions.RBOAT-FUNCTION.2746.01"	"stream"	"stream"	"source"	"原文表示"	"1actions.zil"	"2746"	"RBOAT-FUNCTION"	"TELL"
"message.1actions.RBOAT-FUNCTION.2747.01"	"river"	"river"	"source"	"原文表示"	"1actions.zil"	"2747"	"RBOAT-FUNCTION"	"TELL"
"message.1actions.RBOAT-FUNCTION.2748.01"	", or have you forgotten?"	", or have you forgotten?"	"source"	"原文表示"	"1actions.zil"	"2748"	"RBOAT-FUNCTION"	"TELL"
"message.1actions.RBOAT-FUNCTION.2753.01"	"You can't launch it here."	"You can't launch it here."	"source"	"原文表示"	"1actions.zil"	"2753"	"RBOAT-FUNCTION"	"TELL"
"message.1actions.RBOAT-FUNCTION.2768.01"	"It seems that the "	"It seems that the "	"source"	"原文表示"	"1actions.zil"	"2768"	"RBOAT-FUNCTION"	"TELL"
"message.1actions.RBOAT-FUNCTION.2771.01"	" didn't agree with the boat, as evidenced\nby the loud hissing noise issuing therefrom. With a pathetic sputter, the\nboat deflates, leaving you without."	" didn't agree with the boat, as evidenced\nby the loud hissing noise issuing therefrom. With a pathetic sputter, the\nboat deflates, leaving you without."	"source"	"原文表示"	"1actions.zil"	"2771"	"RBOAT-FUNCTION"	"TELL"
"message.1actions.RBOAT-FUNCTION.2778.01"	"Another pathetic sputter, this time from you, heralds your drowning."	"Another pathetic sputter, this time from you, heralds your drowning."	"source"	"原文表示"	"1actions.zil"	"2778"	"RBOAT-FUNCTION"	"JIGS-UP"
"message.1actions.RBOAT-FUNCTION.2781.01"	"In other words, fighting the fierce currents of the Frigid River. You\nmanage to hold your own for a bit, but then you are carried over a\nwaterfall and into some nasty rocks. Ouch!"	"In other words, fighting the fierce currents of the Frigid River. You\nmanage to hold your own for a bit, but then you are carried over a\nwaterfall and into some nasty rocks. Ouch!"	"source"	"原文表示"	"1actions.zil"	"2781"	"RBOAT-FUNCTION"	"JIGS-UP"
"message.1actions.RBOAT-FUNCTION.2786.01"	"You're not in the boat!"	"You're not in the boat!"	"source"	"原文表示"	"1actions.zil"	"2786"	"RBOAT-FUNCTION"	"TELL"
"message.1actions.RBOAT-FUNCTION.2795.01"	"Oops! Something sharp seems to have slipped and punctured the boat.\nThe boat deflates to the sounds of hissing, sputtering, and cursing."	"Oops! Something sharp seems to have slipped and punctured the boat.\nThe boat deflates to the sounds of hissing, sputtering, and cursing."	"source"	"原文表示"	"1actions.zil"	"2795"	"RBOAT-FUNCTION"	"TELL"
"message.1actions.RBOAT-FUNCTION.2802.01"	"Inflating it further would probably burst it."	"Inflating it further would probably burst it."	"source"	"原文表示"	"1actions.zil"	"2802"	"RBOAT-FUNCTION"	"TELL"
"message.1actions.RBOAT-FUNCTION.2806.01"	"You can't deflate the boat while you're in it."	"You can't deflate the boat while you're in it."	"source"	"原文表示"	"1actions.zil"	"2806"	"RBOAT-FUNCTION"	"TELL"
"message.1actions.RBOAT-FUNCTION.2809.01"	"The boat must be on the ground to be deflated."	"The boat must be on the ground to be deflated."	"source"	"原文表示"	"1actions.zil"	"2809"	"RBOAT-FUNCTION"	"TELL"
"message.1actions.RBOAT-FUNCTION.2811.01"	"The boat deflates."	"The boat deflates."	"source"	"原文表示"	"1actions.zil"	"2811"	"RBOAT-FUNCTION"	"TELL"
"message.1actions.IBOAT-FUNCTION.2824.01"	"The boat must be on the ground to be inflated."	"The boat must be on the ground to be inflated."	"source"	"原文表示"	"1actions.zil"	"2824"	"IBOAT-FUNCTION"	"TELL"
"message.1actions.IBOAT-FUNCTION.2827.01"	"The boat inflates and appears seaworthy."	"The boat inflates and appears seaworthy."	"source"	"原文表示"	"1actions.zil"	"2827"	"IBOAT-FUNCTION"	"TELL"
"message.1actions.IBOAT-FUNCTION.2830.01"	"A tan label is lying inside the boat."	"A tan label is lying inside the boat."	"source"	"原文表示"	"1actions.zil"	"2830"	"IBOAT-FUNCTION"	"TELL"
"message.1actions.IBOAT-FUNCTION.2837.01"	"You don't have enough lung power to inflate it."	"You don't have enough lung power to inflate it."	"source"	"原文表示"	"1actions.zil"	"2837"	"IBOAT-FUNCTION"	"TELL"
"message.1actions.IBOAT-FUNCTION.2840.01"	"With a "	"With a "	"source"	"原文表示"	"1actions.zil"	"2840"	"IBOAT-FUNCTION"	"TELL"
"message.1actions.IBOAT-FUNCTION.2840.02"	"? Surely you jest!"	"? Surely you jest!"	"source"	"原文表示"	"1actions.zil"	"2840"	"IBOAT-FUNCTION"	"TELL"
"message.1actions.RIVR4-ROOM.2848.01"	"You notice something funny about the feel of the buoy."	"You notice something funny about the feel of the buoy."	"source"	"原文表示"	"1actions.zil"	"2848"	"RIVR4-ROOM"	"TELL"
"message.1actions.SAND-FUNCTION.2861.01"	"The hole collapses, smothering you."	"The hole collapses, smothering you."	"source"	"原文表示"	"1actions.zil"	"2861"	"SAND-FUNCTION"	"JIGS-UP"
"message.1actions.SAND-FUNCTION.2865.01"	"You can see a scarab here in the sand."	"You can see a scarab here in the sand."	"source"	"原文表示"	"1actions.zil"	"2865"	"SAND-FUNCTION"	"TELL"
"message.1actions.BDIGS.2872.01"	"You seem to be digging a hole here."	"You seem to be digging a hole here."	"source"	"原文表示"	"1actions.zil"	"2872"	"BDIGS"	"TABLE"
"message.1actions.BDIGS.2873.01"	"The hole is getting deeper, but that's about it."	"The hole is getting deeper, but that's about it."	"source"	"原文表示"	"1actions.zil"	"2873"	"BDIGS"	"TABLE"
"message.1actions.BDIGS.2874.01"	"You are surrounded by a wall of sand on all sides."	"You are surrounded by a wall of sand on all sides."	"source"	"原文表示"	"1actions.zil"	"2874"	"BDIGS"	"TABLE"
"message.1actions.TREE-ROOM.2883.01"	"You are about 10 feet above the ground nestled among some large\nbranches. The nearest branch above you is above your reach."	"You are about 10 feet above the ground nestled among some large\nbranches. The nearest branch above you is above your reach."	"source"	"原文表示"	"1actions.zil"	"2883"	"TREE-ROOM"	"TELL"
"message.1actions.TREE-ROOM.2887.01"	"On the ground below you can see:  "	"On the ground below you can see:  "	"source"	"原文表示"	"1actions.zil"	"2887"	"TREE-ROOM"	"TELL"
"message.1actions.TREE-ROOM.2889.01"	"."	"."	"source"	"原文表示"	"1actions.zil"	"2889"	"TREE-ROOM"	"TELL"
"message.1actions.TREE-ROOM.2900.01"	"The nest falls to the ground, and the egg spills out of it, seriously\ndamaged."	"The nest falls to the ground, and the egg spills out of it, seriously\ndamaged."	"source"	"原文表示"	"1actions.zil"	"2900"	"TREE-ROOM"	"TELL"
"message.1actions.TREE-ROOM.2906.01"	"The egg falls to the ground and springs open, seriously damaged."	"The egg falls to the ground and springs open, seriously damaged."	"source"	"原文表示"	"1actions.zil"	"2906"	"TREE-ROOM"	"TELL"
"message.1actions.TREE-ROOM.2913.01"	"The "	"The "	"source"	"原文表示"	"1actions.zil"	"2913"	"TREE-ROOM"	"TELL"
"message.1actions.TREE-ROOM.2913.02"	" falls to the ground."	" falls to the ground."	"source"	"原文表示"	"1actions.zil"	"2913"	"TREE-ROOM"	"TELL"
"message.1actions.TREE-ROOM.2916.01"	"That was just a bit too far down."	"That was just a bit too far down."	"source"	"原文表示"	"1actions.zil"	"2916"	"TREE-ROOM"	"JIGS-UP"
"message.1actions.EGG-OBJECT.2922.01"	"The egg is already open."	"The egg is already open."	"source"	"原文表示"	"1actions.zil"	"2922"	"EGG-OBJECT"	"TELL"
"message.1actions.EGG-OBJECT.2924.01"	"You have neither the tools nor the expertise."	"You have neither the tools nor the expertise."	"source"	"原文表示"	"1actions.zil"	"2924"	"EGG-OBJECT"	"TELL"
"message.1actions.EGG-OBJECT.2927.01"	"I doubt you could do that without damaging it."	"I doubt you could do that without damaging it."	"source"	"原文表示"	"1actions.zil"	"2927"	"EGG-OBJECT"	"TELL"
"message.1actions.EGG-OBJECT.2933.01"	"The egg is now open, but the clumsiness of your attempt has seriously\ncompromised its esthetic appeal."	"The egg is now open, but the clumsiness of your attempt has seriously\ncompromised its esthetic appeal."	"source"	"原文表示"	"1actions.zil"	"2933"	"EGG-OBJECT"	"TELL"
"message.1actions.EGG-OBJECT.2938.01"	"Not to say that using the "	"Not to say that using the "	"source"	"原文表示"	"1actions.zil"	"2938"	"EGG-OBJECT"	"TELL"
"message.1actions.EGG-OBJECT.2940.01"	" isn't original too..."	" isn't original too..."	"source"	"原文表示"	"1actions.zil"	"2940"	"EGG-OBJECT"	"TELL"
"message.1actions.EGG-OBJECT.2942.01"	"The concept of using a "	"The concept of using a "	"source"	"原文表示"	"1actions.zil"	"2942"	"EGG-OBJECT"	"TELL"
"message.1actions.EGG-OBJECT.2944.01"	" is certainly original."	" is certainly original."	"source"	"原文表示"	"1actions.zil"	"2944"	"EGG-OBJECT"	"TELL"
"message.1actions.EGG-OBJECT.2948.01"	"There is a noticeable crunch from beneath you, and inspection reveals\nthat the egg is lying open, badly damaged."	"There is a noticeable crunch from beneath you, and inspection reveals\nthat the egg is lying open, badly damaged."	"source"	"原文表示"	"1actions.zil"	"2948"	"EGG-OBJECT"	"TELL"
"message.1actions.EGG-OBJECT.2955.01"	"Your rather indelicate handling of the egg has caused it some damage,\nalthough you have succeeded in opening it."	"Your rather indelicate handling of the egg has caused it some damage,\nalthough you have succeeded in opening it."	"source"	"原文表示"	"1actions.zil"	"2955"	"EGG-OBJECT"	"TELL"
"message.1actions.BAD-EGG.2962.01"	" "	" "	"source"	"原文表示"	"1actions.zil"	"2962"	"BAD-EGG"	"TELL"
"message.1actions.CANARY-OBJECT.2975.01"	"The canary chirps, slightly off-key, an aria from a forgotten opera.\nFrom out of the greenery flies a lovely songbird. It perches on a\nlimb just over your head and opens its beak to sing. As it does so\na beautiful brass bauble drops from its mouth, bounces off the top of\nyour head, and lands glimmering in the grass. As the canary winds\ndown, the songbird flies away."	"The canary chirps, slightly off-key, an aria from a forgotten opera.\nFrom out of the greenery flies a lovely songbird. It perches on a\nlimb just over your head and opens its beak to sing. As it does so\na beautiful brass bauble drops from its mouth, bounces off the top of\nyour head, and lands glimmering in the grass. As the canary winds\ndown, the songbird flies away."	"source"	"原文表示"	"1actions.zil"	"2975"	"CANARY-OBJECT"	"TELL"
"message.1actions.CANARY-OBJECT.2987.01"	"The canary chirps blithely, if somewhat tinnily, for a short time."	"The canary chirps blithely, if somewhat tinnily, for a short time."	"source"	"原文表示"	"1actions.zil"	"2987"	"CANARY-OBJECT"	"TELL"
"message.1actions.CANARY-OBJECT.2990.01"	"There is an unpleasant grinding noise from inside the canary."	"There is an unpleasant grinding noise from inside the canary."	"source"	"原文表示"	"1actions.zil"	"2990"	"CANARY-OBJECT"	"TELL"
"message.1actions.I-FOREST-ROOM.3002.01"	"You hear in the distance the chirping of a song bird."	"You hear in the distance the chirping of a song bird."	"source"	"原文表示"	"1actions.zil"	"3002"	"I-FOREST-ROOM"	"TELL"
"message.1actions.WCLIF-OBJECT.3013.01"	"The cliff is too steep for climbing."	"The cliff is too steep for climbing."	"source"	"原文表示"	"1actions.zil"	"3013"	"WCLIF-OBJECT"	"TELL"
"message.1actions.CLIFF-OBJECT.3019.01"	"That would be very unwise. Perhaps even fatal."	"That would be very unwise. Perhaps even fatal."	"source"	"原文表示"	"1actions.zil"	"3019"	"CLIFF-OBJECT"	"TELL"
"message.1actions.CLIFF-OBJECT.3023.01"	"The "	"The "	"source"	"原文表示"	"1actions.zil"	"3023"	"CLIFF-OBJECT"	"TELL"
"message.1actions.CLIFF-OBJECT.3023.02"	" tumbles into the river and is seen no more."	" tumbles into the river and is seen no more."	"source"	"原文表示"	"1actions.zil"	"3023"	"CLIFF-OBJECT"	"TELL"
"message.1actions.ROPE-FUNCTION.3034.01"	"You can't tie the rope to that."	"You can't tie the rope to that."	"source"	"原文表示"	"1actions.zil"	"3034"	"ROPE-FUNCTION"	"TELL"
"message.1actions.ROPE-FUNCTION.3039.01"	"The rope is already tied to it."	"The rope is already tied to it."	"source"	"原文表示"	"1actions.zil"	"3039"	"ROPE-FUNCTION"	"TELL"
"message.1actions.ROPE-FUNCTION.3042.01"	"The rope drops over the side and comes within ten feet of the floor."	"The rope drops over the side and comes within ten feet of the floor."	"source"	"原文表示"	"1actions.zil"	"3042"	"ROPE-FUNCTION"	"TELL"
"message.1actions.ROPE-FUNCTION.3057.01"	"Your attempt to tie up the "	"Your attempt to tie up the "	"source"	"原文表示"	"1actions.zil"	"3057"	"ROPE-FUNCTION"	"TELL"
"message.1actions.ROPE-FUNCTION.3057.02"	" awakens him."	" awakens him."	"source"	"原文表示"	"1actions.zil"	"3057"	"ROPE-FUNCTION"	"TELL"
"message.1actions.ROPE-FUNCTION.3061.01"	"The "	"The "	"source"	"原文表示"	"1actions.zil"	"3061"	"ROPE-FUNCTION"	"TELL"
"message.1actions.ROPE-FUNCTION.3061.02"	" struggles and you cannot tie him up."	" struggles and you cannot tie him up."	"source"	"原文表示"	"1actions.zil"	"3061"	"ROPE-FUNCTION"	"TELL"
"message.1actions.ROPE-FUNCTION.3063.01"	"Why would you tie up a "	"Why would you tie up a "	"source"	"原文表示"	"1actions.zil"	"3063"	"ROPE-FUNCTION"	"TELL"
"message.1actions.ROPE-FUNCTION.3063.02"	"?"	"?"	"source"	"原文表示"	"1actions.zil"	"3063"	"ROPE-FUNCTION"	"TELL"
"message.1actions.ROPE-FUNCTION.3068.01"	"The rope is now untied."	"The rope is now untied."	"source"	"原文表示"	"1actions.zil"	"3068"	"ROPE-FUNCTION"	"TELL"
"message.1actions.ROPE-FUNCTION.3070.01"	"It is not tied to anything."	"It is not tied to anything."	"source"	"原文表示"	"1actions.zil"	"3070"	"ROPE-FUNCTION"	"TELL"
"message.1actions.ROPE-FUNCTION.3075.01"	"The rope drops gently to the floor below."	"The rope drops gently to the floor below."	"source"	"原文表示"	"1actions.zil"	"3075"	"ROPE-FUNCTION"	"TELL"
"message.1actions.ROPE-FUNCTION.3078.01"	"The rope is tied to the railing."	"The rope is tied to the railing."	"source"	"原文表示"	"1actions.zil"	"3078"	"ROPE-FUNCTION"	"TELL"
"message.1actions.UNTIE-FROM.3084.01"	"It's not attached to that!"	"It's not attached to that!"	"source"	"原文表示"	"1actions.zil"	"3084"	"UNTIE-FROM"	"TELL"
"message.1actions.SLIDE-FUNCTION.3093.01"	"You tumble down the slide...."	"You tumble down the slide...."	"source"	"原文表示"	"1actions.zil"	"3093"	"SLIDE-FUNCTION"	"TELL"
"message.1actions.SLIDER.3100.01"	"The "	"The "	"source"	"原文表示"	"1actions.zil"	"3100"	"SLIDER"	"TELL"
"message.1actions.SLIDER.3100.02"	" falls into the slide and is gone."	" falls into the slide and is gone."	"source"	"原文表示"	"1actions.zil"	"3100"	"SLIDER"	"TELL"
"message.1actions.SANDWICH-BAG-FCN.3109.01"	"It smells of hot peppers."	"It smells of hot peppers."	"source"	"原文表示"	"1actions.zil"	"3109"	"SANDWICH-BAG-FCN"	"TELL"
"message.1actions.DEAD-FUNCTION.3117.01"	"You cannot enter in your condition."	"You cannot enter in your condition."	"source"	"原文表示"	"1actions.zil"	"3117"	"DEAD-FUNCTION"	"TELL"
"message.1actions.DEAD-FUNCTION.3122.01"	"All such attacks are vain in your condition."	"All such attacks are vain in your condition."	"source"	"原文表示"	"1actions.zil"	"3122"	"DEAD-FUNCTION"	"TELL"
"message.1actions.DEAD-FUNCTION.3127.01"	"Even such an action is beyond your capabilities."	"Even such an action is beyond your capabilities."	"source"	"原文表示"	"1actions.zil"	"3127"	"DEAD-FUNCTION"	"TELL"
"message.1actions.DEAD-FUNCTION.3129.01"	"Might as well. You've got an eternity."	"Might as well. You've got an eternity."	"source"	"原文表示"	"1actions.zil"	"3129"	"DEAD-FUNCTION"	"TELL"
"message.1actions.DEAD-FUNCTION.3131.01"	"You need no light to guide you."	"You need no light to guide you."	"source"	"原文表示"	"1actions.zil"	"3131"	"DEAD-FUNCTION"	"TELL"
"message.1actions.DEAD-FUNCTION.3133.01"	"You're dead! How can you think of your score?"	"You're dead! How can you think of your score?"	"source"	"原文表示"	"1actions.zil"	"3133"	"DEAD-FUNCTION"	"TELL"
"message.1actions.DEAD-FUNCTION.3135.01"	"Your hand passes through its object."	"Your hand passes through its object."	"source"	"原文表示"	"1actions.zil"	"3135"	"DEAD-FUNCTION"	"TELL"
"message.1actions.DEAD-FUNCTION.3137.01"	"You have no possessions."	"You have no possessions."	"source"	"原文表示"	"1actions.zil"	"3137"	"DEAD-FUNCTION"	"TELL"
"message.1actions.DEAD-FUNCTION.3139.01"	"You are dead."	"You are dead."	"source"	"原文表示"	"1actions.zil"	"3139"	"DEAD-FUNCTION"	"TELL"
"message.1actions.DEAD-FUNCTION.3141.01"	"The room looks strange and unearthly"	"The room looks strange and unearthly"	"source"	"原文表示"	"1actions.zil"	"3141"	"DEAD-FUNCTION"	"TELL"
"message.1actions.DEAD-FUNCTION.3143.01"	"."	"."	"source"	"原文表示"	"1actions.zil"	"3143"	"DEAD-FUNCTION"	"TELL"
"message.1actions.DEAD-FUNCTION.3145.01"	" and objects appear indistinct."	" and objects appear indistinct."	"source"	"原文表示"	"1actions.zil"	"3145"	"DEAD-FUNCTION"	"TELL"
"message.1actions.DEAD-FUNCTION.3149.01"	"Although there is no light, the room seems dimly illuminated."	"Although there is no light, the room seems dimly illuminated."	"source"	"原文表示"	"1actions.zil"	"3149"	"DEAD-FUNCTION"	"TELL"
"message.1actions.DEAD-FUNCTION.3162.01"	"From the distance the sound of a lone trumpet is heard. The room\nbecomes very bright and you feel disembodied. In a moment, the\nbrightness fades and you find yourself rising as if from a long\nsleep, deep in the woods. In the distance you can faintly hear a\nsongbird and the sounds of the forest."	"From the distance the sound of a lone trumpet is heard. The room\nbecomes very bright and you feel disembodied. In a moment, the\nbrightness fades and you find yourself rising as if from a long\nsleep, deep in the woods. In the distance you can faintly hear a\nsongbird and the sounds of the forest."	"source"	"原文表示"	"1actions.zil"	"3162"	"DEAD-FUNCTION"	"TELL"
"message.1actions.DEAD-FUNCTION.3169.01"	"Your prayers are not heard."	"Your prayers are not heard."	"source"	"原文表示"	"1actions.zil"	"3169"	"DEAD-FUNCTION"	"TELL"
"message.1actions.DEAD-FUNCTION.3171.01"	"You can't even do that."	"You can't even do that."	"source"	"原文表示"	"1actions.zil"	"3171"	"DEAD-FUNCTION"	"TELL"
"message.1actions.LAKE-PSEUDO.3179.01"	"There's not much lake left...."	"There's not much lake left...."	"source"	"原文表示"	"1actions.zil"	"3179"	"LAKE-PSEUDO"	"TELL"
"message.1actions.LAKE-PSEUDO.3181.01"	"It's too wide to cross."	"It's too wide to cross."	"source"	"原文表示"	"1actions.zil"	"3181"	"LAKE-PSEUDO"	"TELL"
"message.1actions.LAKE-PSEUDO.3183.01"	"You can't swim in this lake."	"You can't swim in this lake."	"source"	"原文表示"	"1actions.zil"	"3183"	"LAKE-PSEUDO"	"TELL"
"message.1actions.STREAM-PSEUDO.3187.01"	"You can't swim in the stream."	"You can't swim in the stream."	"source"	"原文表示"	"1actions.zil"	"3187"	"STREAM-PSEUDO"	"TELL"
"message.1actions.STREAM-PSEUDO.3189.01"	"The other side is a sheer rock cliff."	"The other side is a sheer rock cliff."	"source"	"原文表示"	"1actions.zil"	"3189"	"STREAM-PSEUDO"	"TELL"
"message.1actions.CHASM-PSEUDO.3195.01"	"You look before leaping, and realize that you would never survive."	"You look before leaping, and realize that you would never survive."	"source"	"原文表示"	"1actions.zil"	"3195"	"CHASM-PSEUDO"	"TELL"
"message.1actions.CHASM-PSEUDO.3197.01"	"It's too far to jump, and there's no bridge."	"It's too far to jump, and there's no bridge."	"source"	"原文表示"	"1actions.zil"	"3197"	"CHASM-PSEUDO"	"TELL"
"message.1actions.CHASM-PSEUDO.3200.01"	"The "	"The "	"source"	"原文表示"	"1actions.zil"	"3200"	"CHASM-PSEUDO"	"TELL"
"message.1actions.CHASM-PSEUDO.3200.02"	" drops out of sight into the chasm."	" drops out of sight into the chasm."	"source"	"原文表示"	"1actions.zil"	"3200"	"CHASM-PSEUDO"	"TELL"
"message.1actions.DOME-PSEUDO.3205.01"	"No."	"No."	"source"	"原文表示"	"1actions.zil"	"3205"	"DOME-PSEUDO"	"TELL"
"message.1actions.GATE-PSEUDO.3213.01"	"The gate is protected by an invisible force. It makes your\nteeth ache to touch it."	"The gate is protected by an invisible force. It makes your\nteeth ache to touch it."	"source"	"原文表示"	"1actions.zil"	"3213"	"GATE-PSEUDO"	"TELL"
"message.1actions.DOOR-PSEUDO.3218.01"	"The door won't budge."	"The door won't budge."	"source"	"原文表示"	"1actions.zil"	"3218"	"DOOR-PSEUDO"	"TELL"
"message.1actions.PAINT-PSEUDO.3224.01"	"Some paint chips away, revealing more paint."	"Some paint chips away, revealing more paint."	"source"	"原文表示"	"1actions.zil"	"3224"	"PAINT-PSEUDO"	"TELL"
"message.1actions.GAS-PSEUDO.3228.01"	"There is too much gas to blow away."	"There is too much gas to blow away."	"source"	"原文表示"	"1actions.zil"	"3228"	"GAS-PSEUDO"	"TELL"
"message.1actions.GAS-PSEUDO.3230.01"	"It smells like coal gas in here."	"It smells like coal gas in here."	"source"	"原文表示"	"1actions.zil"	"3230"	"GAS-PSEUDO"	"TELL"
"message.1actions.VILLAIN-BLOW.3419.01"	"The "	"The "	"source"	"原文表示"	"1actions.zil"	"3419"	"VILLAIN-BLOW"	"TELL"
"message.1actions.VILLAIN-BLOW.3420.01"	" slowly regains his feet."	" slowly regains his feet."	"source"	"原文表示"	"1actions.zil"	"3420"	"VILLAIN-BLOW"	"TELL"
"message.1actions.VILLAIN-BLOW.3473.01"	"Fortunately, you still have a "	"Fortunately, you still have a "	"source"	"原文表示"	"1actions.zil"	"3473"	"VILLAIN-BLOW"	"TELL"
"message.1actions.VILLAIN-BLOW.3473.02"	"."	"."	"source"	"原文表示"	"1actions.zil"	"3473"	"VILLAIN-BLOW"	"TELL"
"message.1actions.HERO-BLOW.3487.01"	"You are still recovering from that last blow, so your attack is\nineffective."	"You are still recovering from that last blow, so your attack is\nineffective."	"source"	"原文表示"	"1actions.zil"	"3487"	"HERO-BLOW"	"TELL"
"message.1actions.HERO-BLOW.3498.01"	"Well, you really did it that time. Is suicide painless?"	"Well, you really did it that time. Is suicide painless?"	"source"	"原文表示"	"1actions.zil"	"3498"	"HERO-BLOW"	"JIGS-UP"
"message.1actions.HERO-BLOW.3499.01"	"Attacking the "	"Attacking the "	"source"	"原文表示"	"1actions.zil"	"3499"	"HERO-BLOW"	"TELL"
"message.1actions.HERO-BLOW.3499.02"	" is pointless."	" is pointless."	"source"	"原文表示"	"1actions.zil"	"3499"	"HERO-BLOW"	"TELL"
"message.1actions.HERO-BLOW.3503.01"	"The "	"The "	"source"	"原文表示"	"1actions.zil"	"3503"	"HERO-BLOW"	"TELL"
"message.1actions.HERO-BLOW.3504.01"	"unconscious"	"unconscious"	"source"	"原文表示"	"1actions.zil"	"3504"	"HERO-BLOW"	"TELL"
"message.1actions.HERO-BLOW.3505.01"	"unarmed"	"unarmed"	"source"	"原文表示"	"1actions.zil"	"3505"	"HERO-BLOW"	"TELL"
"message.1actions.HERO-BLOW.3506.01"	" "	" "	"source"	"原文表示"	"1actions.zil"	"3506"	"HERO-BLOW"	"TELL"
"message.1actions.HERO-BLOW.3507.01"	" cannot defend himself: He dies."	" cannot defend himself: He dies."	"source"	"原文表示"	"1actions.zil"	"3507"	"HERO-BLOW"	"TELL"
"message.1actions.WINNER-RESULT.3561.01"	"It appears that that last blow was too much for you. I'm afraid you\nare dead."	"It appears that that last blow was too much for you. I'm afraid you\nare dead."	"source"	"原文表示"	"1actions.zil"	"3561"	"WINNER-RESULT"	"JIGS-UP"
"message.1actions.VILLAIN-RESULT.3571.01"	"Almost as soon as the "	"Almost as soon as the "	"source"	"原文表示"	"1actions.zil"	"3571"	"VILLAIN-RESULT"	"TELL"
"message.1actions.VILLAIN-RESULT.3571.02"	" breathes his last breath, a cloud\nof sinister black fog envelops him, and when the fog lifts, the\ncarcass has disappeared."	" breathes his last breath, a cloud\nof sinister black fog envelops him, and when the fog lifts, the\ncarcass has disappeared."	"source"	"原文表示"	"1actions.zil"	"3571"	"VILLAIN-RESULT"	"TELL"
"message.1actions.HERO-MELEE.3614.01"	"Your "	"Your "	"source"	"原文表示"	"1actions.zil"	"3614"	"HERO-MELEE"	"LTABLE"
"message.1actions.HERO-MELEE.3614.02"	" misses the "	" misses the "	"source"	"原文表示"	"1actions.zil"	"3614"	"HERO-MELEE"	"LTABLE"
"message.1actions.HERO-MELEE.3614.03"	" by an inch."	" by an inch."	"source"	"原文表示"	"1actions.zil"	"3614"	"HERO-MELEE"	"LTABLE"
"message.1actions.HERO-MELEE.3615.01"	"A good slash, but it misses the "	"A good slash, but it misses the "	"source"	"原文表示"	"1actions.zil"	"3615"	"HERO-MELEE"	"LTABLE"
"message.1actions.HERO-MELEE.3615.02"	" by a mile."	" by a mile."	"source"	"原文表示"	"1actions.zil"	"3615"	"HERO-MELEE"	"LTABLE"
"message.1actions.HERO-MELEE.3616.01"	"You charge, but the "	"You charge, but the "	"source"	"原文表示"	"1actions.zil"	"3616"	"HERO-MELEE"	"LTABLE"
"message.1actions.HERO-MELEE.3616.02"	" jumps nimbly aside."	" jumps nimbly aside."	"source"	"原文表示"	"1actions.zil"	"3616"	"HERO-MELEE"	"LTABLE"
"message.1actions.HERO-MELEE.3617.01"	"Clang! Crash! The "	"Clang! Crash! The "	"source"	"原文表示"	"1actions.zil"	"3617"	"HERO-MELEE"	"LTABLE"
"message.1actions.HERO-MELEE.3617.02"	" parries."	" parries."	"source"	"原文表示"	"1actions.zil"	"3617"	"HERO-MELEE"	"LTABLE"
"message.1actions.HERO-MELEE.3618.01"	"A quick stroke, but the "	"A quick stroke, but the "	"source"	"原文表示"	"1actions.zil"	"3618"	"HERO-MELEE"	"LTABLE"
"message.1actions.HERO-MELEE.3618.02"	" is on guard."	" is on guard."	"source"	"原文表示"	"1actions.zil"	"3618"	"HERO-MELEE"	"LTABLE"
"message.1actions.HERO-MELEE.3619.01"	"A good stroke, but it's too slow; the "	"A good stroke, but it's too slow; the "	"source"	"原文表示"	"1actions.zil"	"3619"	"HERO-MELEE"	"LTABLE"
"message.1actions.HERO-MELEE.3619.02"	" dodges."	" dodges."	"source"	"原文表示"	"1actions.zil"	"3619"	"HERO-MELEE"	"LTABLE"
"message.1actions.HERO-MELEE.3621.01"	"Your "	"Your "	"source"	"原文表示"	"1actions.zil"	"3621"	"HERO-MELEE"	"LTABLE"
"message.1actions.HERO-MELEE.3621.02"	" crashes down, knocking the "	" crashes down, knocking the "	"source"	"原文表示"	"1actions.zil"	"3621"	"HERO-MELEE"	"LTABLE"
"message.1actions.HERO-MELEE.3621.03"	" into dreamland."	" into dreamland."	"source"	"原文表示"	"1actions.zil"	"3621"	"HERO-MELEE"	"LTABLE"
"message.1actions.HERO-MELEE.3622.01"	"The "	"The "	"source"	"原文表示"	"1actions.zil"	"3622"	"HERO-MELEE"	"LTABLE"
"message.1actions.HERO-MELEE.3622.02"	" is battered into unconsciousness."	" is battered into unconsciousness."	"source"	"原文表示"	"1actions.zil"	"3622"	"HERO-MELEE"	"LTABLE"
"message.1actions.HERO-MELEE.3623.01"	"A furious exchange, and the "	"A furious exchange, and the "	"source"	"原文表示"	"1actions.zil"	"3623"	"HERO-MELEE"	"LTABLE"
"message.1actions.HERO-MELEE.3623.02"	" is knocked out!"	" is knocked out!"	"source"	"原文表示"	"1actions.zil"	"3623"	"HERO-MELEE"	"LTABLE"
"message.1actions.HERO-MELEE.3624.01"	"The haft of your "	"The haft of your "	"source"	"原文表示"	"1actions.zil"	"3624"	"HERO-MELEE"	"LTABLE"
"message.1actions.HERO-MELEE.3624.02"	" knocks out the "	" knocks out the "	"source"	"原文表示"	"1actions.zil"	"3624"	"HERO-MELEE"	"LTABLE"
"message.1actions.HERO-MELEE.3624.03"	"."	"."	"source"	"原文表示"	"1actions.zil"	"3624"	"HERO-MELEE"	"LTABLE"
"message.1actions.HERO-MELEE.3625.01"	"The "	"The "	"source"	"原文表示"	"1actions.zil"	"3625"	"HERO-MELEE"	"LTABLE"
"message.1actions.HERO-MELEE.3625.02"	" is knocked out!"	" is knocked out!"	"source"	"原文表示"	"1actions.zil"	"3625"	"HERO-MELEE"	"LTABLE"
"message.1actions.HERO-MELEE.3627.01"	"It's curtains for the "	"It's curtains for the "	"source"	"原文表示"	"1actions.zil"	"3627"	"HERO-MELEE"	"LTABLE"
"message.1actions.HERO-MELEE.3627.02"	" as your "	" as your "	"source"	"原文表示"	"1actions.zil"	"3627"	"HERO-MELEE"	"LTABLE"
"message.1actions.HERO-MELEE.3627.03"	" removes his head."	" removes his head."	"source"	"原文表示"	"1actions.zil"	"3627"	"HERO-MELEE"	"LTABLE"
"message.1actions.HERO-MELEE.3628.01"	"The fatal blow strikes the "	"The fatal blow strikes the "	"source"	"原文表示"	"1actions.zil"	"3628"	"HERO-MELEE"	"LTABLE"
"message.1actions.HERO-MELEE.3628.02"	" square in the heart: He dies."	" square in the heart: He dies."	"source"	"原文表示"	"1actions.zil"	"3628"	"HERO-MELEE"	"LTABLE"
"message.1actions.HERO-MELEE.3629.01"	"The "	"The "	"source"	"原文表示"	"1actions.zil"	"3629"	"HERO-MELEE"	"LTABLE"
"message.1actions.HERO-MELEE.3629.02"	" takes a fatal blow and slumps to the floor dead."	" takes a fatal blow and slumps to the floor dead."	"source"	"原文表示"	"1actions.zil"	"3629"	"HERO-MELEE"	"LTABLE"
"message.1actions.HERO-MELEE.3631.01"	"The "	"The "	"source"	"原文表示"	"1actions.zil"	"3631"	"HERO-MELEE"	"LTABLE"
"message.1actions.HERO-MELEE.3631.02"	" is struck on the arm; blood begins to trickle down."	" is struck on the arm; blood begins to trickle down."	"source"	"原文表示"	"1actions.zil"	"3631"	"HERO-MELEE"	"LTABLE"
"message.1actions.HERO-MELEE.3632.01"	"Your "	"Your "	"source"	"原文表示"	"1actions.zil"	"3632"	"HERO-MELEE"	"LTABLE"
"message.1actions.HERO-MELEE.3632.02"	" pinks the "	" pinks the "	"source"	"原文表示"	"1actions.zil"	"3632"	"HERO-MELEE"	"LTABLE"
"message.1actions.HERO-MELEE.3632.03"	" on the wrist, but it's not serious."	" on the wrist, but it's not serious."	"source"	"原文表示"	"1actions.zil"	"3632"	"HERO-MELEE"	"LTABLE"
"message.1actions.HERO-MELEE.3633.01"	"Your stroke lands, but it was only the flat of the blade."	"Your stroke lands, but it was only the flat of the blade."	"source"	"原文表示"	"1actions.zil"	"3633"	"HERO-MELEE"	"LTABLE"
"message.1actions.HERO-MELEE.3634.01"	"The blow lands, making a shallow gash in the "	"The blow lands, making a shallow gash in the "	"source"	"原文表示"	"1actions.zil"	"3634"	"HERO-MELEE"	"LTABLE"
"message.1actions.HERO-MELEE.3634.02"	"'s arm!"	"'s arm!"	"source"	"原文表示"	"1actions.zil"	"3634"	"HERO-MELEE"	"LTABLE"
"message.1actions.HERO-MELEE.3636.01"	"The "	"The "	"source"	"原文表示"	"1actions.zil"	"3636"	"HERO-MELEE"	"LTABLE"
"message.1actions.HERO-MELEE.3636.02"	" receives a deep gash in his side."	" receives a deep gash in his side."	"source"	"原文表示"	"1actions.zil"	"3636"	"HERO-MELEE"	"LTABLE"
"message.1actions.HERO-MELEE.3637.01"	"A savage blow on the thigh! The "	"A savage blow on the thigh! The "	"source"	"原文表示"	"1actions.zil"	"3637"	"HERO-MELEE"	"LTABLE"
"message.1actions.HERO-MELEE.3637.02"	" is stunned but can still fight!"	" is stunned but can still fight!"	"source"	"原文表示"	"1actions.zil"	"3637"	"HERO-MELEE"	"LTABLE"
"message.1actions.HERO-MELEE.3638.01"	"Slash! Your blow lands! That one hit an artery, it could be serious!"	"Slash! Your blow lands! That one hit an artery, it could be serious!"	"source"	"原文表示"	"1actions.zil"	"3638"	"HERO-MELEE"	"LTABLE"
"message.1actions.HERO-MELEE.3639.01"	"Slash! Your stroke connects! This could be serious!"	"Slash! Your stroke connects! This could be serious!"	"source"	"原文表示"	"1actions.zil"	"3639"	"HERO-MELEE"	"LTABLE"
"message.1actions.HERO-MELEE.3641.01"	"The "	"The "	"source"	"原文表示"	"1actions.zil"	"3641"	"HERO-MELEE"	"LTABLE"
"message.1actions.HERO-MELEE.3641.02"	" is staggered, and drops to his knees."	" is staggered, and drops to his knees."	"source"	"原文表示"	"1actions.zil"	"3641"	"HERO-MELEE"	"LTABLE"
"message.1actions.HERO-MELEE.3642.01"	"The "	"The "	"source"	"原文表示"	"1actions.zil"	"3642"	"HERO-MELEE"	"LTABLE"
"message.1actions.HERO-MELEE.3642.02"	" is momentarily disoriented and can't fight back."	" is momentarily disoriented and can't fight back."	"source"	"原文表示"	"1actions.zil"	"3642"	"HERO-MELEE"	"LTABLE"
"message.1actions.HERO-MELEE.3643.01"	"The force of your blow knocks the "	"The force of your blow knocks the "	"source"	"原文表示"	"1actions.zil"	"3643"	"HERO-MELEE"	"LTABLE"
"message.1actions.HERO-MELEE.3643.02"	" back, stunned."	" back, stunned."	"source"	"原文表示"	"1actions.zil"	"3643"	"HERO-MELEE"	"LTABLE"
"message.1actions.HERO-MELEE.3644.01"	"The "	"The "	"source"	"原文表示"	"1actions.zil"	"3644"	"HERO-MELEE"	"LTABLE"
"message.1actions.HERO-MELEE.3644.02"	" is confused and can't fight back."	" is confused and can't fight back."	"source"	"原文表示"	"1actions.zil"	"3644"	"HERO-MELEE"	"LTABLE"
"message.1actions.HERO-MELEE.3645.01"	"The quickness of your thrust knocks the "	"The quickness of your thrust knocks the "	"source"	"原文表示"	"1actions.zil"	"3645"	"HERO-MELEE"	"LTABLE"
"message.1actions.HERO-MELEE.3645.02"	" back, stunned."	" back, stunned."	"source"	"原文表示"	"1actions.zil"	"3645"	"HERO-MELEE"	"LTABLE"
"message.1actions.HERO-MELEE.3647.01"	"The "	"The "	"source"	"原文表示"	"1actions.zil"	"3647"	"HERO-MELEE"	"LTABLE"
"message.1actions.HERO-MELEE.3647.02"	"'s weapon is knocked to the floor, leaving him unarmed."	"'s weapon is knocked to the floor, leaving him unarmed."	"source"	"原文表示"	"1actions.zil"	"3647"	"HERO-MELEE"	"LTABLE"
"message.1actions.HERO-MELEE.3648.01"	"The "	"The "	"source"	"原文表示"	"1actions.zil"	"3648"	"HERO-MELEE"	"LTABLE"
"message.1actions.HERO-MELEE.3648.02"	" is disarmed by a subtle feint past his guard."	" is disarmed by a subtle feint past his guard."	"source"	"原文表示"	"1actions.zil"	"3648"	"HERO-MELEE"	"LTABLE"
"message.1actions.CYCLOPS-MELEE.3657.01"	"The Cyclops misses, but the backwash almost knocks you over."	"The Cyclops misses, but the backwash almost knocks you over."	"source"	"原文表示"	"1actions.zil"	"3657"	"CYCLOPS-MELEE"	"LTABLE"
"message.1actions.CYCLOPS-MELEE.3658.01"	"The Cyclops rushes you, but runs into the wall."	"The Cyclops rushes you, but runs into the wall."	"source"	"原文表示"	"1actions.zil"	"3658"	"CYCLOPS-MELEE"	"LTABLE"
"message.1actions.CYCLOPS-MELEE.3660.01"	"The Cyclops sends you crashing to the floor, unconscious."	"The Cyclops sends you crashing to the floor, unconscious."	"source"	"原文表示"	"1actions.zil"	"3660"	"CYCLOPS-MELEE"	"LTABLE"
"message.1actions.CYCLOPS-MELEE.3662.01"	"The Cyclops breaks your neck with a massive smash."	"The Cyclops breaks your neck with a massive smash."	"source"	"原文表示"	"1actions.zil"	"3662"	"CYCLOPS-MELEE"	"LTABLE"
"message.1actions.CYCLOPS-MELEE.3664.01"	"A quick punch, but it was only a glancing blow."	"A quick punch, but it was only a glancing blow."	"source"	"原文表示"	"1actions.zil"	"3664"	"CYCLOPS-MELEE"	"LTABLE"
"message.1actions.CYCLOPS-MELEE.3665.01"	"A glancing blow from the Cyclops' fist."	"A glancing blow from the Cyclops' fist."	"source"	"原文表示"	"1actions.zil"	"3665"	"CYCLOPS-MELEE"	"LTABLE"
"message.1actions.CYCLOPS-MELEE.3667.01"	"The monster smashes his huge fist into your chest, breaking several\nribs."	"The monster smashes his huge fist into your chest, breaking several\nribs."	"source"	"原文表示"	"1actions.zil"	"3667"	"CYCLOPS-MELEE"	"LTABLE"
"message.1actions.CYCLOPS-MELEE.3669.01"	"The Cyclops almost knocks the wind out of you with a quick punch."	"The Cyclops almost knocks the wind out of you with a quick punch."	"source"	"原文表示"	"1actions.zil"	"3669"	"CYCLOPS-MELEE"	"LTABLE"
"message.1actions.CYCLOPS-MELEE.3671.01"	"The Cyclops lands a punch that knocks the wind out of you."	"The Cyclops lands a punch that knocks the wind out of you."	"source"	"原文表示"	"1actions.zil"	"3671"	"CYCLOPS-MELEE"	"LTABLE"
"message.1actions.CYCLOPS-MELEE.3672.01"	"Heedless of your weapons, the Cyclops tosses you against the rock\nwall of the room."	"Heedless of your weapons, the Cyclops tosses you against the rock\nwall of the room."	"source"	"原文表示"	"1actions.zil"	"3672"	"CYCLOPS-MELEE"	"LTABLE"
"message.1actions.CYCLOPS-MELEE.3675.01"	"The Cyclops grabs your "	"The Cyclops grabs your "	"source"	"原文表示"	"1actions.zil"	"3675"	"CYCLOPS-MELEE"	"LTABLE"
"message.1actions.CYCLOPS-MELEE.3675.02"	", tastes it, and throws it to the\nground in disgust."	", tastes it, and throws it to the\nground in disgust."	"source"	"原文表示"	"1actions.zil"	"3675"	"CYCLOPS-MELEE"	"LTABLE"
"message.1actions.CYCLOPS-MELEE.3677.01"	"The monster grabs you on the wrist, squeezes, and you drop your\n"	"The monster grabs you on the wrist, squeezes, and you drop your\n"	"source"	"原文表示"	"1actions.zil"	"3677"	"CYCLOPS-MELEE"	"LTABLE"
"message.1actions.CYCLOPS-MELEE.3678.01"	" in pain."	" in pain."	"source"	"原文表示"	"1actions.zil"	"3678"	"CYCLOPS-MELEE"	"LTABLE"
"message.1actions.CYCLOPS-MELEE.3680.01"	"The Cyclops seems unable to decide whether to broil or stew his\ndinner."	"The Cyclops seems unable to decide whether to broil or stew his\ndinner."	"source"	"原文表示"	"1actions.zil"	"3680"	"CYCLOPS-MELEE"	"LTABLE"
"message.1actions.CYCLOPS-MELEE.3683.01"	"The Cyclops, no sportsman, dispatches his unconscious victim."	"The Cyclops, no sportsman, dispatches his unconscious victim."	"source"	"原文表示"	"1actions.zil"	"3683"	"CYCLOPS-MELEE"	"LTABLE"
"message.1actions.TROLL-MELEE.3692.01"	"The troll swings his axe, but it misses."	"The troll swings his axe, but it misses."	"source"	"原文表示"	"1actions.zil"	"3692"	"TROLL-MELEE"	"LTABLE"
"message.1actions.TROLL-MELEE.3693.01"	"The troll's axe barely misses your ear."	"The troll's axe barely misses your ear."	"source"	"原文表示"	"1actions.zil"	"3693"	"TROLL-MELEE"	"LTABLE"
"message.1actions.TROLL-MELEE.3694.01"	"The axe sweeps past as you jump aside."	"The axe sweeps past as you jump aside."	"source"	"原文表示"	"1actions.zil"	"3694"	"TROLL-MELEE"	"LTABLE"
"message.1actions.TROLL-MELEE.3695.01"	"The axe crashes against the rock, throwing sparks!"	"The axe crashes against the rock, throwing sparks!"	"source"	"原文表示"	"1actions.zil"	"3695"	"TROLL-MELEE"	"LTABLE"
"message.1actions.TROLL-MELEE.3697.01"	"The flat of the troll's axe hits you delicately on the head, knocking\nyou out."	"The flat of the troll's axe hits you delicately on the head, knocking\nyou out."	"source"	"原文表示"	"1actions.zil"	"3697"	"TROLL-MELEE"	"LTABLE"
"message.1actions.TROLL-MELEE.3700.01"	"The troll neatly removes your head."	"The troll neatly removes your head."	"source"	"原文表示"	"1actions.zil"	"3700"	"TROLL-MELEE"	"LTABLE"
"message.1actions.TROLL-MELEE.3701.01"	"The troll's axe stroke cleaves you from the nave to the chops."	"The troll's axe stroke cleaves you from the nave to the chops."	"source"	"原文表示"	"1actions.zil"	"3701"	"TROLL-MELEE"	"LTABLE"
"message.1actions.TROLL-MELEE.3702.01"	"The troll's axe removes your head."	"The troll's axe removes your head."	"source"	"原文表示"	"1actions.zil"	"3702"	"TROLL-MELEE"	"LTABLE"
"message.1actions.TROLL-MELEE.3704.01"	"The axe gets you right in the side. Ouch!"	"The axe gets you right in the side. Ouch!"	"source"	"原文表示"	"1actions.zil"	"3704"	"TROLL-MELEE"	"LTABLE"
"message.1actions.TROLL-MELEE.3705.01"	"The flat of the troll's axe skins across your forearm."	"The flat of the troll's axe skins across your forearm."	"source"	"原文表示"	"1actions.zil"	"3705"	"TROLL-MELEE"	"LTABLE"
"message.1actions.TROLL-MELEE.3706.01"	"The troll's swing almost knocks you over as you barely parry\nin time."	"The troll's swing almost knocks you over as you barely parry\nin time."	"source"	"原文表示"	"1actions.zil"	"3706"	"TROLL-MELEE"	"LTABLE"
"message.1actions.TROLL-MELEE.3708.01"	"The troll swings his axe, and it nicks your arm as you dodge."	"The troll swings his axe, and it nicks your arm as you dodge."	"source"	"原文表示"	"1actions.zil"	"3708"	"TROLL-MELEE"	"LTABLE"
"message.1actions.TROLL-MELEE.3710.01"	"The troll charges, and his axe slashes you on your "	"The troll charges, and his axe slashes you on your "	"source"	"原文表示"	"1actions.zil"	"3710"	"TROLL-MELEE"	"LTABLE"
"message.1actions.TROLL-MELEE.3710.02"	" arm."	" arm."	"source"	"原文表示"	"1actions.zil"	"3710"	"TROLL-MELEE"	"LTABLE"
"message.1actions.TROLL-MELEE.3711.01"	"An axe stroke makes a deep wound in your leg."	"An axe stroke makes a deep wound in your leg."	"source"	"原文表示"	"1actions.zil"	"3711"	"TROLL-MELEE"	"LTABLE"
"message.1actions.TROLL-MELEE.3712.01"	"The troll's axe swings down, gashing your shoulder."	"The troll's axe swings down, gashing your shoulder."	"source"	"原文表示"	"1actions.zil"	"3712"	"TROLL-MELEE"	"LTABLE"
"message.1actions.TROLL-MELEE.3714.01"	"The troll hits you with a glancing blow, and you are momentarily\nstunned."	"The troll hits you with a glancing blow, and you are momentarily\nstunned."	"source"	"原文表示"	"1actions.zil"	"3714"	"TROLL-MELEE"	"LTABLE"
"message.1actions.TROLL-MELEE.3716.01"	"The troll swings; the blade turns on your armor but crashes\nbroadside into your head."	"The troll swings; the blade turns on your armor but crashes\nbroadside into your head."	"source"	"原文表示"	"1actions.zil"	"3716"	"TROLL-MELEE"	"LTABLE"
"message.1actions.TROLL-MELEE.3718.01"	"You stagger back under a hail of axe strokes."	"You stagger back under a hail of axe strokes."	"source"	"原文表示"	"1actions.zil"	"3718"	"TROLL-MELEE"	"LTABLE"
"message.1actions.TROLL-MELEE.3719.01"	"The troll's mighty blow drops you to your knees."	"The troll's mighty blow drops you to your knees."	"source"	"原文表示"	"1actions.zil"	"3719"	"TROLL-MELEE"	"LTABLE"
"message.1actions.TROLL-MELEE.3721.01"	"The axe hits your "	"The axe hits your "	"source"	"原文表示"	"1actions.zil"	"3721"	"TROLL-MELEE"	"LTABLE"
"message.1actions.TROLL-MELEE.3721.02"	" and knocks it spinning."	" and knocks it spinning."	"source"	"原文表示"	"1actions.zil"	"3721"	"TROLL-MELEE"	"LTABLE"
"message.1actions.TROLL-MELEE.3722.01"	"The troll swings, you parry, but the force of his blow knocks your "	"The troll swings, you parry, but the force of his blow knocks your "	"source"	"原文表示"	"1actions.zil"	"3722"	"TROLL-MELEE"	"LTABLE"
"message.1actions.TROLL-MELEE.3722.02"	" away."	" away."	"source"	"原文表示"	"1actions.zil"	"3722"	"TROLL-MELEE"	"LTABLE"
"message.1actions.TROLL-MELEE.3723.01"	"The axe knocks your "	"The axe knocks your "	"source"	"原文表示"	"1actions.zil"	"3723"	"TROLL-MELEE"	"LTABLE"
"message.1actions.TROLL-MELEE.3723.02"	" out of your hand. It falls to the floor."	" out of your hand. It falls to the floor."	"source"	"原文表示"	"1actions.zil"	"3723"	"TROLL-MELEE"	"LTABLE"
"message.1actions.TROLL-MELEE.3725.01"	"The troll hesitates, fingering his axe."	"The troll hesitates, fingering his axe."	"source"	"原文表示"	"1actions.zil"	"3725"	"TROLL-MELEE"	"LTABLE"
"message.1actions.TROLL-MELEE.3726.01"	"The troll scratches his head ruminatively:  Might you be magically\nprotected, he wonders?"	"The troll scratches his head ruminatively:  Might you be magically\nprotected, he wonders?"	"source"	"原文表示"	"1actions.zil"	"3726"	"TROLL-MELEE"	"LTABLE"
"message.1actions.TROLL-MELEE.3729.01"	"Conquering his fears, the troll puts you to death."	"Conquering his fears, the troll puts you to death."	"source"	"原文表示"	"1actions.zil"	"3729"	"TROLL-MELEE"	"LTABLE"
"message.1actions.THIEF-MELEE.3738.01"	"The thief stabs nonchalantly with his stiletto and misses."	"The thief stabs nonchalantly with his stiletto and misses."	"source"	"原文表示"	"1actions.zil"	"3738"	"THIEF-MELEE"	"LTABLE"
"message.1actions.THIEF-MELEE.3739.01"	"You dodge as the thief comes in low."	"You dodge as the thief comes in low."	"source"	"原文表示"	"1actions.zil"	"3739"	"THIEF-MELEE"	"LTABLE"
"message.1actions.THIEF-MELEE.3740.01"	"You parry a lightning thrust, and the thief salutes you with\na grim nod."	"You parry a lightning thrust, and the thief salutes you with\na grim nod."	"source"	"原文表示"	"1actions.zil"	"3740"	"THIEF-MELEE"	"LTABLE"
"message.1actions.THIEF-MELEE.3742.01"	"The thief tries to sneak past your guard, but you twist away."	"The thief tries to sneak past your guard, but you twist away."	"source"	"原文表示"	"1actions.zil"	"3742"	"THIEF-MELEE"	"LTABLE"
"message.1actions.THIEF-MELEE.3744.01"	"Shifting in the midst of a thrust, the thief knocks you unconscious\nwith the haft of his stiletto."	"Shifting in the midst of a thrust, the thief knocks you unconscious\nwith the haft of his stiletto."	"source"	"原文表示"	"1actions.zil"	"3744"	"THIEF-MELEE"	"LTABLE"
"message.1actions.THIEF-MELEE.3746.01"	"The thief knocks you out."	"The thief knocks you out."	"source"	"原文表示"	"1actions.zil"	"3746"	"THIEF-MELEE"	"LTABLE"
"message.1actions.THIEF-MELEE.3748.01"	"Finishing you off, the thief inserts his blade into your heart."	"Finishing you off, the thief inserts his blade into your heart."	"source"	"原文表示"	"1actions.zil"	"3748"	"THIEF-MELEE"	"LTABLE"
"message.1actions.THIEF-MELEE.3749.01"	"The thief comes in from the side, feints, and inserts the blade\ninto your ribs."	"The thief comes in from the side, feints, and inserts the blade\ninto your ribs."	"source"	"原文表示"	"1actions.zil"	"3749"	"THIEF-MELEE"	"LTABLE"
"message.1actions.THIEF-MELEE.3751.01"	"The thief bows formally, raises his stiletto, and with a wry grin,\nends the battle and your life."	"The thief bows formally, raises his stiletto, and with a wry grin,\nends the battle and your life."	"source"	"原文表示"	"1actions.zil"	"3751"	"THIEF-MELEE"	"LTABLE"
"message.1actions.THIEF-MELEE.3754.01"	"A quick thrust pinks your left arm, and blood starts to\ntrickle down."	"A quick thrust pinks your left arm, and blood starts to\ntrickle down."	"source"	"原文表示"	"1actions.zil"	"3754"	"THIEF-MELEE"	"LTABLE"
"message.1actions.THIEF-MELEE.3756.01"	"The thief draws blood, raking his stiletto across your arm."	"The thief draws blood, raking his stiletto across your arm."	"source"	"原文表示"	"1actions.zil"	"3756"	"THIEF-MELEE"	"LTABLE"
"message.1actions.THIEF-MELEE.3757.01"	"The stiletto flashes faster than you can follow, and blood wells\nfrom your leg."	"The stiletto flashes faster than you can follow, and blood wells\nfrom your leg."	"source"	"原文表示"	"1actions.zil"	"3757"	"THIEF-MELEE"	"LTABLE"
"message.1actions.THIEF-MELEE.3759.01"	"The thief slowly approaches, strikes like a snake, and leaves\nyou wounded."	"The thief slowly approaches, strikes like a snake, and leaves\nyou wounded."	"source"	"原文表示"	"1actions.zil"	"3759"	"THIEF-MELEE"	"LTABLE"
"message.1actions.THIEF-MELEE.3762.01"	"The thief strikes like a snake! The resulting wound is serious."	"The thief strikes like a snake! The resulting wound is serious."	"source"	"原文表示"	"1actions.zil"	"3762"	"THIEF-MELEE"	"LTABLE"
"message.1actions.THIEF-MELEE.3763.01"	"The thief stabs a deep cut in your upper arm."	"The thief stabs a deep cut in your upper arm."	"source"	"原文表示"	"1actions.zil"	"3763"	"THIEF-MELEE"	"LTABLE"
"message.1actions.THIEF-MELEE.3764.01"	"The stiletto touches your forehead, and the blood obscures your\nvision."	"The stiletto touches your forehead, and the blood obscures your\nvision."	"source"	"原文表示"	"1actions.zil"	"3764"	"THIEF-MELEE"	"LTABLE"
"message.1actions.THIEF-MELEE.3766.01"	"The thief strikes at your wrist, and suddenly your grip is slippery\nwith blood."	"The thief strikes at your wrist, and suddenly your grip is slippery\nwith blood."	"source"	"原文表示"	"1actions.zil"	"3766"	"THIEF-MELEE"	"LTABLE"
"message.1actions.THIEF-MELEE.3769.01"	"The butt of his stiletto cracks you on the skull, and you stagger\nback."	"The butt of his stiletto cracks you on the skull, and you stagger\nback."	"source"	"原文表示"	"1actions.zil"	"3769"	"THIEF-MELEE"	"LTABLE"
"message.1actions.THIEF-MELEE.3771.01"	"The thief rams the haft of his blade into your stomach, leaving\nyou out of breath."	"The thief rams the haft of his blade into your stomach, leaving\nyou out of breath."	"source"	"原文表示"	"1actions.zil"	"3771"	"THIEF-MELEE"	"LTABLE"
"message.1actions.THIEF-MELEE.3773.01"	"The thief attacks, and you fall back desperately."	"The thief attacks, and you fall back desperately."	"source"	"原文表示"	"1actions.zil"	"3773"	"THIEF-MELEE"	"LTABLE"
"message.1actions.THIEF-MELEE.3775.01"	"A long, theatrical slash. You catch it on your "	"A long, theatrical slash. You catch it on your "	"source"	"原文表示"	"1actions.zil"	"3775"	"THIEF-MELEE"	"LTABLE"
"message.1actions.THIEF-MELEE.3775.02"	", but the\nthief twists his knife, and the "	", but the\nthief twists his knife, and the "	"source"	"原文表示"	"1actions.zil"	"3775"	"THIEF-MELEE"	"LTABLE"
"message.1actions.THIEF-MELEE.3776.01"	" goes flying."	" goes flying."	"source"	"原文表示"	"1actions.zil"	"3776"	"THIEF-MELEE"	"LTABLE"
"message.1actions.THIEF-MELEE.3777.01"	"The thief neatly flips your "	"The thief neatly flips your "	"source"	"原文表示"	"1actions.zil"	"3777"	"THIEF-MELEE"	"LTABLE"
"message.1actions.THIEF-MELEE.3777.02"	" out of your hands, and it drops\nto the floor."	" out of your hands, and it drops\nto the floor."	"source"	"原文表示"	"1actions.zil"	"3777"	"THIEF-MELEE"	"LTABLE"
"message.1actions.THIEF-MELEE.3779.01"	"You parry a low thrust, and your "	"You parry a low thrust, and your "	"source"	"原文表示"	"1actions.zil"	"3779"	"THIEF-MELEE"	"LTABLE"
"message.1actions.THIEF-MELEE.3779.02"	" slips out of your hand."	" slips out of your hand."	"source"	"原文表示"	"1actions.zil"	"3779"	"THIEF-MELEE"	"LTABLE"
"message.1actions.THIEF-MELEE.3781.01"	"The thief, a man of superior breeding, pauses for a moment to consider the propriety of finishing you off."	"The thief, a man of superior breeding, pauses for a moment to consider the propriety of finishing you off."	"source"	"原文表示"	"1actions.zil"	"3781"	"THIEF-MELEE"	"LTABLE"
"message.1actions.THIEF-MELEE.3782.01"	"The thief amuses himself by searching your pockets."	"The thief amuses himself by searching your pockets."	"source"	"原文表示"	"1actions.zil"	"3782"	"THIEF-MELEE"	"LTABLE"
"message.1actions.THIEF-MELEE.3783.01"	"The thief entertains himself by rifling your pack."	"The thief entertains himself by rifling your pack."	"source"	"原文表示"	"1actions.zil"	"3783"	"THIEF-MELEE"	"LTABLE"
"message.1actions.THIEF-MELEE.3785.01"	"The thief, forgetting his essentially genteel upbringing, cuts your\nthroat."	"The thief, forgetting his essentially genteel upbringing, cuts your\nthroat."	"source"	"原文表示"	"1actions.zil"	"3785"	"THIEF-MELEE"	"LTABLE"
"message.1actions.THIEF-MELEE.3787.01"	"The thief, a pragmatist, dispatches you as a threat to his\nlivelihood."	"The thief, a pragmatist, dispatches you as a threat to his\nlivelihood."	"source"	"原文表示"	"1actions.zil"	"3787"	"THIEF-MELEE"	"LTABLE"
"message.1actions.I-SWORD.3869.01"	"Your sword has begun to glow very brightly."	"Your sword has begun to glow very brightly."	"source"	"原文表示"	"1actions.zil"	"3869"	"I-SWORD"	"TELL"
"message.1actions.I-SWORD.3871.01"	"Your sword is glowing with a faint blue glow."	"Your sword is glowing with a faint blue glow."	"source"	"原文表示"	"1actions.zil"	"3871"	"I-SWORD"	"TELL"
"message.1actions.I-SWORD.3874.01"	"Your sword is no longer glowing."	"Your sword is no longer glowing."	"source"	"原文表示"	"1actions.zil"	"3874"	"I-SWORD"	"TELL"
"message.1actions.DROP-JUNK.3944.01"	"The robber, rummaging through his bag, dropped a few items he found\nvalueless."	"The robber, rummaging through his bag, dropped a few items he found\nvalueless."	"source"	"原文表示"	"1actions.zil"	"3944"	"DROP-JUNK"	"TELL"
"message.1actions.STEAL-JUNK.3970.01"	"You suddenly notice that the "	"You suddenly notice that the "	"source"	"原文表示"	"1actions.zil"	"3970"	"STEAL-JUNK"	"TELL"
"message.1actions.STEAL-JUNK.3971.01"	" vanished."	" vanished."	"source"	"原文表示"	"1actions.zil"	"3971"	"STEAL-JUNK"	"TELL"
"message.1actions.V-DIAGNOSE.3998.01"	"You are in perfect health."	"You are in perfect health."	"source"	"原文表示"	"1actions.zil"	"3998"	"V-DIAGNOSE"	"TELL"
"message.1actions.V-DIAGNOSE.4000.01"	"You have "	"You have "	"source"	"原文表示"	"1actions.zil"	"4000"	"V-DIAGNOSE"	"TELL"
"message.1actions.V-DIAGNOSE.4001.01"	"a light wound,"	"a light wound,"	"source"	"原文表示"	"1actions.zil"	"4001"	"V-DIAGNOSE"	"TELL"
"message.1actions.V-DIAGNOSE.4002.01"	"a serious wound,"	"a serious wound,"	"source"	"原文表示"	"1actions.zil"	"4002"	"V-DIAGNOSE"	"TELL"
"message.1actions.V-DIAGNOSE.4003.01"	"several wounds,"	"several wounds,"	"source"	"原文表示"	"1actions.zil"	"4003"	"V-DIAGNOSE"	"TELL"
"message.1actions.V-DIAGNOSE.4004.01"	"serious wounds,"	"serious wounds,"	"source"	"原文表示"	"1actions.zil"	"4004"	"V-DIAGNOSE"	"TELL"
"message.1actions.V-DIAGNOSE.4006.01"	" which will be cured after "	" which will be cured after "	"source"	"原文表示"	"1actions.zil"	"4006"	"V-DIAGNOSE"	"TELL"
"message.1actions.V-DIAGNOSE.4010.01"	" moves."	" moves."	"source"	"原文表示"	"1actions.zil"	"4010"	"V-DIAGNOSE"	"TELL"
"message.1actions.V-DIAGNOSE.4012.01"	"You can "	"You can "	"source"	"原文表示"	"1actions.zil"	"4012"	"V-DIAGNOSE"	"TELL"
"message.1actions.V-DIAGNOSE.4013.01"	"expect death soon"	"expect death soon"	"source"	"原文表示"	"1actions.zil"	"4013"	"V-DIAGNOSE"	"TELL"
"message.1actions.V-DIAGNOSE.4014.01"	"be killed by one more light wound"	"be killed by one more light wound"	"source"	"原文表示"	"1actions.zil"	"4014"	"V-DIAGNOSE"	"TELL"
"message.1actions.V-DIAGNOSE.4015.01"	"be killed by a serious wound"	"be killed by a serious wound"	"source"	"原文表示"	"1actions.zil"	"4015"	"V-DIAGNOSE"	"TELL"
"message.1actions.V-DIAGNOSE.4016.01"	"survive one serious wound"	"survive one serious wound"	"source"	"原文表示"	"1actions.zil"	"4016"	"V-DIAGNOSE"	"TELL"
"message.1actions.V-DIAGNOSE.4018.01"	"survive several wounds"	"survive several wounds"	"source"	"原文表示"	"1actions.zil"	"4018"	"V-DIAGNOSE"	"TELL"
"message.1actions.V-DIAGNOSE.4019.01"	"."	"."	"source"	"原文表示"	"1actions.zil"	"4019"	"V-DIAGNOSE"	"TELL"
"message.1actions.V-DIAGNOSE.4021.01"	"You have been killed "	"You have been killed "	"source"	"原文表示"	"1actions.zil"	"4021"	"V-DIAGNOSE"	"TELL"
"message.1actions.V-DIAGNOSE.4022.01"	"once"	"once"	"source"	"原文表示"	"1actions.zil"	"4022"	"V-DIAGNOSE"	"TELL"
"message.1actions.V-DIAGNOSE.4023.01"	"twice"	"twice"	"source"	"原文表示"	"1actions.zil"	"4023"	"V-DIAGNOSE"	"TELL"
"message.1actions.V-DIAGNOSE.4024.01"	"."	"."	"source"	"原文表示"	"1actions.zil"	"4024"	"V-DIAGNOSE"	"TELL"
"message.1actions.V-SCORE.4028.01"	"Your score is "	"Your score is "	"source"	"原文表示"	"1actions.zil"	"4028"	"V-SCORE"	"TELL"
"message.1actions.V-SCORE.4030.01"	" (total of 350 points), in "	" (total of 350 points), in "	"source"	"原文表示"	"1actions.zil"	"4030"	"V-SCORE"	"TELL"
"message.1actions.V-SCORE.4032.01"	" move."	" move."	"source"	"原文表示"	"1actions.zil"	"4032"	"V-SCORE"	"TELL"
"message.1actions.V-SCORE.4032.02"	" moves."	" moves."	"source"	"原文表示"	"1actions.zil"	"4032"	"V-SCORE"	"TELL"
"message.1actions.V-SCORE.4034.01"	"This gives you the rank of "	"This gives you the rank of "	"source"	"原文表示"	"1actions.zil"	"4034"	"V-SCORE"	"TELL"
"message.1actions.V-SCORE.4035.01"	"Master Adventurer"	"Master Adventurer"	"source"	"原文表示"	"1actions.zil"	"4035"	"V-SCORE"	"TELL"
"message.1actions.V-SCORE.4036.01"	"Wizard"	"Wizard"	"source"	"原文表示"	"1actions.zil"	"4036"	"V-SCORE"	"TELL"
"message.1actions.V-SCORE.4037.01"	"Master"	"Master"	"source"	"原文表示"	"1actions.zil"	"4037"	"V-SCORE"	"TELL"
"message.1actions.V-SCORE.4038.01"	"Adventurer"	"Adventurer"	"source"	"原文表示"	"1actions.zil"	"4038"	"V-SCORE"	"TELL"
"message.1actions.V-SCORE.4039.01"	"Junior Adventurer"	"Junior Adventurer"	"source"	"原文表示"	"1actions.zil"	"4039"	"V-SCORE"	"TELL"
"message.1actions.V-SCORE.4040.01"	"Novice Adventurer"	"Novice Adventurer"	"source"	"原文表示"	"1actions.zil"	"4040"	"V-SCORE"	"TELL"
"message.1actions.V-SCORE.4041.01"	"Amateur Adventurer"	"Amateur Adventurer"	"source"	"原文表示"	"1actions.zil"	"4041"	"V-SCORE"	"TELL"
"message.1actions.V-SCORE.4042.01"	"Beginner"	"Beginner"	"source"	"原文表示"	"1actions.zil"	"4042"	"V-SCORE"	"TELL"
"message.1actions.V-SCORE.4043.01"	"."	"."	"source"	"原文表示"	"1actions.zil"	"4043"	"V-SCORE"	"TELL"
"message.1actions.JIGS-UP.4049.01"	"|\nIt takes a talented person to be killed while already dead. YOU are such\na talent. Unfortunately, it takes a talented person to deal with it.\nI am not such a talent. Sorry."	"|\nIt takes a talented person to be killed while already dead. YOU are such\na talent. Unfortunately, it takes a talented person to deal with it.\nI am not such a talent. Sorry."	"source"	"原文表示"	"1actions.zil"	"4049"	"JIGS-UP"	"TELL"
"message.1actions.JIGS-UP.4056.01"	"Bad luck, huh?"	"Bad luck, huh?"	"source"	"原文表示"	"1actions.zil"	"4056"	"JIGS-UP"	"TELL"
"message.1actions.JIGS-UP.4059.01"	"\n|    ****  You have died  ****\n|\n|"	"\n|    ****  You have died  ****\n|\n|"	"source"	"原文表示"	"1actions.zil"	"4059"	"JIGS-UP"	"TELL"
"message.1actions.JIGS-UP.4068.01"	"You clearly are a suicidal maniac.  We don't allow psychotics in the\ncave, since they may harm other adventurers.  Your remains will be\ninstalled in the Land of the Living Dead, where your fellow\nadventurers may gloat over them."	"You clearly are a suicidal maniac.  We don't allow psychotics in the\ncave, since they may harm other adventurers.  Your remains will be\ninstalled in the Land of the Living Dead, where your fellow\nadventurers may gloat over them."	"source"	"原文表示"	"1actions.zil"	"4068"	"JIGS-UP"	"TELL"
"message.1actions.JIGS-UP.4078.01"	"As you take your last breath, you feel relieved of your burdens. The\nfeeling passes as you find yourself before the gates of Hell, where\nthe spirits jeer at you and deny you entry.  Your senses are\ndisturbed.  The objects in the dungeon appear indistinct, bleached of\ncolor, even unreal."	"As you take your last breath, you feel relieved of your burdens. The\nfeeling passes as you find yourself before the gates of Hell, where\nthe spirits jeer at you and deny you entry.  Your senses are\ndisturbed.  The objects in the dungeon appear indistinct, bleached of\ncolor, even unreal."	"source"	"原文表示"	"1actions.zil"	"4078"	"JIGS-UP"	"TELL"
"message.1actions.JIGS-UP.4091.01"	"Now, let's take a look here...\nWell, you probably deserve another chance.  I can't quite fix you\nup completely, but you can't have everything."	"Now, let's take a look here...\nWell, you probably deserve another chance.  I can't quite fix you\nup completely, but you can't have everything."	"source"	"原文表示"	"1actions.zil"	"4091"	"JIGS-UP"	"TELL"
"message.1actions.BAG-OF-COINS-F.4138.01"	"coins"	"coins"	"source"	"原文表示"	"1actions.zil"	"4138"	"BAG-OF-COINS-F"	"STUPID-CONTAINER"
"message.1actions.TRUNK-F.4141.01"	"jewels"	"jewels"	"source"	"原文表示"	"1actions.zil"	"4141"	"TRUNK-F"	"STUPID-CONTAINER"
"message.1actions.STUPID-CONTAINER.4146.01"	"The "	"The "	"source"	"原文表示"	"1actions.zil"	"4146"	"STUPID-CONTAINER"	"TELL"
"message.1actions.STUPID-CONTAINER.4146.02"	" are safely inside; there's no need to do that."	" are safely inside; there's no need to do that."	"source"	"原文表示"	"1actions.zil"	"4146"	"STUPID-CONTAINER"	"TELL"
"message.1actions.STUPID-CONTAINER.4149.01"	"There are lots of "	"There are lots of "	"source"	"原文表示"	"1actions.zil"	"4149"	"STUPID-CONTAINER"	"TELL"
"message.1actions.STUPID-CONTAINER.4149.02"	" in there."	" in there."	"source"	"原文表示"	"1actions.zil"	"4149"	"STUPID-CONTAINER"	"TELL"
"message.1actions.STUPID-CONTAINER.4152.01"	"Don't be silly. It wouldn't be a "	"Don't be silly. It wouldn't be a "	"source"	"原文表示"	"1actions.zil"	"4152"	"STUPID-CONTAINER"	"TELL"
"message.1actions.STUPID-CONTAINER.4152.02"	" anymore."	" anymore."	"source"	"原文表示"	"1actions.zil"	"4152"	"STUPID-CONTAINER"	"TELL"
"message.1actions.DUMB-CONTAINER.4156.01"	"You can't do that."	"You can't do that."	"source"	"原文表示"	"1actions.zil"	"4156"	"DUMB-CONTAINER"	"TELL"
"message.1actions.DUMB-CONTAINER.4158.01"	"It looks pretty much like a "	"It looks pretty much like a "	"source"	"原文表示"	"1actions.zil"	"4158"	"DUMB-CONTAINER"	"TELL"
"message.1actions.DUMB-CONTAINER.4158.02"	"."	"."	"source"	"原文表示"	"1actions.zil"	"4158"	"DUMB-CONTAINER"	"TELL"
"message.1actions.GARLIC-F.4164.01"	"What the heck! You won't make friends this way, but nobody around\nhere is too friendly anyhow. Gulp!"	"What the heck! You won't make friends this way, but nobody around\nhere is too friendly anyhow. Gulp!"	"source"	"原文表示"	"1actions.zil"	"4164"	"GARLIC-F"	"TELL"
"message.1actions.CHAIN-PSEUDO.4169.01"	"The chain is secure."	"The chain is secure."	"source"	"原文表示"	"1actions.zil"	"4169"	"CHAIN-PSEUDO"	"TELL"
"message.1actions.CHAIN-PSEUDO.4171.01"	"Perhaps you should do that to the basket."	"Perhaps you should do that to the basket."	"source"	"原文表示"	"1actions.zil"	"4171"	"CHAIN-PSEUDO"	"TELL"
"message.1actions.CHAIN-PSEUDO.4173.01"	"The chain secures a basket within the shaft."	"The chain secures a basket within the shaft."	"source"	"原文表示"	"1actions.zil"	"4173"	"CHAIN-PSEUDO"	"TELL"
"message.1dungeon.GRATING-EXIT.1405.01"	"The grating is closed!"	"The grating is closed!"	"source"	"原文表示"	"1dungeon.zil"	"1405"	"GRATING-EXIT"	"TELL"
"message.1dungeon.GRATING-EXIT.1408.01"	"You can't go that way."	"You can't go that way."	"source"	"原文表示"	"1dungeon.zil"	"1408"	"GRATING-EXIT"	"TELL"
"message.1dungeon.CANYON-VIEW-F.2410.01"	"Nice view, lousy place to jump."	"Nice view, lousy place to jump."	"source"	"原文表示"	"1dungeon.zil"	"2410"	"CANYON-VIEW-F"	"JIGS-UP"
"message.gglobals.NOT-HERE-OBJECT-F.56.01"	"Those things aren't here!"	"Those things aren't here!"	"source"	"原文表示"	"gglobals.zil"	"56"	"NOT-HERE-OBJECT-F"	"TELL"
"message.gglobals.NOT-HERE-OBJECT-F.67.01"	"You can't see any "	"You can't see any "	"source"	"原文表示"	"gglobals.zil"	"67"	"NOT-HERE-OBJECT-F"	"TELL"
"message.gglobals.NOT-HERE-OBJECT-F.69.01"	" here!"	" here!"	"source"	"原文表示"	"gglobals.zil"	"69"	"NOT-HERE-OBJECT-F"	"TELL"
"message.gglobals.NOT-HERE-OBJECT-F.71.01"	"The "	"The "	"source"	"原文表示"	"gglobals.zil"	"71"	"NOT-HERE-OBJECT-F"	"TELL"
"message.gglobals.NOT-HERE-OBJECT-F.71.02"	" seems confused. ""I don't see any "	" seems confused. ""I don't see any "	"source"	"原文表示"	"gglobals.zil"	"71"	"NOT-HERE-OBJECT-F"	"TELL"
"message.gglobals.NOT-HERE-OBJECT-F.73.01"	" here!"""	" here!"""	"source"	"原文表示"	"gglobals.zil"	"73"	"NOT-HERE-OBJECT-F"	"TELL"
"message.gglobals.STAIRS-F.113.01"	"You should say whether you want to go up or down."	"You should say whether you want to go up or down."	"source"	"原文表示"	"gglobals.zil"	"113"	"STAIRS-F"	"TELL"
"message.gglobals.SAILOR-FCN.126.01"	"You can't talk to the sailor that way."	"You can't talk to the sailor that way."	"source"	"原文表示"	"gglobals.zil"	"126"	"SAILOR-FCN"	"TELL"
"message.gglobals.SAILOR-FCN.135.01"	"There is no sailor to be seen."	"There is no sailor to be seen."	"source"	"原文表示"	"gglobals.zil"	"135"	"SAILOR-FCN"	"TELL"
"message.gglobals.SAILOR-FCN.157.01"	"You seem to be repeating yourself."	"You seem to be repeating yourself."	"source"	"原文表示"	"gglobals.zil"	"157"	"SAILOR-FCN"	"TELL"
"message.gglobals.SAILOR-FCN.160.01"	"I think that phrase is getting a bit worn out."	"I think that phrase is getting a bit worn out."	"source"	"原文表示"	"gglobals.zil"	"160"	"SAILOR-FCN"	"TELL"
"message.gglobals.SAILOR-FCN.162.01"	"Nothing happens here."	"Nothing happens here."	"source"	"原文表示"	"gglobals.zil"	"162"	"SAILOR-FCN"	"TELL"
"message.gglobals.GROUND-FUNCTION.182.01"	"The ground is too hard for digging here."	"The ground is too hard for digging here."	"source"	"原文表示"	"gglobals.zil"	"182"	"GROUND-FUNCTION"	"TELL"
"message.gglobals.GRUE-FUNCTION.194.01"	"The grue is a sinister, lurking presence in the dark places of the\nearth. Its favorite diet is adventurers, but its insatiable\nappetite is tempered by its fear of light. No grue has ever been\nseen by the light of day, and few have survived its fearsome jaws\nto tell the tale."	"The grue is a sinister, lurking presence in the dark places of the\nearth. Its favorite diet is adventurers, but its insatiable\nappetite is tempered by its fear of light. No grue has ever been\nseen by the light of day, and few have survived its fearsome jaws\nto tell the tale."	"source"	"原文表示"	"gglobals.zil"	"194"	"GRUE-FUNCTION"	"TELL"
"message.gglobals.GRUE-FUNCTION.201.01"	"There is no grue here, but I'm sure there is at least one lurking\nin the darkness nearby. I wouldn't let my light go out if I were\nyou!"	"There is no grue here, but I'm sure there is at least one lurking\nin the darkness nearby. I wouldn't let my light go out if I were\nyou!"	"source"	"原文表示"	"gglobals.zil"	"201"	"GRUE-FUNCTION"	"TELL"
"message.gglobals.GRUE-FUNCTION.206.01"	"It makes no sound but is always lurking in the darkness nearby."	"It makes no sound but is always lurking in the darkness nearby."	"source"	"原文表示"	"gglobals.zil"	"206"	"GRUE-FUNCTION"	"TELL"
"message.gglobals.CRETIN-FCN.226.01"	"Talking to yourself is said to be a sign of impending mental collapse."	"Talking to yourself is said to be a sign of impending mental collapse."	"source"	"原文表示"	"gglobals.zil"	"226"	"CRETIN-FCN"	"TELL"
"message.gglobals.CRETIN-FCN.232.01"	"Only you can do that."	"Only you can do that."	"source"	"原文表示"	"gglobals.zil"	"232"	"CRETIN-FCN"	"TELL"
"message.gglobals.CRETIN-FCN.234.01"	"You'll have to do that on your own."	"You'll have to do that on your own."	"source"	"原文表示"	"gglobals.zil"	"234"	"CRETIN-FCN"	"TELL"
"message.gglobals.CRETIN-FCN.236.01"	"Auto-cannibalism is not the answer."	"Auto-cannibalism is not the answer."	"source"	"原文表示"	"gglobals.zil"	"236"	"CRETIN-FCN"	"TELL"
"message.gglobals.CRETIN-FCN.239.01"	"If you insist.... Poof, you're dead!"	"If you insist.... Poof, you're dead!"	"source"	"原文表示"	"gglobals.zil"	"239"	"CRETIN-FCN"	"JIGS-UP"
"message.gglobals.CRETIN-FCN.241.01"	"Suicide is not the answer."	"Suicide is not the answer."	"source"	"原文表示"	"gglobals.zil"	"241"	"CRETIN-FCN"	"TELL"
"message.gglobals.CRETIN-FCN.245.01"	"Why don't you just walk like normal people?"	"Why don't you just walk like normal people?"	"source"	"原文表示"	"gglobals.zil"	"245"	"CRETIN-FCN"	"TELL"
"message.gglobals.CRETIN-FCN.247.01"	"How romantic!"	"How romantic!"	"source"	"原文表示"	"gglobals.zil"	"247"	"CRETIN-FCN"	"TELL"
"message.gglobals.CRETIN-FCN.252.01"	"Your image in the mirror looks tired."	"Your image in the mirror looks tired."	"source"	"原文表示"	"gglobals.zil"	"252"	"CRETIN-FCN"	"TELL"
"message.gglobals.CRETIN-FCN.265.01"	"That's difficult unless your eyes are prehensile."	"That's difficult unless your eyes are prehensile."	"source"	"原文表示"	"gglobals.zil"	"265"	"CRETIN-FCN"	"TELL"
"message.gglobals.PATH-OBJECT.284.01"	"You must specify a direction to go."	"You must specify a direction to go."	"source"	"原文表示"	"gglobals.zil"	"284"	"PATH-OBJECT"	"TELL"
"message.gglobals.PATH-OBJECT.286.01"	"I can't help you there...."	"I can't help you there...."	"source"	"原文表示"	"gglobals.zil"	"286"	"PATH-OBJECT"	"TELL"
"message.gglobals.PATH-OBJECT.288.01"	"Not a chance."	"Not a chance."	"source"	"原文表示"	"gglobals.zil"	"288"	"PATH-OBJECT"	"TELL"
"message.gglobals.ZORKMID-FUNCTION.299.01"	"The zorkmid is the unit of currency of the Great Underground Empire."	"The zorkmid is the unit of currency of the Great Underground Empire."	"source"	"原文表示"	"gglobals.zil"	"299"	"ZORKMID-FUNCTION"	"TELL"
"message.gglobals.ZORKMID-FUNCTION.302.01"	"The best way to find zorkmids is to go out and look for them."	"The best way to find zorkmids is to go out and look for them."	"source"	"原文表示"	"gglobals.zil"	"302"	"ZORKMID-FUNCTION"	"TELL"
"message.gmain.MAIN-LOOP-1.87.01"	"It's too dark to see."	"It's too dark to see."	"source"	"原文表示"	"gmain.zil"	"87"	"MAIN-LOOP-1"	"TELL"
"message.gmain.MAIN-LOOP-1.89.01"	"It's not clear what you're referring to."	"It's not clear what you're referring to."	"source"	"原文表示"	"gmain.zil"	"89"	"MAIN-LOOP-1"	"TELL"
"message.gmain.MAIN-LOOP-1.99.01"	"The "	"The "	"source"	"原文表示"	"gmain.zil"	"99"	"MAIN-LOOP-1"	"TELL"
"message.gmain.MAIN-LOOP-1.101.01"	"other "	"other "	"source"	"原文表示"	"gmain.zil"	"101"	"MAIN-LOOP-1"	"TELL"
"message.gmain.MAIN-LOOP-1.102.01"	"object"	"object"	"source"	"原文表示"	"gmain.zil"	"102"	"MAIN-LOOP-1"	"TELL"
"message.gmain.MAIN-LOOP-1.104.01"	"s"	"s"	"source"	"原文表示"	"gmain.zil"	"104"	"MAIN-LOOP-1"	"TELL"
"message.gmain.MAIN-LOOP-1.105.01"	" that you mentioned "	" that you mentioned "	"source"	"原文表示"	"gmain.zil"	"105"	"MAIN-LOOP-1"	"TELL"
"message.gmain.MAIN-LOOP-1.107.01"	"are"	"are"	"source"	"原文表示"	"gmain.zil"	"107"	"MAIN-LOOP-1"	"TELL"
"message.gmain.MAIN-LOOP-1.108.01"	"is"	"is"	"source"	"原文表示"	"gmain.zil"	"108"	"MAIN-LOOP-1"	"TELL"
"message.gmain.MAIN-LOOP-1.109.01"	"n't here."	"n't here."	"source"	"原文表示"	"gmain.zil"	"109"	"MAIN-LOOP-1"	"TELL"
"message.gmain.MAIN-LOOP-1.112.01"	"There's nothing here you can take."	"There's nothing here you can take."	"source"	"原文表示"	"gmain.zil"	"112"	"MAIN-LOOP-1"	"TELL"
"message.gmain.MAIN-LOOP-1.144.01"	": "	": "	"source"	"原文表示"	"gmain.zil"	"144"	"MAIN-LOOP-1"	"TELL"
"message.gmain.(<GASSIGNED?.196.01"	"I don't see what you are referring to."	"I don't see what you are referring to."	"source"	"原文表示"	"gmain.zil"	"196"	"(<GASSIGNED?"	"TELL"
"message.gmain.(<GASSIGNED?.238.01"	"** PERFORM: PRSA = "	"** PERFORM: PRSA = "	"source"	"原文表示"	"gmain.zil"	"238"	"(<GASSIGNED?"	"TELL"
"message.gmain.(<GASSIGNED?.241.01"	" | PRSO = "	" | PRSO = "	"source"	"原文表示"	"gmain.zil"	"241"	"(<GASSIGNED?"	"TELL"
"message.gmain.(<GASSIGNED?.242.01"	" | PRSI = "	" | PRSI = "	"source"	"原文表示"	"gmain.zil"	"242"	"(<GASSIGNED?"	"TELL"
"message.gmain.(<GASSIGNED?.248.01"	"I don't see what you are referring to."	"I don't see what you are referring to."	"source"	"原文表示"	"gmain.zil"	"248"	"(<GASSIGNED?"	"TELL"
"message.gmain.(<GASSIGNED?.295.01"	"  Default ->"	"  Default ->"	"source"	"原文表示"	"gmain.zil"	"295"	"(<GASSIGNED?"	"TELL"
"message.gmain.(<GASSIGNED?.296.01"	"  "	"  "	"source"	"原文表示"	"gmain.zil"	"296"	"(<GASSIGNED?"	"TELL"
"message.gmain.(<GASSIGNED?.296.02"	" -> "	" -> "	"source"	"原文表示"	"gmain.zil"	"296"	"(<GASSIGNED?"	"TELL"
"message.gmain.(<GASSIGNED?.303.01"	"Fatal"	"Fatal"	"source"	"原文表示"	"gmain.zil"	"303"	"(<GASSIGNED?"	"TELL"
"message.gmain.(<GASSIGNED?.305.01"	"Not handled"	"Not handled"	"source"	"原文表示"	"gmain.zil"	"305"	"(<GASSIGNED?"	"TELL"
"message.gmain.(<GASSIGNED?.306.01"	"Handled"	"Handled"	"source"	"原文表示"	"gmain.zil"	"306"	"(<GASSIGNED?"	"TELL"
"message.gmain.(<GASSIGNED?.310.01"	"["	"["	"source"	"原文表示"	"gmain.zil"	"310"	"(<GASSIGNED?"	"TELL"
"message.gmain.(<GASSIGNED?.310.02"	"=]"	"=]"	"source"	"原文表示"	"gmain.zil"	"310"	"(<GASSIGNED?"	"TELL"
"message.gparser.PARSER.152.01"	">"	">"	"source"	"原文表示"	"gparser.zil"	"152"	"PARSER"	"TELL"
"message.gparser.PARSER.155.01"	"I beg your pardon?"	"I beg your pardon?"	"source"	"原文表示"	"gparser.zil"	"155"	"PARSER"	"TELL"
"message.gparser.PARSER.162.01"	"I can't help your clumsiness."	"I can't help your clumsiness."	"source"	"原文表示"	"gparser.zil"	"162"	"PARSER"	"TELL"
"message.gparser.PARSER.169.01"	"Sorry, you can't correct mistakes in quoted text."	"Sorry, you can't correct mistakes in quoted text."	"source"	"原文表示"	"gparser.zil"	"169"	"PARSER"	"TELL"
"message.gparser.PARSER.173.01"	"Warning: only the first word after OOPS is used."	"Warning: only the first word after OOPS is used."	"source"	"原文表示"	"gparser.zil"	"173"	"PARSER"	"TELL"
"message.gparser.PARSER.186.01"	"There was no word to replace!"	"There was no word to replace!"	"source"	"原文表示"	"gparser.zil"	"186"	"PARSER"	"TELL"
"message.gparser.PARSER.194.01"	"Beg pardon?"	"Beg pardon?"	"source"	"原文表示"	"gparser.zil"	"194"	"PARSER"	"TELL"
"message.gparser.PARSER.197.01"	"It's difficult to repeat fragments."	"It's difficult to repeat fragments."	"source"	"原文表示"	"gparser.zil"	"197"	"PARSER"	"TELL"
"message.gparser.PARSER.200.01"	"That would just repeat a mistake."	"That would just repeat a mistake."	"source"	"原文表示"	"gparser.zil"	"200"	"PARSER"	"TELL"
"message.gparser.PARSER.211.01"	"I couldn't understand that sentence."	"I couldn't understand that sentence."	"source"	"原文表示"	"gparser.zil"	"211"	"PARSER"	"TELL"
"message.gparser.PARSER.332.01"	"There were too many nouns in that sentence."	"There were too many nouns in that sentence."	"source"	"原文表示"	"gparser.zil"	"332"	"PARSER"	"TELL"
"message.gparser.PARSER.354.01"	"Please consult your manual for the correct way to talk to other people\nor creatures."	"Please consult your manual for the correct way to talk to other people\nor creatures."	"source"	"原文表示"	"gparser.zil"	"354"	"PARSER"	"TELL"
"message.gparser.UNKNOWN-WORD.668.01"	"Nothing happens."	"Nothing happens."	"source"	"原文表示"	"gparser.zil"	"668"	"UNKNOWN-WORD"	"TELL"
"message.gparser.UNKNOWN-WORD.670.01"	"I don't know the word """	"I don't know the word """	"source"	"原文表示"	"gparser.zil"	"670"	"UNKNOWN-WORD"	"TELL"
"message.gparser.UNKNOWN-WORD.673.01"	"""."	"""."	"source"	"原文表示"	"gparser.zil"	"673"	"UNKNOWN-WORD"	"TELL"
"message.gparser.CANT-USE.679.01"	"Nothing happens."	"Nothing happens."	"source"	"原文表示"	"gparser.zil"	"679"	"CANT-USE"	"TELL"
"message.gparser.CANT-USE.681.01"	"You used the word """	"You used the word """	"source"	"原文表示"	"gparser.zil"	"681"	"CANT-USE"	"TELL"
"message.gparser.CANT-USE.684.01"	""" in a way that I don't understand."	""" in a way that I don't understand."	"source"	"原文表示"	"gparser.zil"	"684"	"CANT-USE"	"TELL"
"message.gparser.SYNTAX-CHECK.710.01"	"There was no verb in that sentence!"	"There was no verb in that sentence!"	"source"	"原文表示"	"gparser.zil"	"710"	"SYNTAX-CHECK"	"TELL"
"message.gparser.SYNTAX-CHECK.734.01"	"That sentence isn't one I recognize."	"That sentence isn't one I recognize."	"source"	"原文表示"	"gparser.zil"	"734"	"SYNTAX-CHECK"	"TELL"
"message.gparser.SYNTAX-CHECK.754.01"	"That question can't be answered."	"That question can't be answered."	"source"	"原文表示"	"gparser.zil"	"754"	"SYNTAX-CHECK"	"TELL"
"message.gparser.SYNTAX-CHECK.760.01"	"What do you want to "	"What do you want to "	"source"	"原文表示"	"gparser.zil"	"760"	"SYNTAX-CHECK"	"TELL"
"message.gparser.SYNTAX-CHECK.762.01"	"tell"	"tell"	"source"	"原文表示"	"gparser.zil"	"762"	"SYNTAX-CHECK"	"TELL"
"message.gparser.SYNTAX-CHECK.769.01"	" "	" "	"source"	"原文表示"	"gparser.zil"	"769"	"SYNTAX-CHECK"	"TELL"
"message.gparser.SYNTAX-CHECK.774.01"	"?"	"?"	"source"	"原文表示"	"gparser.zil"	"774"	"SYNTAX-CHECK"	"TELL"
"message.gparser.CANT-ORPHAN.778.01"	"""I don't understand! What are you referring to?"""	"""I don't understand! What are you referring to?"""	"source"	"原文表示"	"gparser.zil"	"778"	"CANT-ORPHAN"	"TELL"
"message.gparser.BUFFER-PRINT.827.01"	", "	", "	"source"	"原文表示"	"gparser.zil"	"827"	"BUFFER-PRINT"	"TELL"
"message.gparser.BUFFER-PRINT.829.01"	" "	" "	"source"	"原文表示"	"gparser.zil"	"829"	"BUFFER-PRINT"	"TELL"
"message.gparser.BUFFER-PRINT.840.01"	"the "	"the "	"source"	"原文表示"	"gparser.zil"	"840"	"BUFFER-PRINT"	"TELL"
"message.gparser.PREP-PRINT.853.01"	" "	" "	"source"	"原文表示"	"gparser.zil"	"853"	"PREP-PRINT"	"TELL"
"message.gparser.GWIM.911.01"	"("	"("	"source"	"原文表示"	"gparser.zil"	"911"	"GWIM"	"TELL"
"message.gparser.GWIM.916.01"	" of"	" of"	"source"	"原文表示"	"gparser.zil"	"916"	"GWIM"	"TELL"
"message.gparser.GWIM.917.01"	" "	" "	"source"	"原文表示"	"gparser.zil"	"917"	"GWIM"	"TELL"
"message.gparser.GWIM.919.01"	"your hands"	"your hands"	"source"	"原文表示"	"gparser.zil"	"919"	"GWIM"	"TELL"
"message.gparser.GWIM.921.01"	"the "	"the "	"source"	"原文表示"	"gparser.zil"	"921"	"GWIM"	"TELL"
"message.gparser.GWIM.922.01"	")"	")"	"source"	"原文表示"	"gparser.zil"	"922"	"GWIM"	"TELL"
"message.gparser.GWIM.924.01"	")"	")"	"source"	"原文表示"	"gparser.zil"	"924"	"GWIM"	"TELL"
"message.gparser.GET-OBJECT.1066.01"	"There seems to be a noun missing in that sentence!"	"There seems to be a noun missing in that sentence!"	"source"	"原文表示"	"gparser.zil"	"1066"	"GET-OBJECT"	"TELL"
"message.gparser.GET-OBJECT.1085.01"	"(How about the "	"(How about the "	"source"	"原文表示"	"gparser.zil"	"1085"	"GET-OBJECT"	"TELL"
"message.gparser.GET-OBJECT.1087.01"	"?)"	"?)"	"source"	"原文表示"	"gparser.zil"	"1087"	"GET-OBJECT"	"TELL"
"message.gparser.GET-OBJECT.1114.01"	"There seems to be a noun missing in that sentence!"	"There seems to be a noun missing in that sentence!"	"source"	"原文表示"	"gparser.zil"	"1114"	"GET-OBJECT"	"TELL"
"message.gparser.GET-OBJECT.1132.01"	"It's too dark to see!"	"It's too dark to see!"	"source"	"原文表示"	"gparser.zil"	"1132"	"GET-OBJECT"	"TELL"
"message.gparser.WHICH-PRINT.1148.01"	"Which "	"Which "	"source"	"原文表示"	"gparser.zil"	"1148"	"WHICH-PRINT"	"TELL"
"message.gparser.WHICH-PRINT.1155.01"	" do you mean, "	" do you mean, "	"source"	"原文表示"	"gparser.zil"	"1155"	"WHICH-PRINT"	"TELL"
"message.gparser.WHICH-PRINT.1159.01"	"the "	"the "	"source"	"原文表示"	"gparser.zil"	"1159"	"WHICH-PRINT"	"TELL"
"message.gparser.WHICH-PRINT.1161.01"	","	","	"source"	"原文表示"	"gparser.zil"	"1161"	"WHICH-PRINT"	"TELL"
"message.gparser.WHICH-PRINT.1162.01"	" or "	" or "	"source"	"原文表示"	"gparser.zil"	"1162"	"WHICH-PRINT"	"TELL"
"message.gparser.WHICH-PRINT.1163.01"	", "	", "	"source"	"原文表示"	"gparser.zil"	"1163"	"WHICH-PRINT"	"TELL"
"message.gparser.WHICH-PRINT.1165.01"	"?"	"?"	"source"	"原文表示"	"gparser.zil"	"1165"	"WHICH-PRINT"	"TELL"
"message.gparser.ITAKE-CHECK.1261.01"	"I don't see what you're referring to."	"I don't see what you're referring to."	"source"	"原文表示"	"gparser.zil"	"1261"	"ITAKE-CHECK"	"TELL"
"message.gparser.ITAKE-CHECK.1283.01"	"You don't have that!"	"You don't have that!"	"source"	"原文表示"	"gparser.zil"	"1283"	"ITAKE-CHECK"	"TELL"
"message.gparser.ITAKE-CHECK.1285.01"	"You don't have the "	"You don't have the "	"source"	"原文表示"	"gparser.zil"	"1285"	"ITAKE-CHECK"	"TELL"
"message.gparser.ITAKE-CHECK.1287.01"	"."	"."	"source"	"原文表示"	"gparser.zil"	"1287"	"ITAKE-CHECK"	"TELL"
"message.gparser.ITAKE-CHECK.1291.01"	"(Taken)"	"(Taken)"	"source"	"原文表示"	"gparser.zil"	"1291"	"ITAKE-CHECK"	"TELL"
"message.gparser.MANY-CHECK.1302.01"	"You can't use multiple "	"You can't use multiple "	"source"	"原文表示"	"gparser.zil"	"1302"	"MANY-CHECK"	"TELL"
"message.gparser.MANY-CHECK.1303.01"	"in"	"in"	"source"	"原文表示"	"gparser.zil"	"1303"	"MANY-CHECK"	"TELL"
"message.gparser.MANY-CHECK.1304.01"	"direct objects with """	"direct objects with """	"source"	"原文表示"	"gparser.zil"	"1304"	"MANY-CHECK"	"TELL"
"message.gparser.MANY-CHECK.1306.01"	"tell"	"tell"	"source"	"原文表示"	"gparser.zil"	"1306"	"MANY-CHECK"	"TELL"
"message.gparser.MANY-CHECK.1311.01"	"""."	"""."	"source"	"原文表示"	"gparser.zil"	"1311"	"MANY-CHECK"	"TELL"
"message.gverbs.V-VERBOSE.16.01"	"Maximum verbosity."	"Maximum verbosity."	"source"	"原文表示"	"gverbs.zil"	"16"	"V-VERBOSE"	"TELL"
"message.gverbs.V-BRIEF.21.01"	"Brief descriptions."	"Brief descriptions."	"source"	"原文表示"	"gverbs.zil"	"21"	"V-BRIEF"	"TELL"
"message.gverbs.V-SUPER-BRIEF.25.01"	"Superbrief descriptions."	"Superbrief descriptions."	"source"	"原文表示"	"gverbs.zil"	"25"	"V-SUPER-BRIEF"	"TELL"
"message.gverbs.V-INVENTORY.31.01"	"You are empty-handed."	"You are empty-handed."	"source"	"原文表示"	"gverbs.zil"	"31"	"V-INVENTORY"	"TELL"
"message.gverbs.FINISH.38.01"	"Would you like to restart the game from the beginning, restore a saved\ngame position, or end this session of the game?|\n(Type RESTART, RESTORE, or QUIT):|\n>"	"Would you like to restart the game from the beginning, restore a saved\ngame position, or end this session of the game?|\n(Type RESTART, RESTORE, or QUIT):|\n>"	"source"	"原文表示"	"gverbs.zil"	"38"	"FINISH"	"TELL"
"message.gverbs.FINISH.46.01"	"Failed."	"Failed."	"source"	"原文表示"	"gverbs.zil"	"46"	"FINISH"	"TELL"
"message.gverbs.FINISH.49.01"	"Ok."	"Ok."	"source"	"原文表示"	"gverbs.zil"	"49"	"FINISH"	"TELL"
"message.gverbs.FINISH.51.01"	"Failed."	"Failed."	"source"	"原文表示"	"gverbs.zil"	"51"	"FINISH"	"TELL"
"message.gverbs.V-QUIT.58.01"	"Do you wish to leave the game? (Y is affirmative): "	"Do you wish to leave the game? (Y is affirmative): "	"source"	"原文表示"	"gverbs.zil"	"58"	"V-QUIT"	"TELL"
"message.gverbs.V-QUIT.61.01"	"Ok."	"Ok."	"source"	"原文表示"	"gverbs.zil"	"61"	"V-QUIT"	"TELL"
"message.gverbs.V-RESTART.65.01"	"Do you wish to restart? (Y is affirmative): "	"Do you wish to restart? (Y is affirmative): "	"source"	"原文表示"	"gverbs.zil"	"65"	"V-RESTART"	"TELL"
"message.gverbs.V-RESTART.67.01"	"Restarting."	"Restarting."	"source"	"原文表示"	"gverbs.zil"	"67"	"V-RESTART"	"TELL"
"message.gverbs.V-RESTART.69.01"	"Failed."	"Failed."	"source"	"原文表示"	"gverbs.zil"	"69"	"V-RESTART"	"TELL"
"message.gverbs.V-RESTORE.73.01"	"Ok."	"Ok."	"source"	"原文表示"	"gverbs.zil"	"73"	"V-RESTORE"	"TELL"
"message.gverbs.V-RESTORE.76.01"	"Failed."	"Failed."	"source"	"原文表示"	"gverbs.zil"	"76"	"V-RESTORE"	"TELL"
"message.gverbs.V-SAVE.80.01"	"Ok."	"Ok."	"source"	"原文表示"	"gverbs.zil"	"80"	"V-SAVE"	"TELL"
"message.gverbs.V-SAVE.82.01"	"Failed."	"Failed."	"source"	"原文表示"	"gverbs.zil"	"82"	"V-SAVE"	"TELL"
"message.gverbs.V-SCRIPT.88.01"	"Here begins a transcript of interaction with"	"Here begins a transcript of interaction with"	"source"	"原文表示"	"gverbs.zil"	"88"	"V-SCRIPT"	"TELL"
"message.gverbs.V-UNSCRIPT.93.01"	"Here ends a transcript of interaction with"	"Here ends a transcript of interaction with"	"source"	"原文表示"	"gverbs.zil"	"93"	"V-UNSCRIPT"	"TELL"
"message.gverbs.V-VERSION.100.01"	"ZORK I: The Great Underground Empire|\nInfocom interactive fiction - a fantasy story|\nCopyright (c) 1981, 1982, 1983, 1984, 1985, 1986"	"ZORK I: The Great Underground Empire|\nInfocom interactive fiction - a fantasy story|\nCopyright (c) 1981, 1982, 1983, 1984, 1985, 1986"	"source"	"原文表示"	"gverbs.zil"	"100"	"V-VERSION"	"TELL"
"message.gverbs.V-VERSION.111.01"	" Infocom, Inc. All rights reserved."	" Infocom, Inc. All rights reserved."	"source"	"原文表示"	"gverbs.zil"	"111"	"V-VERSION"	"TELL"
"message.gverbs.V-VERSION.112.01"	"ZORK is a registered trademark of Infocom, Inc.|\nRelease "	"ZORK is a registered trademark of Infocom, Inc.|\nRelease "	"source"	"原文表示"	"gverbs.zil"	"112"	"V-VERSION"	"TELL"
"message.gverbs.V-VERSION.115.01"	" / Serial number "	" / Serial number "	"source"	"原文表示"	"gverbs.zil"	"115"	"V-VERSION"	"TELL"
"message.gverbs.V-VERIFY.124.01"	"Verifying disk..."	"Verifying disk..."	"source"	"原文表示"	"gverbs.zil"	"124"	"V-VERIFY"	"TELL"
"message.gverbs.V-VERIFY.126.01"	"The disk is correct."	"The disk is correct."	"source"	"原文表示"	"gverbs.zil"	"126"	"V-VERIFY"	"TELL"
"message.gverbs.V-VERIFY.128.01"	"** Disk Failure **"	"** Disk Failure **"	"source"	"原文表示"	"gverbs.zil"	"128"	"V-VERIFY"	"TELL"
"message.gverbs.V-RANDOM.136.01"	"Illegal call to #RND."	"Illegal call to #RND."	"source"	"原文表示"	"gverbs.zil"	"136"	"V-RANDOM"	"TELL"
"message.gverbs.V-ADVENT.154.01"	"A hollow voice says ""Fool."""	"A hollow voice says ""Fool."""	"source"	"原文表示"	"gverbs.zil"	"154"	"V-ADVENT"	"TELL"
"message.gverbs.V-ALARM.160.01"	"The "	"The "	"source"	"原文表示"	"gverbs.zil"	"160"	"V-ALARM"	"TELL"
"message.gverbs.V-ALARM.160.02"	" is rudely awakened."	" is rudely awakened."	"source"	"原文表示"	"gverbs.zil"	"160"	"V-ALARM"	"TELL"
"message.gverbs.V-ALARM.166.01"	"He's wide awake, or haven't you noticed..."	"He's wide awake, or haven't you noticed..."	"source"	"原文表示"	"gverbs.zil"	"166"	"V-ALARM"	"TELL"
"message.gverbs.V-ALARM.168.01"	"The "	"The "	"source"	"原文表示"	"gverbs.zil"	"168"	"V-ALARM"	"TELL"
"message.gverbs.V-ALARM.168.02"	" isn't sleeping."	" isn't sleeping."	"source"	"原文表示"	"gverbs.zil"	"168"	"V-ALARM"	"TELL"
"message.gverbs.V-ANSWER.171.01"	"Nobody seems to be awaiting your answer."	"Nobody seems to be awaiting your answer."	"source"	"原文表示"	"gverbs.zil"	"171"	"V-ANSWER"	"TELL"
"message.gverbs.V-ATTACK.179.01"	"I've known strange people, but fighting a "	"I've known strange people, but fighting a "	"source"	"原文表示"	"gverbs.zil"	"179"	"V-ATTACK"	"TELL"
"message.gverbs.V-ATTACK.179.02"	"?"	"?"	"source"	"原文表示"	"gverbs.zil"	"179"	"V-ATTACK"	"TELL"
"message.gverbs.V-ATTACK.183.01"	"Trying to attack a "	"Trying to attack a "	"source"	"原文表示"	"gverbs.zil"	"183"	"V-ATTACK"	"TELL"
"message.gverbs.V-ATTACK.183.02"	" with your bare hands is suicidal."	" with your bare hands is suicidal."	"source"	"原文表示"	"gverbs.zil"	"183"	"V-ATTACK"	"TELL"
"message.gverbs.V-ATTACK.185.01"	"You aren't even holding the "	"You aren't even holding the "	"source"	"原文表示"	"gverbs.zil"	"185"	"V-ATTACK"	"TELL"
"message.gverbs.V-ATTACK.185.02"	"."	"."	"source"	"原文表示"	"gverbs.zil"	"185"	"V-ATTACK"	"TELL"
"message.gverbs.V-ATTACK.188.01"	"Trying to attack the "	"Trying to attack the "	"source"	"原文表示"	"gverbs.zil"	"188"	"V-ATTACK"	"TELL"
"message.gverbs.V-ATTACK.188.02"	" with a "	" with a "	"source"	"原文表示"	"gverbs.zil"	"188"	"V-ATTACK"	"TELL"
"message.gverbs.V-ATTACK.188.03"	" is suicidal."	" is suicidal."	"source"	"原文表示"	"gverbs.zil"	"188"	"V-ATTACK"	"TELL"
"message.gverbs.V-BACK.196.01"	"Sorry, my memory is poor. Please give a direction."	"Sorry, my memory is poor. Please give a direction."	"source"	"原文表示"	"gverbs.zil"	"196"	"V-BACK"	"TELL"
"message.gverbs.V-BLAST.199.01"	"You can't blast anything by using words."	"You can't blast anything by using words."	"source"	"原文表示"	"gverbs.zil"	"199"	"V-BLAST"	"TELL"
"message.gverbs.PRE-BOARD.211.01"	"The "	"The "	"source"	"原文表示"	"gverbs.zil"	"211"	"PRE-BOARD"	"TELL"
"message.gverbs.PRE-BOARD.211.02"	" must be on the ground to be boarded."	" must be on the ground to be boarded."	"source"	"原文表示"	"gverbs.zil"	"211"	"PRE-BOARD"	"TELL"
"message.gverbs.PRE-BOARD.213.01"	"You are already in the "	"You are already in the "	"source"	"原文表示"	"gverbs.zil"	"213"	"PRE-BOARD"	"TELL"
"message.gverbs.PRE-BOARD.213.02"	"!"	"!"	"source"	"原文表示"	"gverbs.zil"	"213"	"PRE-BOARD"	"TELL"
"message.gverbs.PRE-BOARD.221.01"	"You have a theory on how to board a "	"You have a theory on how to board a "	"source"	"原文表示"	"gverbs.zil"	"221"	"PRE-BOARD"	"TELL"
"message.gverbs.PRE-BOARD.221.02"	", perhaps?"	", perhaps?"	"source"	"原文表示"	"gverbs.zil"	"221"	"PRE-BOARD"	"TELL"
"message.gverbs.V-BOARD.225.01"	"You are now in the "	"You are now in the "	"source"	"原文表示"	"gverbs.zil"	"225"	"V-BOARD"	"TELL"
"message.gverbs.V-BOARD.225.02"	"."	"."	"source"	"原文表示"	"gverbs.zil"	"225"	"V-BOARD"	"TELL"
"message.gverbs.V-BRUSH.234.01"	"If you wish, but heaven only knows why."	"If you wish, but heaven only knows why."	"source"	"原文表示"	"gverbs.zil"	"234"	"V-BRUSH"	"TELL"
"message.gverbs.V-BUG.238.01"	"Bug? Not in a flawless program like this! (Cough, cough)."	"Bug? Not in a flawless program like this! (Cough, cough)."	"source"	"原文表示"	"gverbs.zil"	"238"	"V-BUG"	"TELL"
"message.gverbs.TELL-NO-PRSI.241.01"	"You didn't say with what!"	"You didn't say with what!"	"source"	"原文表示"	"gverbs.zil"	"241"	"TELL-NO-PRSI"	"TELL"
"message.gverbs.PRE-BURN.249.01"	"With a "	"With a "	"source"	"原文表示"	"gverbs.zil"	"249"	"PRE-BURN"	"TELL"
"message.gverbs.PRE-BURN.249.02"	"??!?"	"??!?"	"source"	"原文表示"	"gverbs.zil"	"249"	"PRE-BURN"	"TELL"
"message.gverbs.V-BURN.262.01"	"The "	"The "	"source"	"原文表示"	"gverbs.zil"	"262"	"V-BURN"	"TELL"
"message.gverbs.V-BURN.264.01"	" catches fire. Unfortunately, you were "	" catches fire. Unfortunately, you were "	"source"	"原文表示"	"gverbs.zil"	"264"	"V-BURN"	"TELL"
"message.gverbs.V-BURN.266.01"	"in"	"in"	"source"	"原文表示"	"gverbs.zil"	"266"	"V-BURN"	"TELL"
"message.gverbs.V-BURN.267.01"	"holding"	"holding"	"source"	"原文表示"	"gverbs.zil"	"267"	"V-BURN"	"TELL"
"message.gverbs.V-BURN.268.01"	" it at the time."	" it at the time."	"source"	"原文表示"	"gverbs.zil"	"268"	"V-BURN"	"JIGS-UP"
"message.gverbs.V-BURN.272.01"	"The "	"The "	"source"	"原文表示"	"gverbs.zil"	"272"	"V-BURN"	"TELL"
"message.gverbs.V-BURN.272.02"	" catches fire and is consumed."	" catches fire and is consumed."	"source"	"原文表示"	"gverbs.zil"	"272"	"V-BURN"	"TELL"
"message.gverbs.V-BURN.274.01"	"You can't burn a "	"You can't burn a "	"source"	"原文表示"	"gverbs.zil"	"274"	"V-BURN"	"TELL"
"message.gverbs.V-BURN.274.02"	"."	"."	"source"	"原文表示"	"gverbs.zil"	"274"	"V-BURN"	"TELL"
"message.gverbs.V-CHOMP.277.01"	"Preposterous!"	"Preposterous!"	"source"	"原文表示"	"gverbs.zil"	"277"	"V-CHOMP"	"TELL"
"message.gverbs.V-CLIMB-ON.298.01"	"You can't climb onto the "	"You can't climb onto the "	"source"	"原文表示"	"gverbs.zil"	"298"	"V-CLIMB-ON"	"TELL"
"message.gverbs.V-CLIMB-ON.298.02"	"."	"."	"source"	"原文表示"	"gverbs.zil"	"298"	"V-CLIMB-ON"	"TELL"
"message.gverbs.V-CLIMB-UP.309.01"	"The "	"The "	"source"	"原文表示"	"gverbs.zil"	"309"	"V-CLIMB-UP"	"TELL"
"message.gverbs.V-CLIMB-UP.309.02"	" do"	" do"	"source"	"原文表示"	"gverbs.zil"	"309"	"V-CLIMB-UP"	"TELL"
"message.gverbs.V-CLIMB-UP.311.01"	"es"	"es"	"source"	"原文表示"	"gverbs.zil"	"311"	"V-CLIMB-UP"	"TELL"
"message.gverbs.V-CLIMB-UP.312.01"	"n't lead "	"n't lead "	"source"	"原文表示"	"gverbs.zil"	"312"	"V-CLIMB-UP"	"TELL"
"message.gverbs.V-CLIMB-UP.314.01"	"up"	"up"	"source"	"原文表示"	"gverbs.zil"	"314"	"V-CLIMB-UP"	"TELL"
"message.gverbs.V-CLIMB-UP.315.01"	"down"	"down"	"source"	"原文表示"	"gverbs.zil"	"315"	"V-CLIMB-UP"	"TELL"
"message.gverbs.V-CLIMB-UP.316.01"	"ward."	"ward."	"source"	"原文表示"	"gverbs.zil"	"316"	"V-CLIMB-UP"	"TELL"
"message.gverbs.V-CLIMB-UP.323.01"	"Climbing the walls is to no avail."	"Climbing the walls is to no avail."	"source"	"原文表示"	"gverbs.zil"	"323"	"V-CLIMB-UP"	"TELL"
"message.gverbs.V-CLIMB-UP.329.01"	"There are no climbable trees here."	"There are no climbable trees here."	"source"	"原文表示"	"gverbs.zil"	"329"	"V-CLIMB-UP"	"TELL"
"message.gverbs.V-CLIMB-UP.332.01"	"You can't go that way."	"You can't go that way."	"source"	"原文表示"	"gverbs.zil"	"332"	"V-CLIMB-UP"	"TELL"
"message.gverbs.V-CLIMB-UP.334.01"	"You can't do that!"	"You can't do that!"	"source"	"原文表示"	"gverbs.zil"	"334"	"V-CLIMB-UP"	"TELL"
"message.gverbs.V-CLOSE.339.01"	"You must tell me how to do that to a "	"You must tell me how to do that to a "	"source"	"原文表示"	"gverbs.zil"	"339"	"V-CLOSE"	"TELL"
"message.gverbs.V-CLOSE.339.02"	"."	"."	"source"	"原文表示"	"gverbs.zil"	"339"	"V-CLOSE"	"TELL"
"message.gverbs.V-CLOSE.344.01"	"Closed."	"Closed."	"source"	"原文表示"	"gverbs.zil"	"344"	"V-CLOSE"	"TELL"
"message.gverbs.V-CLOSE.346.01"	"It is now pitch black."	"It is now pitch black."	"source"	"原文表示"	"gverbs.zil"	"346"	"V-CLOSE"	"TELL"
"message.gverbs.V-CLOSE.349.01"	"It is already closed."	"It is already closed."	"source"	"原文表示"	"gverbs.zil"	"349"	"V-CLOSE"	"TELL"
"message.gverbs.V-CLOSE.353.01"	"The "	"The "	"source"	"原文表示"	"gverbs.zil"	"353"	"V-CLOSE"	"TELL"
"message.gverbs.V-CLOSE.353.02"	" is now closed."	" is now closed."	"source"	"原文表示"	"gverbs.zil"	"353"	"V-CLOSE"	"TELL"
"message.gverbs.V-CLOSE.355.01"	"It is already closed."	"It is already closed."	"source"	"原文表示"	"gverbs.zil"	"355"	"V-CLOSE"	"TELL"
"message.gverbs.V-CLOSE.357.01"	"You cannot close that."	"You cannot close that."	"source"	"原文表示"	"gverbs.zil"	"357"	"V-CLOSE"	"TELL"
"message.gverbs.V-COMMAND.361.01"	"The "	"The "	"source"	"原文表示"	"gverbs.zil"	"361"	"V-COMMAND"	"TELL"
"message.gverbs.V-COMMAND.361.02"	" pays no attention."	" pays no attention."	"source"	"原文表示"	"gverbs.zil"	"361"	"V-COMMAND"	"TELL"
"message.gverbs.V-COMMAND.363.01"	"You cannot talk to that!"	"You cannot talk to that!"	"source"	"原文表示"	"gverbs.zil"	"363"	"V-COMMAND"	"TELL"
"message.gverbs.V-COUNT.367.01"	"Well, for one, you are playing Zork..."	"Well, for one, you are playing Zork..."	"source"	"原文表示"	"gverbs.zil"	"367"	"V-COUNT"	"TELL"
"message.gverbs.V-COUNT.369.01"	"You have lost your mind."	"You have lost your mind."	"source"	"原文表示"	"gverbs.zil"	"369"	"V-COUNT"	"TELL"
"message.gverbs.V-CROSS.372.01"	"You can't cross that!"	"You can't cross that!"	"source"	"原文表示"	"gverbs.zil"	"372"	"V-CROSS"	"TELL"
"message.gverbs.V-CURSES.377.01"	"Insults of this nature won't help you."	"Insults of this nature won't help you."	"source"	"原文表示"	"gverbs.zil"	"377"	"V-CURSES"	"TELL"
"message.gverbs.V-CURSES.379.01"	"What a loony!"	"What a loony!"	"source"	"原文表示"	"gverbs.zil"	"379"	"V-CURSES"	"TELL"
"message.gverbs.V-CURSES.382.01"	"Such language in a high-class establishment like this!"	"Such language in a high-class establishment like this!"	"source"	"原文表示"	"gverbs.zil"	"382"	"V-CURSES"	"TELL"
"message.gverbs.V-CUT.391.01"	"Not a bright idea, especially since you're in it."	"Not a bright idea, especially since you're in it."	"source"	"原文表示"	"gverbs.zil"	"391"	"V-CUT"	"TELL"
"message.gverbs.V-CUT.394.01"	"Your skillful "	"Your skillful "	"source"	"原文表示"	"gverbs.zil"	"394"	"V-CUT"	"TELL"
"message.gverbs.V-CUT.394.02"	"smanship slices the "	"smanship slices the "	"source"	"原文表示"	"gverbs.zil"	"394"	"V-CUT"	"TELL"
"message.gverbs.V-CUT.395.01"	" into innumerable slivers which blow away."	" into innumerable slivers which blow away."	"source"	"原文表示"	"gverbs.zil"	"395"	"V-CUT"	"TELL"
"message.gverbs.V-CUT.398.01"	"The ""cutting edge"" of a "	"The ""cutting edge"" of a "	"source"	"原文表示"	"gverbs.zil"	"398"	"V-CUT"	"TELL"
"message.gverbs.V-CUT.398.02"	" is hardly adequate."	" is hardly adequate."	"source"	"原文表示"	"gverbs.zil"	"398"	"V-CUT"	"TELL"
"message.gverbs.V-CUT.400.01"	"Strange concept, cutting the "	"Strange concept, cutting the "	"source"	"原文表示"	"gverbs.zil"	"400"	"V-CUT"	"TELL"
"message.gverbs.V-CUT.400.02"	"...."	"...."	"source"	"原文表示"	"gverbs.zil"	"400"	"V-CUT"	"TELL"
"message.gverbs.V-DEFLATE.403.01"	"Come on, now!"	"Come on, now!"	"source"	"原文表示"	"gverbs.zil"	"403"	"V-DEFLATE"	"TELL"
"message.gverbs.V-DIG.410.01"	"There's no reason to be digging here."	"There's no reason to be digging here."	"source"	"原文表示"	"gverbs.zil"	"410"	"V-DIG"	"TELL"
"message.gverbs.V-DIG.414.01"	"Digging with the "	"Digging with the "	"source"	"原文表示"	"gverbs.zil"	"414"	"V-DIG"	"TELL"
"message.gverbs.V-DIG.414.02"	" is slow and tedious."	" is slow and tedious."	"source"	"原文表示"	"gverbs.zil"	"414"	"V-DIG"	"TELL"
"message.gverbs.V-DIG.416.01"	"Digging with a "	"Digging with a "	"source"	"原文表示"	"gverbs.zil"	"416"	"V-DIG"	"TELL"
"message.gverbs.V-DIG.416.02"	" is silly."	" is silly."	"source"	"原文表示"	"gverbs.zil"	"416"	"V-DIG"	"TELL"
"message.gverbs.V-DISEMBARK.424.01"	"You're not in that!"	"You're not in that!"	"source"	"原文表示"	"gverbs.zil"	"424"	"V-DISEMBARK"	"TELL"
"message.gverbs.V-DISEMBARK.427.01"	"You are on your own feet again."	"You are on your own feet again."	"source"	"原文表示"	"gverbs.zil"	"427"	"V-DISEMBARK"	"TELL"
"message.gverbs.V-DISEMBARK.431.01"	"You realize that getting out here would be fatal."	"You realize that getting out here would be fatal."	"source"	"原文表示"	"gverbs.zil"	"431"	"V-DISEMBARK"	"TELL"
"message.gverbs.V-DISENCHANT.466.01"	"Nothing happens."	"Nothing happens."	"source"	"原文表示"	"gverbs.zil"	"466"	"V-DISENCHANT"	"TELL"
"message.gverbs.V-DRINK-FROM.472.01"	"How peculiar!"	"How peculiar!"	"source"	"原文表示"	"gverbs.zil"	"472"	"V-DRINK-FROM"	"TELL"
"message.gverbs.V-DROP.481.01"	"Dropped."	"Dropped."	"source"	"原文表示"	"gverbs.zil"	"481"	"V-DROP"	"TELL"
"message.gverbs.V-EAT.487.01"	"You're not holding that."	"You're not holding that."	"source"	"原文表示"	"gverbs.zil"	"487"	"V-EAT"	"TELL"
"message.gverbs.V-EAT.489.01"	"How can you drink that?"	"How can you drink that?"	"source"	"原文表示"	"gverbs.zil"	"489"	"V-EAT"	"TELL"
"message.gverbs.V-EAT.491.01"	"Thank you very much. It really hit the spot."	"Thank you very much. It really hit the spot."	"source"	"原文表示"	"gverbs.zil"	"491"	"V-EAT"	"TELL"
"message.gverbs.V-EAT.504.01"	"There isn't any water here."	"There isn't any water here."	"source"	"原文表示"	"gverbs.zil"	"504"	"V-EAT"	"TELL"
"message.gverbs.V-EAT.508.01"	"You have to be holding the "	"You have to be holding the "	"source"	"原文表示"	"gverbs.zil"	"508"	"V-EAT"	"TELL"
"message.gverbs.V-EAT.508.02"	" first."	" first."	"source"	"原文表示"	"gverbs.zil"	"508"	"V-EAT"	"TELL"
"message.gverbs.V-EAT.511.01"	"You'll have to open the "	"You'll have to open the "	"source"	"原文表示"	"gverbs.zil"	"511"	"V-EAT"	"TELL"
"message.gverbs.V-EAT.511.02"	" first."	" first."	"source"	"原文表示"	"gverbs.zil"	"511"	"V-EAT"	"TELL"
"message.gverbs.V-EAT.516.01"	"I don't think that the "	"I don't think that the "	"source"	"原文表示"	"gverbs.zil"	"516"	"V-EAT"	"TELL"
"message.gverbs.V-EAT.516.02"	" would agree with you."	" would agree with you."	"source"	"原文表示"	"gverbs.zil"	"516"	"V-EAT"	"TELL"
"message.gverbs.HIT-SPOT.523.01"	"Thank you very much. I was rather thirsty (from all this talking,\nprobably)."	"Thank you very much. I was rather thirsty (from all this talking,\nprobably)."	"source"	"原文表示"	"gverbs.zil"	"523"	"HIT-SPOT"	"TELL"
"message.gverbs.V-ECHO.536.01"	"..."	"..."	"source"	"原文表示"	"gverbs.zil"	"536"	"V-ECHO"	"TELL"
"message.gverbs.V-ECHO.545.01"	" "	" "	"source"	"原文表示"	"gverbs.zil"	"545"	"V-ECHO"	"TELL"
"message.gverbs.V-ECHO.546.01"	"echo echo ..."	"echo echo ..."	"source"	"原文表示"	"gverbs.zil"	"546"	"V-ECHO"	"TELL"
"message.gverbs.REMOVE-CAREFULLY.617.01"	"You are left in the dark..."	"You are left in the dark..."	"source"	"原文表示"	"gverbs.zil"	"617"	"REMOVE-CAREFULLY"	"TELL"
"message.gverbs.V-EXAMINE.630.01"	"There's nothing special about the "	"There's nothing special about the "	"source"	"原文表示"	"gverbs.zil"	"630"	"V-EXAMINE"	"TELL"
"message.gverbs.V-EXAMINE.630.02"	"."	"."	"source"	"原文表示"	"gverbs.zil"	"630"	"V-EXAMINE"	"TELL"
"message.gverbs.V-EXORCISE.644.01"	"What a bizarre concept!"	"What a bizarre concept!"	"source"	"原文表示"	"gverbs.zil"	"644"	"V-EXORCISE"	"TELL"
"message.gverbs.PRE-FILL.656.01"	"There is nothing to fill it with."	"There is nothing to fill it with."	"source"	"原文表示"	"gverbs.zil"	"656"	"PRE-FILL"	"TELL"
"message.gverbs.V-FILL.673.01"	"There's nothing to fill it with."	"There's nothing to fill it with."	"source"	"原文表示"	"gverbs.zil"	"673"	"V-FILL"	"TELL"
"message.gverbs.V-FILL.675.01"	"You may know how to do that, but I don't."	"You may know how to do that, but I don't."	"source"	"原文表示"	"gverbs.zil"	"675"	"V-FILL"	"TELL"
"message.gverbs.V-FIND.680.01"	"Within six feet of your head, assuming you haven't left that\nsomewhere."	"Within six feet of your head, assuming you haven't left that\nsomewhere."	"source"	"原文表示"	"gverbs.zil"	"680"	"V-FIND"	"TELL"
"message.gverbs.V-FIND.683.01"	"You're around here somewhere..."	"You're around here somewhere..."	"source"	"原文表示"	"gverbs.zil"	"683"	"V-FIND"	"TELL"
"message.gverbs.V-FIND.685.01"	"You find it."	"You find it."	"source"	"原文表示"	"gverbs.zil"	"685"	"V-FIND"	"TELL"
"message.gverbs.V-FIND.687.01"	"You have it."	"You have it."	"source"	"原文表示"	"gverbs.zil"	"687"	"V-FIND"	"TELL"
"message.gverbs.V-FIND.691.01"	"It's right here."	"It's right here."	"source"	"原文表示"	"gverbs.zil"	"691"	"V-FIND"	"TELL"
"message.gverbs.V-FIND.693.01"	"The "	"The "	"source"	"原文表示"	"gverbs.zil"	"693"	"V-FIND"	"TELL"
"message.gverbs.V-FIND.693.02"	" has it."	" has it."	"source"	"原文表示"	"gverbs.zil"	"693"	"V-FIND"	"TELL"
"message.gverbs.V-FIND.695.01"	"It's on the "	"It's on the "	"source"	"原文表示"	"gverbs.zil"	"695"	"V-FIND"	"TELL"
"message.gverbs.V-FIND.695.02"	"."	"."	"source"	"原文表示"	"gverbs.zil"	"695"	"V-FIND"	"TELL"
"message.gverbs.V-FIND.697.01"	"It's in the "	"It's in the "	"source"	"原文表示"	"gverbs.zil"	"697"	"V-FIND"	"TELL"
"message.gverbs.V-FIND.697.02"	"."	"."	"source"	"原文表示"	"gverbs.zil"	"697"	"V-FIND"	"TELL"
"message.gverbs.V-FIND.699.01"	"Beats me."	"Beats me."	"source"	"原文表示"	"gverbs.zil"	"699"	"V-FIND"	"TELL"
"message.gverbs.V-FOLLOW.702.01"	"You're nuts!"	"You're nuts!"	"source"	"原文表示"	"gverbs.zil"	"702"	"V-FOLLOW"	"TELL"
"message.gverbs.V-FROBOZZ.706.01"	"The FROBOZZ Corporation created, owns, and operates this dungeon."	"The FROBOZZ Corporation created, owns, and operates this dungeon."	"source"	"原文表示"	"gverbs.zil"	"706"	"V-FROBOZZ"	"TELL"
"message.gverbs.PRE-GIVE.711.01"	"That's easy for you to say since you don't even have the "	"That's easy for you to say since you don't even have the "	"source"	"原文表示"	"gverbs.zil"	"711"	"PRE-GIVE"	"TELL"
"message.gverbs.PRE-GIVE.711.02"	"."	"."	"source"	"原文表示"	"gverbs.zil"	"711"	"PRE-GIVE"	"TELL"
"message.gverbs.V-GIVE.715.01"	"You can't give a "	"You can't give a "	"source"	"原文表示"	"gverbs.zil"	"715"	"V-GIVE"	"TELL"
"message.gverbs.V-GIVE.715.02"	" to a "	" to a "	"source"	"原文表示"	"gverbs.zil"	"715"	"V-GIVE"	"TELL"
"message.gverbs.V-GIVE.715.03"	"!"	"!"	"source"	"原文表示"	"gverbs.zil"	"715"	"V-GIVE"	"TELL"
"message.gverbs.V-GIVE.717.01"	"The "	"The "	"source"	"原文表示"	"gverbs.zil"	"717"	"V-GIVE"	"TELL"
"message.gverbs.V-GIVE.717.02"	" refuses it politely."	" refuses it politely."	"source"	"原文表示"	"gverbs.zil"	"717"	"V-GIVE"	"TELL"
"message.gverbs.V-HATCH.720.01"	"Bizarre!"	"Bizarre!"	"source"	"原文表示"	"gverbs.zil"	"720"	"V-HATCH"	"TELL"
"message.gverbs.V-HELLO.728.01"	"The "	"The "	"source"	"原文表示"	"gverbs.zil"	"728"	"V-HELLO"	"TELL"
"message.gverbs.V-HELLO.728.02"	" bows his head to you in greeting."	" bows his head to you in greeting."	"source"	"原文表示"	"gverbs.zil"	"728"	"V-HELLO"	"TELL"
"message.gverbs.V-HELLO.731.01"	"It's a well known fact that only schizophrenics say ""Hello"" to a "	"It's a well known fact that only schizophrenics say ""Hello"" to a "	"source"	"原文表示"	"gverbs.zil"	"731"	"V-HELLO"	"TELL"
"message.gverbs.V-HELLO.732.01"	"."	"."	"source"	"原文表示"	"gverbs.zil"	"732"	"V-HELLO"	"TELL"
"message.gverbs.V-INCANT.752.01"	"The incantation echoes back faintly, but nothing else happens."	"The incantation echoes back faintly, but nothing else happens."	"source"	"原文表示"	"gverbs.zil"	"752"	"V-INCANT"	"TELL"
"message.gverbs.V-INFLATE.758.01"	"How can you inflate that?"	"How can you inflate that?"	"source"	"原文表示"	"gverbs.zil"	"758"	"V-INFLATE"	"TELL"
"message.gverbs.V-KICK.760.01"	"Kicking the "	"Kicking the "	"source"	"原文表示"	"gverbs.zil"	"760"	"V-KICK"	"HACK-HACK"
"message.gverbs.V-KISS.763.01"	"I'd sooner kiss a pig."	"I'd sooner kiss a pig."	"source"	"原文表示"	"gverbs.zil"	"763"	"V-KISS"	"TELL"
"message.gverbs.V-KNOCK.767.01"	"Nobody's home."	"Nobody's home."	"source"	"原文表示"	"gverbs.zil"	"767"	"V-KNOCK"	"TELL"
"message.gverbs.V-KNOCK.769.01"	"Why knock on a "	"Why knock on a "	"source"	"原文表示"	"gverbs.zil"	"769"	"V-KNOCK"	"TELL"
"message.gverbs.V-KNOCK.769.02"	"?"	"?"	"source"	"原文表示"	"gverbs.zil"	"769"	"V-KNOCK"	"TELL"
"message.gverbs.V-LAMP-OFF.774.01"	"It is already off."	"It is already off."	"source"	"原文表示"	"gverbs.zil"	"774"	"V-LAMP-OFF"	"TELL"
"message.gverbs.V-LAMP-OFF.779.01"	"The "	"The "	"source"	"原文表示"	"gverbs.zil"	"779"	"V-LAMP-OFF"	"TELL"
"message.gverbs.V-LAMP-OFF.779.02"	" is now off."	" is now off."	"source"	"原文表示"	"gverbs.zil"	"779"	"V-LAMP-OFF"	"TELL"
"message.gverbs.V-LAMP-OFF.781.01"	"It is now pitch black."	"It is now pitch black."	"source"	"原文表示"	"gverbs.zil"	"781"	"V-LAMP-OFF"	"TELL"
"message.gverbs.V-LAMP-OFF.783.01"	"You can't turn that off."	"You can't turn that off."	"source"	"原文表示"	"gverbs.zil"	"783"	"V-LAMP-OFF"	"TELL"
"message.gverbs.V-LAMP-ON.789.01"	"It is already on."	"It is already on."	"source"	"原文表示"	"gverbs.zil"	"789"	"V-LAMP-ON"	"TELL"
"message.gverbs.V-LAMP-ON.792.01"	"The "	"The "	"source"	"原文表示"	"gverbs.zil"	"792"	"V-LAMP-ON"	"TELL"
"message.gverbs.V-LAMP-ON.792.02"	" is now on."	" is now on."	"source"	"原文表示"	"gverbs.zil"	"792"	"V-LAMP-ON"	"TELL"
"message.gverbs.V-LAMP-ON.799.01"	"If you wish to burn the "	"If you wish to burn the "	"source"	"原文表示"	"gverbs.zil"	"799"	"V-LAMP-ON"	"TELL"
"message.gverbs.V-LAMP-ON.799.02"	", you should say so."	", you should say so."	"source"	"原文表示"	"gverbs.zil"	"799"	"V-LAMP-ON"	"TELL"
"message.gverbs.V-LAMP-ON.801.01"	"You can't turn that on."	"You can't turn that on."	"source"	"原文表示"	"gverbs.zil"	"801"	"V-LAMP-ON"	"TELL"
"message.gverbs.V-LAUNCH.806.01"	"You can't launch that by saying ""launch""!"	"You can't launch that by saying ""launch""!"	"source"	"原文表示"	"gverbs.zil"	"806"	"V-LAUNCH"	"TELL"
"message.gverbs.V-LAUNCH.808.01"	"That's pretty weird."	"That's pretty weird."	"source"	"原文表示"	"gverbs.zil"	"808"	"V-LAUNCH"	"TELL"
"message.gverbs.V-LEAN-ON.811.01"	"Getting tired?"	"Getting tired?"	"source"	"原文表示"	"gverbs.zil"	"811"	"V-LEAN-ON"	"TELL"
"message.gverbs.V-LEAP.818.01"	"The "	"The "	"source"	"原文表示"	"gverbs.zil"	"818"	"V-LEAP"	"TELL"
"message.gverbs.V-LEAP.818.02"	" is too big to jump over."	" is too big to jump over."	"source"	"原文表示"	"gverbs.zil"	"818"	"V-LEAP"	"TELL"
"message.gverbs.V-LEAP.822.01"	"That would be a good trick."	"That would be a good trick."	"source"	"原文表示"	"gverbs.zil"	"822"	"V-LEAP"	"TELL"
"message.gverbs.V-LEAP.829.01"	"This was not a very safe place to try jumping."	"This was not a very safe place to try jumping."	"source"	"原文表示"	"gverbs.zil"	"829"	"V-LEAP"	"TELL"
"message.gverbs.V-LEAP.834.01"	"In a feat of unaccustomed daring, you manage to land on your feet without\nkilling yourself."	"In a feat of unaccustomed daring, you manage to land on your feet without\nkilling yourself."	"source"	"原文表示"	"gverbs.zil"	"834"	"V-LEAP"	"TELL"
"message.gverbs.JUMPLOSS.846.01"	"You should have looked before you leaped."	"You should have looked before you leaped."	"source"	"原文表示"	"gverbs.zil"	"846"	"JUMPLOSS"	"LTABLE"
"message.gverbs.JUMPLOSS.847.01"	"In the movies, your life would be passing before your eyes."	"In the movies, your life would be passing before your eyes."	"source"	"原文表示"	"gverbs.zil"	"847"	"JUMPLOSS"	"LTABLE"
"message.gverbs.JUMPLOSS.848.01"	"Geronimo..."	"Geronimo..."	"source"	"原文表示"	"gverbs.zil"	"848"	"JUMPLOSS"	"LTABLE"
"message.gverbs.V-LISTEN.853.01"	"The "	"The "	"source"	"原文表示"	"gverbs.zil"	"853"	"V-LISTEN"	"TELL"
"message.gverbs.V-LISTEN.853.02"	" makes no sound."	" makes no sound."	"source"	"原文表示"	"gverbs.zil"	"853"	"V-LISTEN"	"TELL"
"message.gverbs.V-LOCK.856.01"	"It doesn't seem to work."	"It doesn't seem to work."	"source"	"原文表示"	"gverbs.zil"	"856"	"V-LOCK"	"TELL"
"message.gverbs.V-LOOK-BEHIND.863.01"	"There is nothing behind the "	"There is nothing behind the "	"source"	"原文表示"	"gverbs.zil"	"863"	"V-LOOK-BEHIND"	"TELL"
"message.gverbs.V-LOOK-BEHIND.863.02"	"."	"."	"source"	"原文表示"	"gverbs.zil"	"863"	"V-LOOK-BEHIND"	"TELL"
"message.gverbs.V-LOOK-INSIDE.869.01"	"The "	"The "	"source"	"原文表示"	"gverbs.zil"	"869"	"V-LOOK-INSIDE"	"TELL"
"message.gverbs.V-LOOK-INSIDE.869.02"	" is open, but I can't tell what's beyond it."	" is open, but I can't tell what's beyond it."	"source"	"原文表示"	"gverbs.zil"	"869"	"V-LOOK-INSIDE"	"TELL"
"message.gverbs.V-LOOK-INSIDE.871.01"	"The "	"The "	"source"	"原文表示"	"gverbs.zil"	"871"	"V-LOOK-INSIDE"	"TELL"
"message.gverbs.V-LOOK-INSIDE.871.02"	" is closed."	" is closed."	"source"	"原文表示"	"gverbs.zil"	"871"	"V-LOOK-INSIDE"	"TELL"
"message.gverbs.V-LOOK-INSIDE.875.01"	"There is nothing special to be seen."	"There is nothing special to be seen."	"source"	"原文表示"	"gverbs.zil"	"875"	"V-LOOK-INSIDE"	"TELL"
"message.gverbs.V-LOOK-INSIDE.886.01"	"The "	"The "	"source"	"原文表示"	"gverbs.zil"	"886"	"V-LOOK-INSIDE"	"TELL"
"message.gverbs.V-LOOK-INSIDE.886.02"	" is empty."	" is empty."	"source"	"原文表示"	"gverbs.zil"	"886"	"V-LOOK-INSIDE"	"TELL"
"message.gverbs.V-LOOK-INSIDE.888.01"	"The "	"The "	"source"	"原文表示"	"gverbs.zil"	"888"	"V-LOOK-INSIDE"	"TELL"
"message.gverbs.V-LOOK-INSIDE.888.02"	" is closed."	" is closed."	"source"	"原文表示"	"gverbs.zil"	"888"	"V-LOOK-INSIDE"	"TELL"
"message.gverbs.V-LOOK-INSIDE.890.01"	"You can't look inside a "	"You can't look inside a "	"source"	"原文表示"	"gverbs.zil"	"890"	"V-LOOK-INSIDE"	"TELL"
"message.gverbs.V-LOOK-INSIDE.890.02"	"."	"."	"source"	"原文表示"	"gverbs.zil"	"890"	"V-LOOK-INSIDE"	"TELL"
"message.gverbs.V-LOOK-ON.897.01"	"Look on a "	"Look on a "	"source"	"原文表示"	"gverbs.zil"	"897"	"V-LOOK-ON"	"TELL"
"message.gverbs.V-LOOK-ON.897.02"	"???"	"???"	"source"	"原文表示"	"gverbs.zil"	"897"	"V-LOOK-ON"	"TELL"
"message.gverbs.V-LOOK-UNDER.900.01"	"There is nothing but dust there."	"There is nothing but dust there."	"source"	"原文表示"	"gverbs.zil"	"900"	"V-LOOK-UNDER"	"TELL"
"message.gverbs.V-LOWER.902.01"	"Playing in this way with the "	"Playing in this way with the "	"source"	"原文表示"	"gverbs.zil"	"902"	"V-LOWER"	"HACK-HACK"
"message.gverbs.V-MAKE.905.01"	"You can't do that."	"You can't do that."	"source"	"原文表示"	"gverbs.zil"	"905"	"V-MAKE"	"TELL"
"message.gverbs.V-MELT.908.01"	"It's not clear that a "	"It's not clear that a "	"source"	"原文表示"	"gverbs.zil"	"908"	"V-MELT"	"TELL"
"message.gverbs.V-MELT.908.02"	" can be melted."	" can be melted."	"source"	"原文表示"	"gverbs.zil"	"908"	"V-MELT"	"TELL"
"message.gverbs.PRE-MOVE.912.01"	"You aren't an accomplished enough juggler."	"You aren't an accomplished enough juggler."	"source"	"原文表示"	"gverbs.zil"	"912"	"PRE-MOVE"	"TELL"
"message.gverbs.V-MOVE.916.01"	"Moving the "	"Moving the "	"source"	"原文表示"	"gverbs.zil"	"916"	"V-MOVE"	"TELL"
"message.gverbs.V-MOVE.916.02"	" reveals nothing."	" reveals nothing."	"source"	"原文表示"	"gverbs.zil"	"916"	"V-MOVE"	"TELL"
"message.gverbs.V-MOVE.918.01"	"You can't move the "	"You can't move the "	"source"	"原文表示"	"gverbs.zil"	"918"	"V-MOVE"	"TELL"
"message.gverbs.V-MOVE.918.02"	"."	"."	"source"	"原文表示"	"gverbs.zil"	"918"	"V-MOVE"	"TELL"
"message.gverbs.V-MUMBLE.921.01"	"You'll have to speak up if you expect me to hear you!"	"You'll have to speak up if you expect me to hear you!"	"source"	"原文表示"	"gverbs.zil"	"921"	"V-MUMBLE"	"TELL"
"message.gverbs.PRE-MUNG.931.01"	"Trying to destroy the "	"Trying to destroy the "	"source"	"原文表示"	"gverbs.zil"	"931"	"PRE-MUNG"	"TELL"
"message.gverbs.PRE-MUNG.931.02"	" with "	" with "	"source"	"原文表示"	"gverbs.zil"	"931"	"PRE-MUNG"	"TELL"
"message.gverbs.PRE-MUNG.933.01"	"your bare hands"	"your bare hands"	"source"	"原文表示"	"gverbs.zil"	"933"	"PRE-MUNG"	"TELL"
"message.gverbs.PRE-MUNG.935.01"	"a "	"a "	"source"	"原文表示"	"gverbs.zil"	"935"	"PRE-MUNG"	"TELL"
"message.gverbs.PRE-MUNG.936.01"	" is futile."	" is futile."	"source"	"原文表示"	"gverbs.zil"	"936"	"PRE-MUNG"	"TELL"
"message.gverbs.V-MUNG.943.01"	"Nice try."	"Nice try."	"source"	"原文表示"	"gverbs.zil"	"943"	"V-MUNG"	"TELL"
"message.gverbs.V-ODYSSEUS.953.01"	"The cyclops, hearing the name of his father's deadly nemesis, flees the room\nby knocking down the wall on the east of the room."	"The cyclops, hearing the name of his father's deadly nemesis, flees the room\nby knocking down the wall on the east of the room."	"source"	"原文表示"	"gverbs.zil"	"953"	"V-ODYSSEUS"	"TELL"
"message.gverbs.V-ODYSSEUS.961.01"	"Wasn't he a sailor?"	"Wasn't he a sailor?"	"source"	"原文表示"	"gverbs.zil"	"961"	"V-ODYSSEUS"	"TELL"
"message.gverbs.V-OIL.964.01"	"You probably put spinach in your gas tank, too."	"You probably put spinach in your gas tank, too."	"source"	"原文表示"	"gverbs.zil"	"964"	"V-OIL"	"TELL"
"message.gverbs.V-OPEN.970.01"	"It is already open."	"It is already open."	"source"	"原文表示"	"gverbs.zil"	"970"	"V-OPEN"	"TELL"
"message.gverbs.V-OPEN.975.01"	"Opened."	"Opened."	"source"	"原文表示"	"gverbs.zil"	"975"	"V-OPEN"	"TELL"
"message.gverbs.V-OPEN.980.01"	"The "	"The "	"source"	"原文表示"	"gverbs.zil"	"980"	"V-OPEN"	"TELL"
"message.gverbs.V-OPEN.980.02"	" opens."	" opens."	"source"	"原文表示"	"gverbs.zil"	"980"	"V-OPEN"	"TELL"
"message.gverbs.V-OPEN.983.01"	"Opening the "	"Opening the "	"source"	"原文表示"	"gverbs.zil"	"983"	"V-OPEN"	"TELL"
"message.gverbs.V-OPEN.983.02"	" reveals "	" reveals "	"source"	"原文表示"	"gverbs.zil"	"983"	"V-OPEN"	"TELL"
"message.gverbs.V-OPEN.985.01"	"."	"."	"source"	"原文表示"	"gverbs.zil"	"985"	"V-OPEN"	"TELL"
"message.gverbs.V-OPEN.988.01"	"It is already open."	"It is already open."	"source"	"原文表示"	"gverbs.zil"	"988"	"V-OPEN"	"TELL"
"message.gverbs.V-OPEN.990.01"	"The "	"The "	"source"	"原文表示"	"gverbs.zil"	"990"	"V-OPEN"	"TELL"
"message.gverbs.V-OPEN.990.02"	" opens."	" opens."	"source"	"原文表示"	"gverbs.zil"	"990"	"V-OPEN"	"TELL"
"message.gverbs.V-OPEN.994.01"	"You must tell me how to do that to a "	"You must tell me how to do that to a "	"source"	"原文表示"	"gverbs.zil"	"994"	"V-OPEN"	"TELL"
"message.gverbs.V-OPEN.994.02"	"."	"."	"source"	"原文表示"	"gverbs.zil"	"994"	"V-OPEN"	"TELL"
"message.gverbs.V-OVERBOARD.1001.01"	"Ahoy -- "	"Ahoy -- "	"source"	"原文表示"	"gverbs.zil"	"1001"	"V-OVERBOARD"	"TELL"
"message.gverbs.V-OVERBOARD.1001.02"	" overboard!"	" overboard!"	"source"	"原文表示"	"gverbs.zil"	"1001"	"V-OVERBOARD"	"TELL"
"message.gverbs.V-OVERBOARD.1003.01"	"You're not in anything!"	"You're not in anything!"	"source"	"原文表示"	"gverbs.zil"	"1003"	"V-OVERBOARD"	"TELL"
"message.gverbs.V-OVERBOARD.1009.01"	"Huh?"	"Huh?"	"source"	"原文表示"	"gverbs.zil"	"1009"	"V-OVERBOARD"	"TELL"
"message.gverbs.V-PICK.1011.01"	"You can't pick that."	"You can't pick that."	"source"	"原文表示"	"gverbs.zil"	"1011"	"V-PICK"	"TELL"
"message.gverbs.V-PLAY.1016.01"	"You become so engrossed in the role of the "	"You become so engrossed in the role of the "	"source"	"原文表示"	"gverbs.zil"	"1016"	"V-PLAY"	"TELL"
"message.gverbs.V-PLAY.1016.02"	" that\nyou kill yourself, just as he might have done!"	" that\nyou kill yourself, just as he might have done!"	"source"	"原文表示"	"gverbs.zil"	"1016"	"V-PLAY"	"TELL"
"message.gverbs.V-PLAY.1018.01"	""	""	"source"	"原文表示"	"gverbs.zil"	"1018"	"V-PLAY"	"JIGS-UP"
"message.gverbs.V-PLAY.1019.01"	"That's silly!"	"That's silly!"	"source"	"原文表示"	"gverbs.zil"	"1019"	"V-PLAY"	"TELL"
"message.gverbs.V-PLUG.1022.01"	"This has no effect."	"This has no effect."	"source"	"原文表示"	"gverbs.zil"	"1022"	"V-PLUG"	"TELL"
"message.gverbs.V-POUR-ON.1028.01"	"The "	"The "	"source"	"原文表示"	"gverbs.zil"	"1028"	"V-POUR-ON"	"TELL"
"message.gverbs.V-POUR-ON.1028.02"	" is extinguished."	" is extinguished."	"source"	"原文表示"	"gverbs.zil"	"1028"	"V-POUR-ON"	"TELL"
"message.gverbs.V-POUR-ON.1037.01"	"The water spills over the "	"The water spills over the "	"source"	"原文表示"	"gverbs.zil"	"1037"	"V-POUR-ON"	"TELL"
"message.gverbs.V-POUR-ON.1037.02"	", to the floor, and evaporates."	", to the floor, and evaporates."	"source"	"原文表示"	"gverbs.zil"	"1037"	"V-POUR-ON"	"TELL"
"message.gverbs.V-POUR-ON.1044.01"	"You can't pour that."	"You can't pour that."	"source"	"原文表示"	"gverbs.zil"	"1044"	"V-POUR-ON"	"TELL"
"message.gverbs.V-PRAY.1054.01"	"If you pray enough, your prayers may be answered."	"If you pray enough, your prayers may be answered."	"source"	"原文表示"	"gverbs.zil"	"1054"	"V-PRAY"	"TELL"
"message.gverbs.V-PUMP.1059.01"	"Pump it up with a "	"Pump it up with a "	"source"	"原文表示"	"gverbs.zil"	"1059"	"V-PUMP"	"TELL"
"message.gverbs.V-PUMP.1059.02"	"?"	"?"	"source"	"原文表示"	"gverbs.zil"	"1059"	"V-PUMP"	"TELL"
"message.gverbs.V-PUMP.1068.01"	"It's really not clear how."	"It's really not clear how."	"source"	"原文表示"	"gverbs.zil"	"1068"	"V-PUMP"	"TELL"
"message.gverbs.V-PUSH.1070.01"	"Pushing the "	"Pushing the "	"source"	"原文表示"	"gverbs.zil"	"1070"	"V-PUSH"	"HACK-HACK"
"message.gverbs.V-PUSH-TO.1073.01"	"You can't push things to that."	"You can't push things to that."	"source"	"原文表示"	"gverbs.zil"	"1073"	"V-PUSH-TO"	"TELL"
"message.gverbs.V-PUT.1090.01"	"You can't do that."	"You can't do that."	"source"	"原文表示"	"gverbs.zil"	"1090"	"V-PUT"	"TELL"
"message.gverbs.V-PUT.1093.01"	"The "	"The "	"source"	"原文表示"	"gverbs.zil"	"1093"	"V-PUT"	"TELL"
"message.gverbs.V-PUT.1093.02"	" isn't open."	" isn't open."	"source"	"原文表示"	"gverbs.zil"	"1093"	"V-PUT"	"TELL"
"message.gverbs.V-PUT.1096.01"	"How can you do that?"	"How can you do that?"	"source"	"原文表示"	"gverbs.zil"	"1096"	"V-PUT"	"TELL"
"message.gverbs.V-PUT.1098.01"	"The "	"The "	"source"	"原文表示"	"gverbs.zil"	"1098"	"V-PUT"	"TELL"
"message.gverbs.V-PUT.1098.02"	" is already in the "	" is already in the "	"source"	"原文表示"	"gverbs.zil"	"1098"	"V-PUT"	"TELL"
"message.gverbs.V-PUT.1098.03"	"."	"."	"source"	"原文表示"	"gverbs.zil"	"1098"	"V-PUT"	"TELL"
"message.gverbs.V-PUT.1102.01"	"There's no room."	"There's no room."	"source"	"原文表示"	"gverbs.zil"	"1102"	"V-PUT"	"TELL"
"message.gverbs.V-PUT.1105.01"	"You don't have the "	"You don't have the "	"source"	"原文表示"	"gverbs.zil"	"1105"	"V-PUT"	"TELL"
"message.gverbs.V-PUT.1105.02"	"."	"."	"source"	"原文表示"	"gverbs.zil"	"1105"	"V-PUT"	"TELL"
"message.gverbs.V-PUT.1114.01"	"Done."	"Done."	"source"	"原文表示"	"gverbs.zil"	"1114"	"V-PUT"	"TELL"
"message.gverbs.V-PUT-BEHIND.1117.01"	"That hiding place is too obvious."	"That hiding place is too obvious."	"source"	"原文表示"	"gverbs.zil"	"1117"	"V-PUT-BEHIND"	"TELL"
"message.gverbs.V-PUT-ON.1126.01"	"There's no good surface on the "	"There's no good surface on the "	"source"	"原文表示"	"gverbs.zil"	"1126"	"V-PUT-ON"	"TELL"
"message.gverbs.V-PUT-ON.1126.02"	"."	"."	"source"	"原文表示"	"gverbs.zil"	"1126"	"V-PUT-ON"	"TELL"
"message.gverbs.V-PUT-UNDER.1129.01"	"You can't do that."	"You can't do that."	"source"	"原文表示"	"gverbs.zil"	"1129"	"V-PUT-UNDER"	"TELL"
"message.gverbs.V-RAPE.1135.01"	"What a (ahem!) strange idea."	"What a (ahem!) strange idea."	"source"	"原文表示"	"gverbs.zil"	"1135"	"V-RAPE"	"TELL"
"message.gverbs.PRE-READ.1139.01"	"It is impossible to read in the dark."	"It is impossible to read in the dark."	"source"	"原文表示"	"gverbs.zil"	"1139"	"PRE-READ"	"TELL"
"message.gverbs.PRE-READ.1141.01"	"How does one look through a "	"How does one look through a "	"source"	"原文表示"	"gverbs.zil"	"1141"	"PRE-READ"	"TELL"
"message.gverbs.PRE-READ.1141.02"	"?"	"?"	"source"	"原文表示"	"gverbs.zil"	"1141"	"PRE-READ"	"TELL"
"message.gverbs.V-READ.1145.01"	"How does one read a "	"How does one read a "	"source"	"原文表示"	"gverbs.zil"	"1145"	"V-READ"	"TELL"
"message.gverbs.V-READ.1145.02"	"?"	"?"	"source"	"原文表示"	"gverbs.zil"	"1145"	"V-READ"	"TELL"
"message.gverbs.V-REPENT.1154.01"	"It could very well be too late!"	"It could very well be too late!"	"source"	"原文表示"	"gverbs.zil"	"1154"	"V-REPENT"	"TELL"
"message.gverbs.V-REPLY.1157.01"	"It is hardly likely that the "	"It is hardly likely that the "	"source"	"原文表示"	"gverbs.zil"	"1157"	"V-REPLY"	"TELL"
"message.gverbs.V-REPLY.1157.02"	" is interested."	" is interested."	"source"	"原文表示"	"gverbs.zil"	"1157"	"V-REPLY"	"TELL"
"message.gverbs.V-RING.1163.01"	"How, exactly, can you ring that?"	"How, exactly, can you ring that?"	"source"	"原文表示"	"gverbs.zil"	"1163"	"V-RING"	"TELL"
"message.gverbs.V-RUB.1165.01"	"Fiddling with the "	"Fiddling with the "	"source"	"原文表示"	"gverbs.zil"	"1165"	"V-RUB"	"HACK-HACK"
"message.gverbs.V-SAY.1185.01"	"Say what?"	"Say what?"	"source"	"原文表示"	"gverbs.zil"	"1185"	"V-SAY"	"TELL"
"message.gverbs.V-SAY.1189.01"	"You must address the "	"You must address the "	"source"	"原文表示"	"gverbs.zil"	"1189"	"V-SAY"	"TELL"
"message.gverbs.V-SAY.1189.02"	" directly."	" directly."	"source"	"原文表示"	"gverbs.zil"	"1189"	"V-SAY"	"TELL"
"message.gverbs.V-SAY.1194.01"	"Talking to yourself is a sign of impending mental collapse."	"Talking to yourself is a sign of impending mental collapse."	"source"	"原文表示"	"gverbs.zil"	"1194"	"V-SAY"	"TELL"
"message.gverbs.V-SEARCH.1198.01"	"You find nothing unusual."	"You find nothing unusual."	"source"	"原文表示"	"gverbs.zil"	"1198"	"V-SEARCH"	"TELL"
"message.gverbs.V-SEND.1202.01"	"Why would you send for the "	"Why would you send for the "	"source"	"原文表示"	"gverbs.zil"	"1202"	"V-SEND"	"TELL"
"message.gverbs.V-SEND.1202.02"	"?"	"?"	"source"	"原文表示"	"gverbs.zil"	"1202"	"V-SEND"	"TELL"
"message.gverbs.V-SEND.1204.01"	"That doesn't make sends."	"That doesn't make sends."	"source"	"原文表示"	"gverbs.zil"	"1204"	"V-SEND"	"TELL"
"message.gverbs.V-SGIVE.1211.01"	"Foo!"	"Foo!"	"source"	"原文表示"	"gverbs.zil"	"1211"	"V-SGIVE"	"TELL"
"message.gverbs.V-SHAKE.1215.01"	"This seems to have no effect."	"This seems to have no effect."	"source"	"原文表示"	"gverbs.zil"	"1215"	"V-SHAKE"	"TELL"
"message.gverbs.V-SHAKE.1217.01"	"You can't take it; thus, you can't shake it!"	"You can't take it; thus, you can't shake it!"	"source"	"原文表示"	"gverbs.zil"	"1217"	"V-SHAKE"	"TELL"
"message.gverbs.V-SHAKE.1222.01"	"The contents of the "	"The contents of the "	"source"	"原文表示"	"gverbs.zil"	"1222"	"V-SHAKE"	"TELL"
"message.gverbs.V-SHAKE.1222.02"	" spill "	" spill "	"source"	"原文表示"	"gverbs.zil"	"1222"	"V-SHAKE"	"TELL"
"message.gverbs.V-SHAKE.1227.01"	"out and disappears"	"out and disappears"	"source"	"原文表示"	"gverbs.zil"	"1227"	"V-SHAKE"	"TELL"
"message.gverbs.V-SHAKE.1229.01"	"to the ground"	"to the ground"	"source"	"原文表示"	"gverbs.zil"	"1229"	"V-SHAKE"	"TELL"
"message.gverbs.V-SHAKE.1230.01"	"."	"."	"source"	"原文表示"	"gverbs.zil"	"1230"	"V-SHAKE"	"TELL"
"message.gverbs.V-SHAKE.1232.01"	"Shaken."	"Shaken."	"source"	"原文表示"	"gverbs.zil"	"1232"	"V-SHAKE"	"TELL"
"message.gverbs.V-SHAKE.1236.01"	"It sounds like there is something inside the "	"It sounds like there is something inside the "	"source"	"原文表示"	"gverbs.zil"	"1236"	"V-SHAKE"	"TELL"
"message.gverbs.V-SHAKE.1236.02"	"."	"."	"source"	"原文表示"	"gverbs.zil"	"1236"	"V-SHAKE"	"TELL"
"message.gverbs.V-SHAKE.1238.01"	"The "	"The "	"source"	"原文表示"	"gverbs.zil"	"1238"	"V-SHAKE"	"TELL"
"message.gverbs.V-SHAKE.1238.02"	" sounds empty."	" sounds empty."	"source"	"原文表示"	"gverbs.zil"	"1238"	"V-SHAKE"	"TELL"
"message.gverbs.V-SHAKE.1240.01"	"Shaken."	"Shaken."	"source"	"原文表示"	"gverbs.zil"	"1240"	"V-SHAKE"	"TELL"
"message.gverbs.WHEEEEE.1273.01"	"Very good. Now you can go to the second grade."	"Very good. Now you can go to the second grade."	"source"	"原文表示"	"gverbs.zil"	"1273"	"WHEEEEE"	"LTABLE"
"message.gverbs.WHEEEEE.1274.01"	"Are you enjoying yourself?"	"Are you enjoying yourself?"	"source"	"原文表示"	"gverbs.zil"	"1274"	"WHEEEEE"	"LTABLE"
"message.gverbs.WHEEEEE.1275.01"	"Wheeeeeeeeee!!!!!"	"Wheeeeeeeeee!!!!!"	"source"	"原文表示"	"gverbs.zil"	"1275"	"WHEEEEE"	"LTABLE"
"message.gverbs.WHEEEEE.1276.01"	"Do you expect me to applaud?"	"Do you expect me to applaud?"	"source"	"原文表示"	"gverbs.zil"	"1276"	"WHEEEEE"	"LTABLE"
"message.gverbs.V-SMELL.1279.01"	"It smells like a "	"It smells like a "	"source"	"原文表示"	"gverbs.zil"	"1279"	"V-SMELL"	"TELL"
"message.gverbs.V-SMELL.1279.02"	"."	"."	"source"	"原文表示"	"gverbs.zil"	"1279"	"V-SMELL"	"TELL"
"message.gverbs.V-SPIN.1282.01"	"You can't spin that!"	"You can't spin that!"	"source"	"原文表示"	"gverbs.zil"	"1282"	"V-SPIN"	"TELL"
"message.gverbs.V-SQUEEZE.1289.01"	"The "	"The "	"source"	"原文表示"	"gverbs.zil"	"1289"	"V-SQUEEZE"	"TELL"
"message.gverbs.V-SQUEEZE.1289.02"	" does not understand this."	" does not understand this."	"source"	"原文表示"	"gverbs.zil"	"1289"	"V-SQUEEZE"	"TELL"
"message.gverbs.V-SQUEEZE.1291.01"	"How singularly useless."	"How singularly useless."	"source"	"原文表示"	"gverbs.zil"	"1291"	"V-SQUEEZE"	"TELL"
"message.gverbs.V-STAB.1303.01"	"No doubt you propose to stab the "	"No doubt you propose to stab the "	"source"	"原文表示"	"gverbs.zil"	"1303"	"V-STAB"	"TELL"
"message.gverbs.V-STAB.1303.02"	" with your pinky?"	" with your pinky?"	"source"	"原文表示"	"gverbs.zil"	"1303"	"V-STAB"	"TELL"
"message.gverbs.V-STAND.1310.01"	"You are already standing, I think."	"You are already standing, I think."	"source"	"原文表示"	"gverbs.zil"	"1310"	"V-STAND"	"TELL"
"message.gverbs.V-STAY.1313.01"	"You will be lost without me!"	"You will be lost without me!"	"source"	"原文表示"	"gverbs.zil"	"1313"	"V-STAY"	"TELL"
"message.gverbs.V-STRIKE.1318.01"	"Since you aren't versed in hand-to-hand combat, you'd better attack the "	"Since you aren't versed in hand-to-hand combat, you'd better attack the "	"source"	"原文表示"	"gverbs.zil"	"1318"	"V-STRIKE"	"TELL"
"message.gverbs.V-STRIKE.1319.01"	" with a weapon."	" with a weapon."	"source"	"原文表示"	"gverbs.zil"	"1319"	"V-STRIKE"	"TELL"
"message.gverbs.V-SWIM.1328.01"	"Swimming isn't usually allowed in the "	"Swimming isn't usually allowed in the "	"source"	"原文表示"	"gverbs.zil"	"1328"	"V-SWIM"	"TELL"
"message.gverbs.V-SWIM.1330.01"	"."	"."	"source"	"原文表示"	"gverbs.zil"	"1330"	"V-SWIM"	"TELL"
"message.gverbs.V-SWIM.1332.01"	"dungeon."	"dungeon."	"source"	"原文表示"	"gverbs.zil"	"1332"	"V-SWIM"	"TELL"
"message.gverbs.V-SWIM.1345.01"	"Go jump in a lake!"	"Go jump in a lake!"	"source"	"原文表示"	"gverbs.zil"	"1345"	"V-SWIM"	"TELL"
"message.gverbs.V-SWING.1349.01"	"Whoosh!"	"Whoosh!"	"source"	"原文表示"	"gverbs.zil"	"1349"	"V-SWING"	"TELL"
"message.gverbs.PRE-TAKE.1356.01"	"You are already wearing it."	"You are already wearing it."	"source"	"原文表示"	"gverbs.zil"	"1356"	"PRE-TAKE"	"TELL"
"message.gverbs.PRE-TAKE.1358.01"	"You already have that!"	"You already have that!"	"source"	"原文表示"	"gverbs.zil"	"1358"	"PRE-TAKE"	"TELL"
"message.gverbs.PRE-TAKE.1362.01"	"You can't reach something that's inside a closed container."	"You can't reach something that's inside a closed container."	"source"	"原文表示"	"gverbs.zil"	"1362"	"PRE-TAKE"	"TELL"
"message.gverbs.PRE-TAKE.1375.01"	"The "	"The "	"source"	"原文表示"	"gverbs.zil"	"1375"	"PRE-TAKE"	"TELL"
"message.gverbs.PRE-TAKE.1375.02"	" isn't in the "	" isn't in the "	"source"	"原文表示"	"gverbs.zil"	"1375"	"PRE-TAKE"	"TELL"
"message.gverbs.PRE-TAKE.1375.03"	"."	"."	"source"	"原文表示"	"gverbs.zil"	"1375"	"PRE-TAKE"	"TELL"
"message.gverbs.PRE-TAKE.1380.01"	"You're inside of it!"	"You're inside of it!"	"source"	"原文表示"	"gverbs.zil"	"1380"	"PRE-TAKE"	"TELL"
"message.gverbs.V-TAKE.1385.01"	"You are now wearing the "	"You are now wearing the "	"source"	"原文表示"	"gverbs.zil"	"1385"	"V-TAKE"	"TELL"
"message.gverbs.V-TAKE.1385.02"	"."	"."	"source"	"原文表示"	"gverbs.zil"	"1385"	"V-TAKE"	"TELL"
"message.gverbs.V-TAKE.1387.01"	"Taken."	"Taken."	"source"	"原文表示"	"gverbs.zil"	"1387"	"V-TAKE"	"TELL"
"message.gverbs.V-TELL.1395.01"	"The "	"The "	"source"	"原文表示"	"gverbs.zil"	"1395"	"V-TELL"	"TELL"
"message.gverbs.V-TELL.1396.01"	" pauses for a moment, perhaps thinking that you should reread\nthe manual."	" pauses for a moment, perhaps thinking that you should reread\nthe manual."	"source"	"原文表示"	"gverbs.zil"	"1396"	"V-TELL"	"TELL"
"message.gverbs.V-TELL.1399.01"	"You can't talk to the "	"You can't talk to the "	"source"	"原文表示"	"gverbs.zil"	"1399"	"V-TELL"	"TELL"
"message.gverbs.V-TELL.1399.02"	"!"	"!"	"source"	"原文表示"	"gverbs.zil"	"1399"	"V-TELL"	"TELL"
"message.gverbs.V-THROUGH.1439.01"	"You hit your head against the "	"You hit your head against the "	"source"	"原文表示"	"gverbs.zil"	"1439"	"V-THROUGH"	"TELL"
"message.gverbs.V-THROUGH.1439.02"	" as you attempt this feat."	" as you attempt this feat."	"source"	"原文表示"	"gverbs.zil"	"1439"	"V-THROUGH"	"TELL"
"message.gverbs.V-THROUGH.1441.01"	"That would involve quite a contortion!"	"That would involve quite a contortion!"	"source"	"原文表示"	"gverbs.zil"	"1441"	"V-THROUGH"	"TELL"
"message.gverbs.V-THROW.1449.01"	"A terrific throw! The "	"A terrific throw! The "	"source"	"原文表示"	"gverbs.zil"	"1449"	"V-THROW"	"TELL"
"message.gverbs.V-THROW.1451.01"	" hits you squarely in the head. Normally,\nthis wouldn't do much damage, but by incredible mischance, you fall over\nbackwards trying to duck, and break your neck, justice being swift and\nmerciful in the Great Underground Empire."	" hits you squarely in the head. Normally,\nthis wouldn't do much damage, but by incredible mischance, you fall over\nbackwards trying to duck, and break your neck, justice being swift and\nmerciful in the Great Underground Empire."	"source"	"原文表示"	"gverbs.zil"	"1451"	"V-THROW"	"JIGS-UP"
"message.gverbs.V-THROW.1457.01"	"The "	"The "	"source"	"原文表示"	"gverbs.zil"	"1457"	"V-THROW"	"TELL"
"message.gverbs.V-THROW.1457.02"	" ducks as the "	" ducks as the "	"source"	"原文表示"	"gverbs.zil"	"1457"	"V-THROW"	"TELL"
"message.gverbs.V-THROW.1457.03"	" flies by and crashes to the ground."	" flies by and crashes to the ground."	"source"	"原文表示"	"gverbs.zil"	"1457"	"V-THROW"	"TELL"
"message.gverbs.V-THROW.1459.01"	"Thrown."	"Thrown."	"source"	"原文表示"	"gverbs.zil"	"1459"	"V-THROW"	"TELL"
"message.gverbs.V-THROW.1460.01"	"Huh?"	"Huh?"	"source"	"原文表示"	"gverbs.zil"	"1460"	"V-THROW"	"TELL"
"message.gverbs.V-THROW-OFF.1463.01"	"You can't throw anything off of that!"	"You can't throw anything off of that!"	"source"	"原文表示"	"gverbs.zil"	"1463"	"V-THROW-OFF"	"TELL"
"message.gverbs.V-TIE.1467.01"	"You can't tie anything to yourself."	"You can't tie anything to yourself."	"source"	"原文表示"	"gverbs.zil"	"1467"	"V-TIE"	"TELL"
"message.gverbs.V-TIE.1469.01"	"You can't tie the "	"You can't tie the "	"source"	"原文表示"	"gverbs.zil"	"1469"	"V-TIE"	"TELL"
"message.gverbs.V-TIE.1469.02"	" to that."	" to that."	"source"	"原文表示"	"gverbs.zil"	"1469"	"V-TIE"	"TELL"
"message.gverbs.V-TIE-UP.1472.01"	"You could certainly never tie it with that!"	"You could certainly never tie it with that!"	"source"	"原文表示"	"gverbs.zil"	"1472"	"V-TIE-UP"	"TELL"
"message.gverbs.V-TREASURE.1486.01"	"Nothing happens."	"Nothing happens."	"source"	"原文表示"	"gverbs.zil"	"1486"	"V-TREASURE"	"TELL"
"message.gverbs.PRE-TURN.1501.01"	"Your bare hands don't appear to be enough."	"Your bare hands don't appear to be enough."	"source"	"原文表示"	"gverbs.zil"	"1501"	"PRE-TURN"	"TELL"
"message.gverbs.PRE-TURN.1503.01"	"You can't turn that!"	"You can't turn that!"	"source"	"原文表示"	"gverbs.zil"	"1503"	"PRE-TURN"	"TELL"
"message.gverbs.V-TURN.1506.01"	"This has no effect."	"This has no effect."	"source"	"原文表示"	"gverbs.zil"	"1506"	"V-TURN"	"TELL"
"message.gverbs.V-UNTIE.1512.01"	"This cannot be tied, so it cannot be untied!"	"This cannot be tied, so it cannot be untied!"	"source"	"原文表示"	"gverbs.zil"	"1512"	"V-UNTIE"	"TELL"
"message.gverbs.V-WAIT.1515.01"	"Time passes..."	"Time passes..."	"source"	"原文表示"	"gverbs.zil"	"1515"	"V-WAIT"	"TELL"
"message.gverbs.V-WALK.1548.01"	"You can't go that way."	"You can't go that way."	"source"	"原文表示"	"gverbs.zil"	"1548"	"V-WALK"	"TELL"
"message.gverbs.V-WALK.1557.01"	"The "	"The "	"source"	"原文表示"	"gverbs.zil"	"1557"	"V-WALK"	"TELL"
"message.gverbs.V-WALK.1557.02"	" is closed."	" is closed."	"source"	"原文表示"	"gverbs.zil"	"1557"	"V-WALK"	"TELL"
"message.gverbs.V-WALK.1566.01"	"There are odd noises in the darkness, and there is no exit in that\ndirection."	"There are odd noises in the darkness, and there is no exit in that\ndirection."	"source"	"原文表示"	"gverbs.zil"	"1566"	"V-WALK"	"TELL"
"message.gverbs.V-WALK.1578.01"	"Oh, no! You have walked into the slavering fangs of a lurking grue!"	"Oh, no! You have walked into the slavering fangs of a lurking grue!"	"source"	"原文表示"	"gverbs.zil"	"1578"	"V-WALK"	"JIGS-UP"
"message.gverbs.V-WALK.1580.01"	"You can't go that way."	"You can't go that way."	"source"	"原文表示"	"gverbs.zil"	"1580"	"V-WALK"	"TELL"
"message.gverbs.V-WALK-AROUND.1584.01"	"Use compass directions for movement."	"Use compass directions for movement."	"source"	"原文表示"	"gverbs.zil"	"1584"	"V-WALK-AROUND"	"TELL"
"message.gverbs.V-WALK-TO.1590.01"	"It's here!"	"It's here!"	"source"	"原文表示"	"gverbs.zil"	"1590"	"V-WALK-TO"	"TELL"
"message.gverbs.V-WALK-TO.1592.01"	"You should supply a direction!"	"You should supply a direction!"	"source"	"原文表示"	"gverbs.zil"	"1592"	"V-WALK-TO"	"TELL"
"message.gverbs.V-WAVE.1595.01"	"Waving the "	"Waving the "	"source"	"原文表示"	"gverbs.zil"	"1595"	"V-WAVE"	"HACK-HACK"
"message.gverbs.V-WEAR.1599.01"	"You can't wear the "	"You can't wear the "	"source"	"原文表示"	"gverbs.zil"	"1599"	"V-WEAR"	"TELL"
"message.gverbs.V-WEAR.1599.02"	"."	"."	"source"	"原文表示"	"gverbs.zil"	"1599"	"V-WEAR"	"TELL"
"message.gverbs.V-WIN.1605.01"	"Naturally!"	"Naturally!"	"source"	"原文表示"	"gverbs.zil"	"1605"	"V-WIN"	"TELL"
"message.gverbs.V-WIND.1608.01"	"You cannot wind up a "	"You cannot wind up a "	"source"	"原文表示"	"gverbs.zil"	"1608"	"V-WIND"	"TELL"
"message.gverbs.V-WIND.1608.02"	"."	"."	"source"	"原文表示"	"gverbs.zil"	"1608"	"V-WIND"	"TELL"
"message.gverbs.V-WISH.1614.01"	"With luck, your wish will come true."	"With luck, your wish will come true."	"source"	"原文表示"	"gverbs.zil"	"1614"	"V-WISH"	"TELL"
"message.gverbs.V-YELL.1616.01"	"Aaaarrrrgggghhhh!"	"Aaaarrrrgggghhhh!"	"source"	"原文表示"	"gverbs.zil"	"1616"	"V-YELL"	"TELL"
"message.gverbs.V-ZORK.1618.01"	"At your service!"	"At your service!"	"source"	"原文表示"	"gverbs.zil"	"1618"	"V-ZORK"	"TELL"
"message.gverbs.DESCRIBE-ROOM.1638.01"	"It is pitch black."	"It is pitch black."	"source"	"原文表示"	"gverbs.zil"	"1638"	"DESCRIBE-ROOM"	"TELL"
"message.gverbs.DESCRIBE-ROOM.1640.01"	" You are likely to be eaten by a grue."	" You are likely to be eaten by a grue."	"source"	"原文表示"	"gverbs.zil"	"1640"	"DESCRIBE-ROOM"	"TELL"
"message.gverbs.DESCRIBE-ROOM.1662.01"	", in the "	", in the "	"source"	"原文表示"	"gverbs.zil"	"1662"	"DESCRIBE-ROOM"	"TELL"
"message.gverbs.DESCRIBE-OBJECTS.1686.01"	"Only bats can see in the dark. And you're not one."	"Only bats can see in the dark. And you're not one."	"source"	"原文表示"	"gverbs.zil"	"1686"	"DESCRIBE-OBJECTS"	"TELL"
"message.gverbs.DESCRIBE-OBJECT.1704.01"	"There is a "	"There is a "	"source"	"原文表示"	"gverbs.zil"	"1704"	"DESCRIBE-OBJECT"	"TELL"
"message.gverbs.DESCRIBE-OBJECT.1704.02"	" here"	" here"	"source"	"原文表示"	"gverbs.zil"	"1704"	"DESCRIBE-OBJECT"	"TELL"
"message.gverbs.DESCRIBE-OBJECT.1706.01"	" (providing light)"	" (providing light)"	"source"	"原文表示"	"gverbs.zil"	"1706"	"DESCRIBE-OBJECT"	"TELL"
"message.gverbs.DESCRIBE-OBJECT.1707.01"	"."	"."	"source"	"原文表示"	"gverbs.zil"	"1707"	"DESCRIBE-OBJECT"	"TELL"
"message.gverbs.DESCRIBE-OBJECT.1710.01"	"A "	"A "	"source"	"原文表示"	"gverbs.zil"	"1710"	"DESCRIBE-OBJECT"	"TELL"
"message.gverbs.DESCRIBE-OBJECT.1712.01"	" (providing light)"	" (providing light)"	"source"	"原文表示"	"gverbs.zil"	"1712"	"DESCRIBE-OBJECT"	"TELL"
"message.gverbs.DESCRIBE-OBJECT.1715.01"	" (being worn)"	" (being worn)"	"source"	"原文表示"	"gverbs.zil"	"1715"	"DESCRIBE-OBJECT"	"TELL"
"message.gverbs.DESCRIBE-OBJECT.1725.01"	" (outside the "	" (outside the "	"source"	"原文表示"	"gverbs.zil"	"1725"	"DESCRIBE-OBJECT"	"TELL"
"message.gverbs.DESCRIBE-OBJECT.1725.02"	")"	")"	"source"	"原文表示"	"gverbs.zil"	"1725"	"DESCRIBE-OBJECT"	"TELL"
"message.gverbs.PRINT-CONTENTS.1736.01"	", "	", "	"source"	"原文表示"	"gverbs.zil"	"1736"	"PRINT-CONTENTS"	"TELL"
"message.gverbs.PRINT-CONTENTS.1737.01"	"and "	"and "	"source"	"原文表示"	"gverbs.zil"	"1737"	"PRINT-CONTENTS"	"TELL"
"message.gverbs.PRINT-CONTENTS.1738.01"	"a "	"a "	"source"	"原文表示"	"gverbs.zil"	"1738"	"PRINT-CONTENTS"	"TELL"
"message.gverbs.FIRSTER.1822.01"	"Your collection of treasures consists of:"	"Your collection of treasures consists of:"	"source"	"原文表示"	"gverbs.zil"	"1822"	"FIRSTER"	"TELL"
"message.gverbs.FIRSTER.1826.01"	"You are carrying:"	"You are carrying:"	"source"	"原文表示"	"gverbs.zil"	"1826"	"FIRSTER"	"TELL"
"message.gverbs.FIRSTER.1831.01"	"Sitting on the "	"Sitting on the "	"source"	"原文表示"	"gverbs.zil"	"1831"	"FIRSTER"	"TELL"
"message.gverbs.FIRSTER.1831.02"	" is: "	" is: "	"source"	"原文表示"	"gverbs.zil"	"1831"	"FIRSTER"	"TELL"
"message.gverbs.FIRSTER.1833.01"	"The "	"The "	"source"	"原文表示"	"gverbs.zil"	"1833"	"FIRSTER"	"TELL"
"message.gverbs.FIRSTER.1833.02"	" is holding: "	" is holding: "	"source"	"原文表示"	"gverbs.zil"	"1833"	"FIRSTER"	"TELL"
"message.gverbs.FIRSTER.1835.01"	"The "	"The "	"source"	"原文表示"	"gverbs.zil"	"1835"	"FIRSTER"	"TELL"
"message.gverbs.FIRSTER.1835.02"	" contains:"	" contains:"	"source"	"原文表示"	"gverbs.zil"	"1835"	"FIRSTER"	"TELL"
"message.gverbs.SCORE-UPD.1861.01"	"An almost inaudible voice whispers in your ear, ""Look to your treasures\nfor the final secret."""	"An almost inaudible voice whispers in your ear, ""Look to your treasures\nfor the final secret."""	"source"	"原文表示"	"gverbs.zil"	"1861"	"SCORE-UPD"	"TELL"
"message.gverbs.YES?.1873.01"	">"	">"	"source"	"原文表示"	"gverbs.zil"	"1873"	"YES?"	"PRINTI"
"message.gverbs.ITAKE.1906.01"	"Your hand passes through its object."	"Your hand passes through its object."	"source"	"原文表示"	"gverbs.zil"	"1906"	"ITAKE"	"TELL"
"message.gverbs.ITAKE.1934.01"	"Your load is too heavy"	"Your load is too heavy"	"source"	"原文表示"	"gverbs.zil"	"1934"	"ITAKE"	"TELL"
"message.gverbs.ITAKE.1936.01"	", especially in light of your condition."	", especially in light of your condition."	"source"	"原文表示"	"gverbs.zil"	"1936"	"ITAKE"	"TELL"
"message.gverbs.ITAKE.1938.01"	"."	"."	"source"	"原文表示"	"gverbs.zil"	"1938"	"ITAKE"	"TELL"
"message.gverbs.ITAKE.1945.01"	"You're holding too many things already!"	"You're holding too many things already!"	"source"	"原文表示"	"gverbs.zil"	"1945"	"ITAKE"	"TELL"
"message.gverbs.IDROP.1969.01"	"You're not carrying the "	"You're not carrying the "	"source"	"原文表示"	"gverbs.zil"	"1969"	"IDROP"	"TELL"
"message.gverbs.IDROP.1969.02"	"."	"."	"source"	"原文表示"	"gverbs.zil"	"1969"	"IDROP"	"TELL"
"message.gverbs.IDROP.1973.01"	"The "	"The "	"source"	"原文表示"	"gverbs.zil"	"1973"	"IDROP"	"TELL"
"message.gverbs.IDROP.1973.02"	" is closed."	" is closed."	"source"	"原文表示"	"gverbs.zil"	"1973"	"IDROP"	"TELL"
"message.gverbs.INDENTS.2017.01"	""	""	"source"	"原文表示"	"gverbs.zil"	"2017"	"INDENTS"	"TABLE"
"message.gverbs.INDENTS.2018.01"	"  "	"  "	"source"	"原文表示"	"gverbs.zil"	"2018"	"INDENTS"	"TABLE"
"message.gverbs.INDENTS.2019.01"	"    "	"    "	"source"	"原文表示"	"gverbs.zil"	"2019"	"INDENTS"	"TABLE"
"message.gverbs.INDENTS.2020.01"	"      "	"      "	"source"	"原文表示"	"gverbs.zil"	"2020"	"INDENTS"	"TABLE"
"message.gverbs.INDENTS.2021.01"	"        "	"        "	"source"	"原文表示"	"gverbs.zil"	"2021"	"INDENTS"	"TABLE"
"message.gverbs.INDENTS.2022.01"	"          "	"          "	"source"	"原文表示"	"gverbs.zil"	"2022"	"INDENTS"	"TABLE"
"message.gverbs.HACK-HACK.2027.01"	"The "	"The "	"source"	"原文表示"	"gverbs.zil"	"2027"	"HACK-HACK"	"TELL"
"message.gverbs.HACK-HACK.2027.02"	" isn't here!"	" isn't here!"	"source"	"原文表示"	"gverbs.zil"	"2027"	"HACK-HACK"	"TELL"
"message.gverbs.HO-HUM.2034.01"	" doesn't seem to work."	" doesn't seem to work."	"source"	"原文表示"	"gverbs.zil"	"2034"	"HO-HUM"	"LTABLE"
"message.gverbs.HO-HUM.2035.01"	" isn't notably helpful."	" isn't notably helpful."	"source"	"原文表示"	"gverbs.zil"	"2035"	"HO-HUM"	"LTABLE"
"message.gverbs.HO-HUM.2036.01"	" has no effect."	" has no effect."	"source"	"原文表示"	"gverbs.zil"	"2036"	"HO-HUM"	"LTABLE"
"message.gverbs.NO-GO-TELL.2040.01"	"You can't go there in a "	"You can't go there in a "	"source"	"原文表示"	"gverbs.zil"	"2040"	"NO-GO-TELL"	"TELL"
"message.gverbs.NO-GO-TELL.2040.02"	"."	"."	"source"	"原文表示"	"gverbs.zil"	"2040"	"NO-GO-TELL"	"TELL"
"message.gverbs.NO-GO-TELL.2042.01"	"You can't go there without a vehicle."	"You can't go there without a vehicle."	"source"	"原文表示"	"gverbs.zil"	"2042"	"NO-GO-TELL"	"TELL"
"message.gverbs.GOTO.2077.01"	"The "	"The "	"source"	"原文表示"	"gverbs.zil"	"2077"	"GOTO"	"TELL"
"message.gverbs.GOTO.2077.02"	" comes to a rest on the shore."	" comes to a rest on the shore."	"source"	"原文表示"	"gverbs.zil"	"2077"	"GOTO"	"TELL"
"message.gverbs.GOTO.2100.01"	"There are sinister gurgling noises in the darkness all around you!"	"There are sinister gurgling noises in the darkness all around you!"	"source"	"原文表示"	"gverbs.zil"	"2100"	"GOTO"	"TELL"
"message.gverbs.GOTO.2111.01"	"Oh, no! A lurking grue slithered into the "	"Oh, no! A lurking grue slithered into the "	"source"	"原文表示"	"gverbs.zil"	"2111"	"GOTO"	"TELL"
"message.gverbs.GOTO.2114.01"	"room"	"room"	"source"	"原文表示"	"gverbs.zil"	"2114"	"GOTO"	"TELL"
"message.gverbs.GOTO.2115.01"	" and devoured you!"	" and devoured you!"	"source"	"原文表示"	"gverbs.zil"	"2115"	"GOTO"	"JIGS-UP"
"message.gverbs.GOTO.2119.01"	"You have moved into a dark place."	"You have moved into a dark place."	"source"	"原文表示"	"gverbs.zil"	"2119"	"GOTO"	"TELL"
"message.gverbs.GOTO.2126.01"	"The "	"The "	"source"	"原文表示"	"gverbs.zil"	"2126"	"GOTO"	"TELL"
"message.gverbs.GOTO.2126.02"	" leaves the room."	" leaves the room."	"source"	"原文表示"	"gverbs.zil"	"2126"	"GOTO"	"TELL"
"message.gverbs.HELLOS.2199.01"	"Hello."	"Hello."	"source"	"原文表示"	"gverbs.zil"	"2199"	"HELLOS"	"LTABLE"
"message.gverbs.HELLOS.2200.01"	"Good day."	"Good day."	"source"	"原文表示"	"gverbs.zil"	"2200"	"HELLOS"	"LTABLE"
"message.gverbs.HELLOS.2201.01"	"Nice weather we've been having lately."	"Nice weather we've been having lately."	"source"	"原文表示"	"gverbs.zil"	"2201"	"HELLOS"	"LTABLE"
"message.gverbs.HELLOS.2202.01"	"Goodbye."	"Goodbye."	"source"	"原文表示"	"gverbs.zil"	"2202"	"HELLOS"	"LTABLE"
"message.gverbs.YUKS.2207.01"	"A valiant attempt."	"A valiant attempt."	"source"	"原文表示"	"gverbs.zil"	"2207"	"YUKS"	"LTABLE"
"message.gverbs.YUKS.2208.01"	"You can't be serious."	"You can't be serious."	"source"	"原文表示"	"gverbs.zil"	"2208"	"YUKS"	"LTABLE"
"message.gverbs.YUKS.2210.01"	"An interesting idea..."	"An interesting idea..."	"source"	"原文表示"	"gverbs.zil"	"2210"	"YUKS"	"LTABLE"
"message.gverbs.YUKS.2211.01"	"What a concept!"	"What a concept!"	"source"	"原文表示"	"gverbs.zil"	"2211"	"YUKS"	"LTABLE"
"message.gverbs.DUMMY.2215.01"	"Look around."	"Look around."	"source"	"原文表示"	"gverbs.zil"	"2215"	"DUMMY"	"LTABLE"
"message.gverbs.DUMMY.2216.01"	"Too late for that."	"Too late for that."	"source"	"原文表示"	"gverbs.zil"	"2216"	"DUMMY"	"LTABLE"
"message.gverbs.DUMMY.2217.01"	"Have your eyes checked."	"Have your eyes checked."	"source"	"原文表示"	"gverbs.zil"	"2217"	"DUMMY"	"LTABLE"
