id	source_file	line	routine	container	english
"message.1actions.WEST-HOUSE.10.01"	"1actions.zil"	"10"	"WEST-HOUSE"	"TELL"	"You are standing in an open field west of a white house, with a boarded\nfront door."
"message.1actions.WEST-HOUSE.14.01"	"1actions.zil"	"14"	"WEST-HOUSE"	"TELL"	" A secret path leads southwest into the forest."
"message.1actions.EAST-HOUSE.20.01"	"1actions.zil"	"20"	"EAST-HOUSE"	"TELL"	"You are behind the white house. A path leads into the forest\nto the east. In one corner of the house there is a small window\nwhich is "
"message.1actions.EAST-HOUSE.24.01"	"1actions.zil"	"24"	"EAST-HOUSE"	"TELL"	"open."
"message.1actions.EAST-HOUSE.25.01"	"1actions.zil"	"25"	"EAST-HOUSE"	"TELL"	"slightly ajar."
"message.1actions.BOARD-F.46.01"	"1actions.zil"	"46"	"BOARD-F"	"TELL"	"The boards are securely fastened."
"message.1actions.TEETH-F.54.01"	"1actions.zil"	"54"	"TEETH-F"	"JIGS-UP"	"Well, you seem to have been brushing your teeth with some sort of\nglue. As a result, your mouth gets glued together (with your nose)\nand you die of respiratory failure."
"message.1actions.TEETH-F.59.01"	"1actions.zil"	"59"	"TEETH-F"	"TELL"	"Dental hygiene is highly recommended, but I'm not sure what you want\nto brush them with."
"message.1actions.TEETH-F.62.01"	"1actions.zil"	"62"	"TEETH-F"	"TELL"	"A nice idea, but with a "
"message.1actions.TEETH-F.62.02"	"1actions.zil"	"62"	"TEETH-F"	"TELL"	"?"
"message.1actions.GRANITE-WALL-F.67.01"	"1actions.zil"	"67"	"GRANITE-WALL-F"	"TELL"	"The west wall is solid granite here."
"message.1actions.GRANITE-WALL-F.69.01"	"1actions.zil"	"69"	"GRANITE-WALL-F"	"TELL"	"It's solid granite."
"message.1actions.GRANITE-WALL-F.72.01"	"1actions.zil"	"72"	"GRANITE-WALL-F"	"TELL"	"The east wall is solid granite here."
"message.1actions.GRANITE-WALL-F.74.01"	"1actions.zil"	"74"	"GRANITE-WALL-F"	"TELL"	"It's solid granite."
"message.1actions.GRANITE-WALL-F.77.01"	"1actions.zil"	"77"	"GRANITE-WALL-F"	"TELL"	"It only SAYS ""Granite Wall""."
"message.1actions.GRANITE-WALL-F.78.01"	"1actions.zil"	"78"	"GRANITE-WALL-F"	"TELL"	"The wall isn't granite."
"message.1actions.GRANITE-WALL-F.80.01"	"1actions.zil"	"80"	"GRANITE-WALL-F"	"TELL"	"There is no granite wall here."
"message.1actions.SONGBIRD-F.84.01"	"1actions.zil"	"84"	"SONGBIRD-F"	"TELL"	"The songbird is not here but is probably nearby."
"message.1actions.SONGBIRD-F.86.01"	"1actions.zil"	"86"	"SONGBIRD-F"	"TELL"	"You can't hear the songbird now."
"message.1actions.SONGBIRD-F.88.01"	"1actions.zil"	"88"	"SONGBIRD-F"	"TELL"	"It can't be followed."
"message.1actions.SONGBIRD-F.90.01"	"1actions.zil"	"90"	"SONGBIRD-F"	"TELL"	"You can't see any songbird here."
"message.1actions.WHITE-HOUSE-F.95.01"	"1actions.zil"	"95"	"WHITE-HOUSE-F"	"TELL"	"Why not find your brains?"
"message.1actions.WHITE-HOUSE-F.103.01"	"1actions.zil"	"103"	"WHITE-HOUSE-F"	"TELL"	"It seems to be to the west."
"message.1actions.WHITE-HOUSE-F.105.01"	"1actions.zil"	"105"	"WHITE-HOUSE-F"	"TELL"	"It was here just a minute ago...."
"message.1actions.WHITE-HOUSE-F.106.01"	"1actions.zil"	"106"	"WHITE-HOUSE-F"	"TELL"	"You're not at the house."
"message.1actions.WHITE-HOUSE-F.109.01"	"1actions.zil"	"109"	"WHITE-HOUSE-F"	"TELL"	"It's right here! Are you blind or something?"
"message.1actions.WHITE-HOUSE-F.115.01"	"1actions.zil"	"115"	"WHITE-HOUSE-F"	"TELL"	"The house is a beautiful colonial house which is painted white.\nIt is clear that the owners must have been extremely wealthy."
"message.1actions.WHITE-HOUSE-F.122.01"	"1actions.zil"	"122"	"WHITE-HOUSE-F"	"TELL"	"The window is closed."
"message.1actions.WHITE-HOUSE-F.125.01"	"1actions.zil"	"125"	"WHITE-HOUSE-F"	"TELL"	"I can't see how to get in from here."
"message.1actions.WHITE-HOUSE-F.127.01"	"1actions.zil"	"127"	"WHITE-HOUSE-F"	"TELL"	"You must be joking."
"message.1actions.FOREST-F.142.01"	"1actions.zil"	"142"	"FOREST-F"	"TELL"	"You aren't even in the forest."
"message.1actions.FOREST-F.145.01"	"1actions.zil"	"145"	"FOREST-F"	"TELL"	"You will have to specify a direction."
"message.1actions.FOREST-F.147.01"	"1actions.zil"	"147"	"FOREST-F"	"TELL"	"You cannot see the forest for the trees."
"message.1actions.FOREST-F.149.01"	"1actions.zil"	"149"	"FOREST-F"	"TELL"	"The pines and the hemlocks seem to be murmuring."
"message.1actions.MOUNTAIN-RANGE-F.154.01"	"1actions.zil"	"154"	"MOUNTAIN-RANGE-F"	"TELL"	"Don't you believe me? The mountains are impassable!"
"message.1actions.WATER-F.187.01"	"1actions.zil"	"187"	"WATER-F"	"TELL"	"There is now a puddle in the bottom of the "
"message.1actions.WATER-F.188.01"	"1actions.zil"	"188"	"WATER-F"	"TELL"	"."
"message.1actions.WATER-F.192.01"	"1actions.zil"	"192"	"WATER-F"	"TELL"	"The water leaks out of the "
"message.1actions.WATER-F.193.01"	"1actions.zil"	"193"	"WATER-F"	"TELL"	" and evaporates immediately."
"message.1actions.WATER-F.197.01"	"1actions.zil"	"197"	"WATER-F"	"TELL"	"The bottle is closed."
"message.1actions.WATER-F.201.01"	"1actions.zil"	"201"	"WATER-F"	"TELL"	"The bottle is now full of water."
"message.1actions.WATER-F.203.01"	"1actions.zil"	"203"	"WATER-F"	"TELL"	"The water slips through your fingers."
"message.1actions.WATER-F.209.01"	"1actions.zil"	"209"	"WATER-F"	"TELL"	"It's in the bottle. Perhaps you should take that instead."
"message.1actions.WATER-F.211.01"	"1actions.zil"	"211"	"WATER-F"	"TELL"	"The water slips through your fingers."
"message.1actions.WATER-F.217.01"	"1actions.zil"	"217"	"WATER-F"	"TELL"	"Nice try."
"message.1actions.WATER-F.223.01"	"1actions.zil"	"223"	"WATER-F"	"TELL"	"The bottle is closed."
"message.1actions.WATER-F.227.01"	"1actions.zil"	"227"	"WATER-F"	"TELL"	"There is now a puddle in the bottom of the "
"message.1actions.WATER-F.228.01"	"1actions.zil"	"228"	"WATER-F"	"TELL"	"."
"message.1actions.WATER-F.232.01"	"1actions.zil"	"232"	"WATER-F"	"TELL"	"The water spills to the floor and evaporates immediately."
"message.1actions.WATER-F.236.01"	"1actions.zil"	"236"	"WATER-F"	"TELL"	"The water splashes on the walls and evaporates immediately."
"message.1actions.KITCHEN-WINDOW-F.245.01"	"1actions.zil"	"245"	"KITCHEN-WINDOW-F"	"OPEN-CLOSE"	"With great effort, you open the window far enough to allow entry."
"message.1actions.KITCHEN-WINDOW-F.246.01"	"1actions.zil"	"246"	"KITCHEN-WINDOW-F"	"OPEN-CLOSE"	"The window closes (more easily than it opened)."
"message.1actions.KITCHEN-WINDOW-F.250.01"	"1actions.zil"	"250"	"KITCHEN-WINDOW-F"	"TELL"	"The window is slightly ajar, but not enough to allow entry."
"message.1actions.KITCHEN-WINDOW-F.258.01"	"1actions.zil"	"258"	"KITCHEN-WINDOW-F"	"TELL"	"You can see "
"message.1actions.KITCHEN-WINDOW-F.260.01"	"1actions.zil"	"260"	"KITCHEN-WINDOW-F"	"TELL"	"a clear area leading towards a forest."
"message.1actions.KITCHEN-WINDOW-F.262.01"	"1actions.zil"	"262"	"KITCHEN-WINDOW-F"	"TELL"	"what appears to be a kitchen."
"message.1actions.GHOSTS-F.266.01"	"1actions.zil"	"266"	"GHOSTS-F"	"TELL"	"The spirits jeer loudly and ignore you."
"message.1actions.GHOSTS-F.269.01"	"1actions.zil"	"269"	"GHOSTS-F"	"TELL"	"Only the ceremony itself has any effect."
"message.1actions.GHOSTS-F.271.01"	"1actions.zil"	"271"	"GHOSTS-F"	"TELL"	"How can you attack a spirit with material objects?"
"message.1actions.GHOSTS-F.273.01"	"1actions.zil"	"273"	"GHOSTS-F"	"TELL"	"You seem unable to interact with these spirits."
"message.1actions.BASKET-F.287.01"	"1actions.zil"	"287"	"BASKET-F"	"TELL"	"The basket is raised to the top of the shaft."
"message.1actions.BASKET-F.296.01"	"1actions.zil"	"296"	"BASKET-F"	"TELL"	"The basket is lowered to the bottom of the shaft."
"message.1actions.BASKET-F.299.01"	"1actions.zil"	"299"	"BASKET-F"	"TELL"	"It is now pitch black."
"message.1actions.BASKET-F.303.01"	"1actions.zil"	"303"	"BASKET-F"	"TELL"	"The basket is at the other end of the chain."
"message.1actions.BASKET-F.306.01"	"1actions.zil"	"306"	"BASKET-F"	"TELL"	"The cage is securely fastened to the iron chain."
"message.1actions.BAT-F.314.01"	"1actions.zil"	"314"	"BAT-F"	"TELL"	"You can't reach him; he's on the ceiling."
"message.1actions.FLY-ME.320.01"	"1actions.zil"	"320"	"FLY-ME"	"TELL"	"The bat grabs you by the scruff of your neck and lifts you away...."
"message.1actions.FWEEP.329.01"	"1actions.zil"	"329"	"FWEEP"	"TELL"	"    Fweep!"
"message.1actions.BELL-F.349.01"	"1actions.zil"	"349"	"BELL-F"	"TELL"	"Ding, dong."
"message.1actions.HOT-BELL-F.353.01"	"1actions.zil"	"353"	"HOT-BELL-F"	"TELL"	"The bell is very hot and cannot be taken."
"message.1actions.HOT-BELL-F.356.01"	"1actions.zil"	"356"	"HOT-BELL-F"	"TELL"	"The "
"message.1actions.HOT-BELL-F.356.02"	"1actions.zil"	"356"	"HOT-BELL-F"	"TELL"	" burns and is consumed."
"message.1actions.HOT-BELL-F.359.01"	"1actions.zil"	"359"	"HOT-BELL-F"	"TELL"	"The bell is too hot to touch."
"message.1actions.HOT-BELL-F.361.01"	"1actions.zil"	"361"	"HOT-BELL-F"	"TELL"	"The heat from the bell is too intense."
"message.1actions.HOT-BELL-F.364.01"	"1actions.zil"	"364"	"HOT-BELL-F"	"TELL"	"The water cools the bell and is evaporated."
"message.1actions.HOT-BELL-F.368.01"	"1actions.zil"	"368"	"HOT-BELL-F"	"TELL"	"The bell is too hot to reach."
"message.1actions.BOARDED-WINDOW-FCN.372.01"	"1actions.zil"	"372"	"BOARDED-WINDOW-FCN"	"TELL"	"The windows are boarded and can't be opened."
"message.1actions.BOARDED-WINDOW-FCN.374.01"	"1actions.zil"	"374"	"BOARDED-WINDOW-FCN"	"TELL"	"You can't break the windows open."
"message.1actions.NAILS-PSEUDO.379.01"	"1actions.zil"	"379"	"NAILS-PSEUDO"	"TELL"	"The nails, deeply imbedded in the door, cannot be removed."
"message.1actions.CRACK-FCN.383.01"	"1actions.zil"	"383"	"CRACK-FCN"	"TELL"	"You can't fit through the crack."
"message.1actions.KITCHEN-FCN.388.01"	"1actions.zil"	"388"	"KITCHEN-FCN"	"TELL"	"You are in the kitchen of the white house. A table seems to\nhave been used recently for the preparation of food. A passage\nleads to the west and a dark staircase can be seen leading\nupward. A dark chimney leads down and to the east is a small\nwindow which is "
"message.1actions.KITCHEN-FCN.394.01"	"1actions.zil"	"394"	"KITCHEN-FCN"	"TELL"	"open."
"message.1actions.KITCHEN-FCN.396.01"	"1actions.zil"	"396"	"KITCHEN-FCN"	"TELL"	"slightly ajar."
"message.1actions.KITCHEN-FCN.401.01"	"1actions.zil"	"401"	"KITCHEN-FCN"	"TELL"	"There are no stairs leading down."
"message.1actions.STONE-BARROW-FCN.411.01"	"1actions.zil"	"411"	"STONE-BARROW-FCN"	"TELL"	"Inside the Barrow|\nAs you enter the barrow, the door closes inexorably behind you. Around\nyou it is dark, but ahead is an enormous cavern, brightly lit. Through\nits center runs a wide stream. Spanning the stream is a small wooden\nfootbridge, and beyond a path leads into a dark tunnel. Above the\nbridge, floating in the air, is a large sign. It reads:  All ye who\nstand before this bridge have completed a great and perilous adventure\nwhich has tested your wit and courage. You have mastered"
"message.1actions.STONE-BARROW-FCN.420.01"	"1actions.zil"	"420"	"STONE-BARROW-FCN"	"TELL"	"\nthe first part of the ZORK trilogy. Those who pass over this bridge must be\nprepared to undertake an even greater adventure that will severely test your\nskill and bravery!|\n|\nThe ZORK trilogy continues with ""ZORK II: The Wizard of Frobozz"" and\nis completed in ""ZORK III: The Dungeon Master."""
"message.1actions.STONE-BARROW-FCN.428.01"	"1actions.zil"	"428"	"STONE-BARROW-FCN"	"TELL"	"\nZORK: The Great Underground Empire.|"
"message.1actions.BARROW-DOOR-FCN.434.01"	"1actions.zil"	"434"	"BARROW-DOOR-FCN"	"TELL"	"The door is too heavy."
"message.1actions.TROPHY-CASE-FCN.445.01"	"1actions.zil"	"445"	"TROPHY-CASE-FCN"	"TELL"	"The trophy case is securely fastened to the wall."
"message.1actions.LIVING-ROOM-FCN.452.01"	"1actions.zil"	"452"	"LIVING-ROOM-FCN"	"TELL"	"You are in the living room. There is a doorway to the east"
"message.1actions.LIVING-ROOM-FCN.455.01"	"1actions.zil"	"455"	"LIVING-ROOM-FCN"	"TELL"	". To the\nwest is a cyclops-shaped opening in an old wooden door, above which is\nsome strange gothic lettering, "
"message.1actions.LIVING-ROOM-FCN.460.01"	"1actions.zil"	"460"	"LIVING-ROOM-FCN"	"TELL"	", a wooden\ndoor with strange gothic lettering to the west, which appears to be\nnailed shut, "
"message.1actions.LIVING-ROOM-FCN.463.01"	"1actions.zil"	"463"	"LIVING-ROOM-FCN"	"TELL"	"a trophy case, "
"message.1actions.LIVING-ROOM-FCN.467.01"	"1actions.zil"	"467"	"LIVING-ROOM-FCN"	"TELL"	"and a rug lying beside an open trap door."
"message.1actions.LIVING-ROOM-FCN.469.01"	"1actions.zil"	"469"	"LIVING-ROOM-FCN"	"TELL"	"and a closed trap door at your feet."
"message.1actions.LIVING-ROOM-FCN.471.01"	"1actions.zil"	"471"	"LIVING-ROOM-FCN"	"TELL"	"and an open trap door at your feet."
"message.1actions.LIVING-ROOM-FCN.474.01"	"1actions.zil"	"474"	"LIVING-ROOM-FCN"	"TELL"	"and a large oriental rug in the center of the room."
"message.1actions.TRAP-DOOR-FCN.511.01"	"1actions.zil"	"511"	"TRAP-DOOR-FCN"	"OPEN-CLOSE"	"The door reluctantly opens to reveal a rickety staircase descending into\ndarkness."
"message.1actions.TRAP-DOOR-FCN.513.01"	"1actions.zil"	"513"	"TRAP-DOOR-FCN"	"OPEN-CLOSE"	"The door swings shut and closes."
"message.1actions.TRAP-DOOR-FCN.517.01"	"1actions.zil"	"517"	"TRAP-DOOR-FCN"	"TELL"	"You see a rickety staircase descending into darkness."
"message.1actions.TRAP-DOOR-FCN.518.01"	"1actions.zil"	"518"	"TRAP-DOOR-FCN"	"TELL"	"It's closed."
"message.1actions.TRAP-DOOR-FCN.523.01"	"1actions.zil"	"523"	"TRAP-DOOR-FCN"	"TELL"	"The door is locked from above."
"message.1actions.TRAP-DOOR-FCN.527.01"	"1actions.zil"	"527"	"TRAP-DOOR-FCN"	"TELL"	"The door closes and locks."
"message.1actions.CELLAR-FCN.534.01"	"1actions.zil"	"534"	"CELLAR-FCN"	"TELL"	"You are in a dark and damp cellar with a narrow passageway leading\nnorth, and a crawlway to the south. On the west is the bottom of a\nsteep metal ramp which is unclimbable."
"message.1actions.CELLAR-FCN.543.01"	"1actions.zil"	"543"	"CELLAR-FCN"	"TELL"	"The trap door crashes shut, and you hear someone barring it."
"message.1actions.CHIMNEY-F.547.01"	"1actions.zil"	"547"	"CHIMNEY-F"	"TELL"	"The chimney leads "
"message.1actions.CHIMNEY-F.549.01"	"1actions.zil"	"549"	"CHIMNEY-F"	"TELL"	"down"
"message.1actions.CHIMNEY-F.550.01"	"1actions.zil"	"550"	"CHIMNEY-F"	"TELL"	"up"
"message.1actions.CHIMNEY-F.551.01"	"1actions.zil"	"551"	"CHIMNEY-F"	"TELL"	"ward, and looks climbable."
"message.1actions.UP-CHIMNEY-FUNCTION.555.01"	"1actions.zil"	"555"	"UP-CHIMNEY-FUNCTION"	"TELL"	"Going up empty-handed is a bad idea."
"message.1actions.UP-CHIMNEY-FUNCTION.564.01"	"1actions.zil"	"564"	"UP-CHIMNEY-FUNCTION"	"TELL"	"You can't get up there with what you're carrying."
"message.1actions.TRAP-DOOR-EXIT.572.01"	"1actions.zil"	"572"	"TRAP-DOOR-EXIT"	"TELL"	"The trap door is closed."
"message.1actions.TRAP-DOOR-EXIT.576.01"	"1actions.zil"	"576"	"TRAP-DOOR-EXIT"	"TELL"	"You can't go that way."
"message.1actions.RUG-FCN.581.01"	"1actions.zil"	"581"	"RUG-FCN"	"TELL"	"The rug is too heavy to lift"
"message.1actions.RUG-FCN.583.01"	"1actions.zil"	"583"	"RUG-FCN"	"TELL"	"."
"message.1actions.RUG-FCN.586.01"	"1actions.zil"	"586"	"RUG-FCN"	"TELL"	", but in trying to take it you have\nnoticed an irregularity beneath it."
"message.1actions.RUG-FCN.591.01"	"1actions.zil"	"591"	"RUG-FCN"	"TELL"	"Having moved the carpet previously, you find it impossible to move\nit again."
"message.1actions.RUG-FCN.595.01"	"1actions.zil"	"595"	"RUG-FCN"	"TELL"	"With a great effort, the rug is moved to one side of the room, revealing\nthe dusty cover of a closed trap door."
"message.1actions.RUG-FCN.602.01"	"1actions.zil"	"602"	"RUG-FCN"	"TELL"	"The rug is extremely heavy and cannot be carried."
"message.1actions.RUG-FCN.607.01"	"1actions.zil"	"607"	"RUG-FCN"	"TELL"	"Underneath the rug is a closed trap door. As you drop the corner of the\nrug, the trap door is once again concealed from view."
"message.1actions.RUG-FCN.613.01"	"1actions.zil"	"613"	"RUG-FCN"	"TELL"	"As you sit, you notice an irregularity underneath it. Rather than be\nuncomfortable, you stand up again."
"message.1actions.RUG-FCN.616.01"	"1actions.zil"	"616"	"RUG-FCN"	"TELL"	"I suppose you think it's a magic carpet?"
"message.1actions.WEAPON-FUNCTION.634.01"	"1actions.zil"	"634"	"WEAPON-FUNCTION"	"TELL"	"The "
"message.1actions.WEAPON-FUNCTION.634.02"	"1actions.zil"	"634"	"WEAPON-FUNCTION"	"TELL"	" swings it out of your reach."
"message.1actions.WEAPON-FUNCTION.637.01"	"1actions.zil"	"637"	"WEAPON-FUNCTION"	"TELL"	"The "
"message.1actions.WEAPON-FUNCTION.637.02"	"1actions.zil"	"637"	"WEAPON-FUNCTION"	"TELL"	" seems white-hot. You can't hold on to it."
"message.1actions.TROLL-FCN.643.01"	"1actions.zil"	"643"	"TROLL-FCN"	"TELL"	"The troll isn't much of a conversationalist."
"message.1actions.TROLL-FCN.651.01"	"1actions.zil"	"651"	"TROLL-FCN"	"PUTP"	"A nasty-looking troll, brandishing a bloody axe, blocks all passages out\nof the room."
"message.1actions.TROLL-FCN.655.01"	"1actions.zil"	"655"	"TROLL-FCN"	"TELL"	"The troll, angered and humiliated, recovers his weapon. He appears to have\nan axe to grind with you."
"message.1actions.TROLL-FCN.660.01"	"1actions.zil"	"660"	"TROLL-FCN"	"PUTP"	"A pathetically babbling troll is here."
"message.1actions.TROLL-FCN.662.01"	"1actions.zil"	"662"	"TROLL-FCN"	"TELL"	"The troll, disarmed, cowers in terror, pleading for his life in\nthe guttural tongue of the trolls."
"message.1actions.TROLL-FCN.678.01"	"1actions.zil"	"678"	"TROLL-FCN"	"PUTP"	"An unconscious troll is sprawled on the floor. All passages\nout of the room are open."
"message.1actions.TROLL-FCN.685.01"	"1actions.zil"	"685"	"TROLL-FCN"	"TELL"	"The troll stirs, quickly resuming a fighting stance."
"message.1actions.TROLL-FCN.688.01"	"1actions.zil"	"688"	"TROLL-FCN"	"PUTP"	"A nasty-looking troll, brandishing a bloody axe, blocks\nall passages out of the room."
"message.1actions.TROLL-FCN.695.01"	"1actions.zil"	"695"	"TROLL-FCN"	"PUTP"	"A nasty-looking troll, brandishing a bloody axe, blocks\nall passages out of the room."
"message.1actions.TROLL-FCN.699.01"	"1actions.zil"	"699"	"TROLL-FCN"	"PUTP"	"A troll is here."
"message.1actions.TROLL-FCN.718.01"	"1actions.zil"	"718"	"TROLL-FCN"	"TELL"	"The troll scratches his head in confusion, then takes the axe."
"message.1actions.TROLL-FCN.724.01"	"1actions.zil"	"724"	"TROLL-FCN"	"TELL"	"You would have to get the "
"message.1actions.TROLL-FCN.724.02"	"1actions.zil"	"724"	"TROLL-FCN"	"TELL"	" first, and that seems unlikely."
"message.1actions.TROLL-FCN.728.01"	"1actions.zil"	"728"	"TROLL-FCN"	"TELL"	"The troll, who is remarkably coordinated, catches the "
"message.1actions.TROLL-FCN.731.01"	"1actions.zil"	"731"	"TROLL-FCN"	"TELL"	"The troll, who is not overly proud, graciously accepts the gift"
"message.1actions.TROLL-FCN.736.01"	"1actions.zil"	"736"	"TROLL-FCN"	"TELL"	" and eats it hungrily. Poor troll, he dies from an internal hemorrhage\nand his carcass disappears in a sinister black fog."
"message.1actions.TROLL-FCN.744.01"	"1actions.zil"	"744"	"TROLL-FCN"	"TELL"	" and, being for the moment sated, throws it back. Fortunately, the\ntroll has poor control, and the "
"message.1actions.TROLL-FCN.745.01"	"1actions.zil"	"745"	"TROLL-FCN"	"TELL"	" falls to the floor. He does\nnot look pleased."
"message.1actions.TROLL-FCN.750.01"	"1actions.zil"	"750"	"TROLL-FCN"	"TELL"	" and not having the most discriminating tastes, gleefully eats it."
"message.1actions.TROLL-FCN.754.01"	"1actions.zil"	"754"	"TROLL-FCN"	"TELL"	"The troll spits in your face, grunting ""Better luck next time"" in a\nrather barbarous accent."
"message.1actions.TROLL-FCN.758.01"	"1actions.zil"	"758"	"TROLL-FCN"	"TELL"	"The troll laughs at your puny gesture."
"message.1actions.TROLL-FCN.761.01"	"1actions.zil"	"761"	"TROLL-FCN"	"TELL"	"Every so often the troll says something, probably uncomplimentary, in\nhis guttural tongue."
"message.1actions.TROLL-FCN.764.01"	"1actions.zil"	"764"	"TROLL-FCN"	"TELL"	"Unfortunately, the troll can't hear you."
"message.1actions.LEAVES-APPEAR.779.01"	"1actions.zil"	"779"	"LEAVES-APPEAR"	"TELL"	"In disturbing the pile of leaves, a grating is revealed."
"message.1actions.LEAVES-APPEAR.781.01"	"1actions.zil"	"781"	"LEAVES-APPEAR"	"TELL"	"With the leaves moved, a grating is revealed."
"message.1actions.LEAF-PILE.788.01"	"1actions.zil"	"788"	"LEAF-PILE"	"TELL"	"There are 69,105 leaves here."
"message.1actions.LEAF-PILE.794.01"	"1actions.zil"	"794"	"LEAF-PILE"	"TELL"	"The leaves burn."
"message.1actions.LEAF-PILE.797.01"	"1actions.zil"	"797"	"LEAF-PILE"	"JIGS-UP"	"The leaves burn, and so do you."
"message.1actions.LEAF-PILE.799.01"	"1actions.zil"	"799"	"LEAF-PILE"	"TELL"	"You rustle the leaves around, making quite a mess."
"message.1actions.LEAF-PILE.804.01"	"1actions.zil"	"804"	"LEAF-PILE"	"TELL"	"Done."
"message.1actions.LEAF-PILE.812.01"	"1actions.zil"	"812"	"LEAF-PILE"	"TELL"	"Underneath the pile of leaves is a grating. As you release the leaves,\nthe grating is once again concealed from view."
"message.1actions.CLEARING-FCN.821.01"	"1actions.zil"	"821"	"CLEARING-FCN"	"TELL"	"You are in a clearing, with a forest surrounding you on all sides. A\npath leads south."
"message.1actions.CLEARING-FCN.826.01"	"1actions.zil"	"826"	"CLEARING-FCN"	"TELL"	"There is an open grating, descending into darkness."
"message.1actions.CLEARING-FCN.830.01"	"1actions.zil"	"830"	"CLEARING-FCN"	"TELL"	"There is a grating securely fastened into the ground."
"message.1actions.MAZE-11-FCN.838.01"	"1actions.zil"	"838"	"MAZE-11-FCN"	"TELL"	"You are in a small room near the maze. There are twisty passages\nin the immediate vicinity."
"message.1actions.MAZE-11-FCN.842.01"	"1actions.zil"	"842"	"MAZE-11-FCN"	"TELL"	"Above you is an open grating with sunlight pouring in."
"message.1actions.MAZE-11-FCN.844.01"	"1actions.zil"	"844"	"MAZE-11-FCN"	"TELL"	"Above you is a grating."
"message.1actions.MAZE-11-FCN.847.01"	"1actions.zil"	"847"	"MAZE-11-FCN"	"TELL"	"Above you is a grating locked with a skull-and-crossbones lock."
"message.1actions.GRATE-FUNCTION.857.01"	"1actions.zil"	"857"	"GRATE-FUNCTION"	"TELL"	"The grate is locked."
"message.1actions.GRATE-FUNCTION.859.01"	"1actions.zil"	"859"	"GRATE-FUNCTION"	"TELL"	"You can't lock it from this side."
"message.1actions.GRATE-FUNCTION.863.01"	"1actions.zil"	"863"	"GRATE-FUNCTION"	"TELL"	"The grate is unlocked."
"message.1actions.GRATE-FUNCTION.866.01"	"1actions.zil"	"866"	"GRATE-FUNCTION"	"TELL"	"You can't reach the lock from here."
"message.1actions.GRATE-FUNCTION.869.01"	"1actions.zil"	"869"	"GRATE-FUNCTION"	"TELL"	"Can you unlock a grating with a "
"message.1actions.GRATE-FUNCTION.869.02"	"1actions.zil"	"869"	"GRATE-FUNCTION"	"TELL"	"?"
"message.1actions.GRATE-FUNCTION.871.01"	"1actions.zil"	"871"	"GRATE-FUNCTION"	"TELL"	"You can't pick the lock."
"message.1actions.GRATE-FUNCTION.876.01"	"1actions.zil"	"876"	"GRATE-FUNCTION"	"OPEN-CLOSE"	"The grating opens."
"message.1actions.GRATE-FUNCTION.878.01"	"1actions.zil"	"878"	"GRATE-FUNCTION"	"OPEN-CLOSE"	"The grating opens to reveal trees above you."
"message.1actions.GRATE-FUNCTION.879.01"	"1actions.zil"	"879"	"GRATE-FUNCTION"	"OPEN-CLOSE"	"The grating is closed."
"message.1actions.GRATE-FUNCTION.884.01"	"1actions.zil"	"884"	"GRATE-FUNCTION"	"TELL"	"A pile of leaves falls onto your head and to the ground."
"message.1actions.GRATE-FUNCTION.889.01"	"1actions.zil"	"889"	"GRATE-FUNCTION"	"TELL"	"The grating is locked."
"message.1actions.GRATE-FUNCTION.892.01"	"1actions.zil"	"892"	"GRATE-FUNCTION"	"TELL"	"It won't fit through the grating."
"message.1actions.GRATE-FUNCTION.896.01"	"1actions.zil"	"896"	"GRATE-FUNCTION"	"TELL"	"The "
"message.1actions.GRATE-FUNCTION.896.02"	"1actions.zil"	"896"	"GRATE-FUNCTION"	"TELL"	" goes through the grating into the darkness below."
"message.1actions.MAZE-DIODES.900.01"	"1actions.zil"	"900"	"MAZE-DIODES"	"TELL"	"You won't be able to get back up to the tunnel you are going through\nwhen it gets to the next room."
"message.1actions.RUSTY-KNIFE-FCN.911.01"	"1actions.zil"	"911"	"RUSTY-KNIFE-FCN"	"TELL"	"As you touch the rusty knife, your sword gives a single pulse of blinding\nblue light."
"message.1actions.RUSTY-KNIFE-FCN.921.01"	"1actions.zil"	"921"	"RUSTY-KNIFE-FCN"	"JIGS-UP"	"As the knife approaches its victim, your mind is submerged by an\novermastering will. Slowly, your hand turns, until the rusty blade\nis an inch from your neck. The knife seems to sing as it savagely\nslits your throat."
"message.1actions.SKELETON.934.01"	"1actions.zil"	"934"	"SKELETON"	"TELL"	"A ghost appears in the room and is appalled at your desecration of\nthe remains of a fellow adventurer. He casts a curse on your valuables\nand banishes them to the Land of the Living Dead. The ghost leaves,\nmuttering obscenities."
"message.1actions.TORCH-OBJECT.946.01"	"1actions.zil"	"946"	"TORCH-OBJECT"	"TELL"	"The torch is burning."
"message.1actions.TORCH-OBJECT.949.01"	"1actions.zil"	"949"	"TORCH-OBJECT"	"TELL"	"The water evaporates before it gets close."
"message.1actions.TORCH-OBJECT.952.01"	"1actions.zil"	"952"	"TORCH-OBJECT"	"TELL"	"You nearly burn your hand trying to extinguish the flame."
"message.1actions.MIRROR-ROOM.961.01"	"1actions.zil"	"961"	"MIRROR-ROOM"	"TELL"	"You are in a large square room with tall ceilings. On the south wall\nis an enormous mirror which fills the entire wall. There are exits\non the other three sides of the room."
"message.1actions.MIRROR-ROOM.966.01"	"1actions.zil"	"966"	"MIRROR-ROOM"	"TELL"	"Unfortunately, the mirror has been destroyed by your recklessness."
"message.1actions.MIRROR-MIRROR.975.01"	"1actions.zil"	"975"	"MIRROR-MIRROR"	"TELL"	"You feel a faint tingling transmitted through the "
"message.1actions.MIRROR-MIRROR.975.02"	"1actions.zil"	"975"	"MIRROR-MIRROR"	"TELL"	"."
"message.1actions.MIRROR-MIRROR.993.01"	"1actions.zil"	"993"	"MIRROR-MIRROR"	"TELL"	"There is a rumble from deep within the earth and the room shakes."
"message.1actions.MIRROR-MIRROR.996.01"	"1actions.zil"	"996"	"MIRROR-MIRROR"	"TELL"	"The mirror is broken into many pieces."
"message.1actions.MIRROR-MIRROR.998.01"	"1actions.zil"	"998"	"MIRROR-MIRROR"	"TELL"	"There is an ugly person staring back at you."
"message.1actions.MIRROR-MIRROR.1002.01"	"1actions.zil"	"1002"	"MIRROR-MIRROR"	"TELL"	"The mirror is many times your size. Give up."
"message.1actions.MIRROR-MIRROR.1006.01"	"1actions.zil"	"1006"	"MIRROR-MIRROR"	"TELL"	"Haven't you done enough damage already?"
"message.1actions.MIRROR-MIRROR.1011.01"	"1actions.zil"	"1011"	"MIRROR-MIRROR"	"TELL"	"You have broken the mirror. I hope you have a seven years' supply of\ngood luck handy."
"message.1actions.TORCH-ROOM-FCN.1021.01"	"1actions.zil"	"1021"	"TORCH-ROOM-FCN"	"TELL"	"This is a large room with a prominent doorway leading to a down\nstaircase. Above you is a large dome. Up around the edge of the\ndome (20 feet up) is a wooden railing. In the center of the room\nsits a white marble pedestal."
"message.1actions.TORCH-ROOM-FCN.1027.01"	"1actions.zil"	"1027"	"TORCH-ROOM-FCN"	"TELL"	"A piece of rope descends from the railing above, ending some\nfive feet above your head."
"message.1actions.DOME-ROOM-FCN.1033.01"	"1actions.zil"	"1033"	"DOME-ROOM-FCN"	"TELL"	"You are at the periphery of a large dome, which forms the ceiling\nof another room below. Protecting you from a precipitous drop is a\nwooden railing which circles the dome."
"message.1actions.DOME-ROOM-FCN.1038.01"	"1actions.zil"	"1038"	"DOME-ROOM-FCN"	"TELL"	"Hanging down from the railing is a rope which ends about ten feet\nfrom the floor below."
"message.1actions.DOME-ROOM-FCN.1043.01"	"1actions.zil"	"1043"	"DOME-ROOM-FCN"	"TELL"	"As you enter the dome you feel a strong pull as if from a wind\ndrawing you over the railing and down."
"message.1actions.DOME-ROOM-FCN.1050.01"	"1actions.zil"	"1050"	"DOME-ROOM-FCN"	"JIGS-UP"	"I'm afraid that the leap you attempted has done you in."
"message.1actions.LLD-ROOM.1061.01"	"1actions.zil"	"1061"	"LLD-ROOM"	"TELL"	"You are outside a large gateway, on which is inscribed||\n  Abandon every hope\nall ye who enter here!||\nThe gate is open; through it you can see a desolation, with a pile of\nmangled bodies in one corner. Thousands of voices, lamenting some\nhideous fate, can be heard."
"message.1actions.LLD-ROOM.1069.01"	"1actions.zil"	"1069"	"LLD-ROOM"	"TELL"	"The way through the gate is barred by evil spirits, who jeer at your\nattempts to pass."
"message.1actions.LLD-ROOM.1078.01"	"1actions.zil"	"1078"	"LLD-ROOM"	"TELL"	"You must perform the ceremony."
"message.1actions.LLD-ROOM.1081.01"	"1actions.zil"	"1081"	"LLD-ROOM"	"TELL"	"You aren't equipped for an exorcism."
"message.1actions.LLD-ROOM.1090.01"	"1actions.zil"	"1090"	"LLD-ROOM"	"TELL"	"The bell suddenly becomes red hot and falls to the ground. The\nwraiths, as if paralyzed, stop their jeering and slowly turn to face\nyou. On their ashen faces, the expression of a long-forgotten terror\ntakes shape."
"message.1actions.LLD-ROOM.1096.01"	"1actions.zil"	"1096"	"LLD-ROOM"	"TELL"	"In your confusion, the candles drop to the ground (and they are out)."
"message.1actions.LLD-ROOM.1107.01"	"1actions.zil"	"1107"	"LLD-ROOM"	"TELL"	"Each word of the prayer reverberates through the hall in a deafening\nconfusion. As the last word fades, a voice, loud and commanding,\nspeaks: ""Begone, fiends!"" A heart-stopping scream fills the cavern,\nand the spirits, sensing a greater power, flee through the walls."
"message.1actions.LLD-ROOM.1121.01"	"1actions.zil"	"1121"	"LLD-ROOM"	"TELL"	"The flames flicker wildly and appear to dance. The earth beneath\nyour feet trembles, and your legs nearly buckle beneath you.\nThe spirits cower at your unearthly power."
"message.1actions.I-XB.1135.01"	"1actions.zil"	"1135"	"I-XB"	"TELL"	"The tension of this ceremony is broken, and the wraiths, amused but\nshaken at your clumsy attempt, resume their hideous jeering."
"message.1actions.I-XBH.1147.01"	"1actions.zil"	"1147"	"I-XBH"	"TELL"	"The bell appears to have cooled down."
"message.1actions.DAM-ROOM-FCN.1159.01"	"1actions.zil"	"1159"	"DAM-ROOM-FCN"	"TELL"	"You are standing on the top of the Flood Control Dam #3, which was\nquite a tourist attraction in times far distant. There are paths to\nthe north, south, and west, and a scramble down."
"message.1actions.DAM-ROOM-FCN.1164.01"	"1actions.zil"	"1164"	"DAM-ROOM-FCN"	"TELL"	"The water level behind the dam is low: The sluice gates have been\nopened. Water rushes through the dam and downstream."
"message.1actions.DAM-ROOM-FCN.1168.01"	"1actions.zil"	"1168"	"DAM-ROOM-FCN"	"TELL"	"The sluice gates are open, and water rushes through the dam. The\nwater level behind the dam is still high."
"message.1actions.DAM-ROOM-FCN.1172.01"	"1actions.zil"	"1172"	"DAM-ROOM-FCN"	"TELL"	"The sluice gates are closed. The water level in the reservoir is\nquite low, but the level is rising quickly."
"message.1actions.DAM-ROOM-FCN.1176.01"	"1actions.zil"	"1176"	"DAM-ROOM-FCN"	"TELL"	"The sluice gates on the dam are closed. Behind the dam, there can be\nseen a wide reservoir. Water is pouring over the top of the now\nabandoned dam."
"message.1actions.DAM-ROOM-FCN.1180.01"	"1actions.zil"	"1180"	"DAM-ROOM-FCN"	"TELL"	"There is a control panel here, on which a large metal bolt is mounted.\nDirectly above the bolt is a small green plastic bubble"
"message.1actions.DAM-ROOM-FCN.1183.01"	"1actions.zil"	"1183"	"DAM-ROOM-FCN"	"TELL"	" which is\nglowing serenely"
"message.1actions.DAM-ROOM-FCN.1185.01"	"1actions.zil"	"1185"	"DAM-ROOM-FCN"	"TELL"	"."
"message.1actions.BOLT-F.1196.01"	"1actions.zil"	"1196"	"BOLT-F"	"TELL"	"The sluice gates close and water starts to collect behind the dam."
"message.1actions.BOLT-F.1203.01"	"1actions.zil"	"1203"	"BOLT-F"	"TELL"	"The sluice gates open and water pours through the dam."
"message.1actions.BOLT-F.1208.01"	"1actions.zil"	"1208"	"BOLT-F"	"TELL"	"The bolt won't turn with your best effort."
"message.1actions.BOLT-F.1211.01"	"1actions.zil"	"1211"	"BOLT-F"	"TELL"	"The bolt won't turn using the "
"message.1actions.BOLT-F.1211.02"	"1actions.zil"	"1211"	"BOLT-F"	"TELL"	"."
"message.1actions.BOLT-F.1216.01"	"1actions.zil"	"1216"	"BOLT-F"	"TELL"	"Hmm. It appears the tube contained glue, not oil. Turning the bolt\nwon't get any easier...."
"message.1actions.INTEGRAL-PART.1224.01"	"1actions.zil"	"1224"	"INTEGRAL-PART"	"TELL"	"It is an integral part of the control panel."
"message.1actions.I-RFILL.1237.01"	"1actions.zil"	"1237"	"I-RFILL"	"TELL"	"The boat lifts gently out of the mud and is now floating on\nthe reservoir."
"message.1actions.I-RFILL.1241.01"	"1actions.zil"	"1241"	"I-RFILL"	"JIGS-UP"	"You are lifted up by the rising river! You try to swim, but the\ncurrents are too strong. You come closer, closer to the awesome\nstructure of Flood Control Dam #3. The dam beckons to you.\nThe roar of the water nearly deafens you, but you remain conscious\nas you tumble over the dam toward your certain doom among the rocks\nat its base."
"message.1actions.I-RFILL.1249.01"	"1actions.zil"	"1249"	"I-RFILL"	"TELL"	"A sound, like that of flowing water, starts to come from below."
"message.1actions.I-RFILL.1252.01"	"1actions.zil"	"1252"	"I-RFILL"	"TELL"	"All of a sudden, an alarmingly loud roaring sound fills the room.\nFilled with fear, you scramble away."
"message.1actions.I-RFILL.1257.01"	"1actions.zil"	"1257"	"I-RFILL"	"TELL"	"You notice that the water level has risen to the point that it\nis impossible to cross."
"message.1actions.I-REMPTY.1273.01"	"1actions.zil"	"1273"	"I-REMPTY"	"TELL"	"The water level has dropped to the point at which the boat can no\nlonger stay afloat. It sinks into the mud."
"message.1actions.I-REMPTY.1277.01"	"1actions.zil"	"1277"	"I-REMPTY"	"TELL"	"The roar of rushing water is quieter now."
"message.1actions.I-REMPTY.1280.01"	"1actions.zil"	"1280"	"I-REMPTY"	"TELL"	"The water level is now quite low here and you could easily cross over\nto the other side."
"message.1actions.DROWNINGS.1285.01"	"1actions.zil"	"1285"	"DROWNINGS"	"TABLE"	"up to your ankles."
"message.1actions.DROWNINGS.1286.01"	"1actions.zil"	"1286"	"DROWNINGS"	"TABLE"	"up to your shin."
"message.1actions.DROWNINGS.1287.01"	"1actions.zil"	"1287"	"DROWNINGS"	"TABLE"	"up to your knees."
"message.1actions.DROWNINGS.1288.01"	"1actions.zil"	"1288"	"DROWNINGS"	"TABLE"	"up to your hips."
"message.1actions.DROWNINGS.1289.01"	"1actions.zil"	"1289"	"DROWNINGS"	"TABLE"	"up to your waist."
"message.1actions.DROWNINGS.1290.01"	"1actions.zil"	"1290"	"DROWNINGS"	"TABLE"	"up to your chest."
"message.1actions.DROWNINGS.1291.01"	"1actions.zil"	"1291"	"DROWNINGS"	"TABLE"	"up to your neck."
"message.1actions.DROWNINGS.1292.01"	"1actions.zil"	"1292"	"DROWNINGS"	"TABLE"	"over your head."
"message.1actions.DROWNINGS.1293.01"	"1actions.zil"	"1293"	"DROWNINGS"	"TABLE"	"high in your lungs."
"message.1actions.BUTTON-F.1300.01"	"1actions.zil"	"1300"	"BUTTON-F"	"TELL"	"They're greek to you."
"message.1actions.BUTTON-F.1306.01"	"1actions.zil"	"1306"	"BUTTON-F"	"TELL"	"There is a rumbling sound and a stream of water appears to burst\nfrom the east wall of the room (apparently, a leak has occurred in a\npipe)."
"message.1actions.BUTTON-F.1314.01"	"1actions.zil"	"1314"	"BUTTON-F"	"TELL"	"The blue button appears to be jammed."
"message.1actions.BUTTON-F.1316.01"	"1actions.zil"	"1316"	"BUTTON-F"	"TELL"	"The lights within the room "
"message.1actions.BUTTON-F.1319.01"	"1actions.zil"	"1319"	"BUTTON-F"	"TELL"	"shut off."
"message.1actions.BUTTON-F.1322.01"	"1actions.zil"	"1322"	"BUTTON-F"	"TELL"	"come on."
"message.1actions.BUTTON-F.1326.01"	"1actions.zil"	"1326"	"BUTTON-F"	"TELL"	"Click."
"message.1actions.BUTTON-F.1330.01"	"1actions.zil"	"1330"	"BUTTON-F"	"TELL"	"Click."
"message.1actions.TOOL-CHEST-FCN.1334.01"	"1actions.zil"	"1334"	"TOOL-CHEST-FCN"	"TELL"	"The chests are all empty."
"message.1actions.TOOL-CHEST-FCN.1338.01"	"1actions.zil"	"1338"	"TOOL-CHEST-FCN"	"TELL"	"The chests are so rusty and corroded that they crumble when you\ntouch them."
"message.1actions.TOOL-CHEST-FCN.1341.01"	"1actions.zil"	"1341"	"TOOL-CHEST-FCN"	"TELL"	"The chests are already open."
"message.1actions.I-MAINT-ROOM.1345.01"	"1actions.zil"	"1345"	"I-MAINT-ROOM"	"TELL"	"The water level here is now "
"message.1actions.I-MAINT-ROOM.1350.01"	"1actions.zil"	"1350"	"I-MAINT-ROOM"	"MUNG-ROOM"	"The room is full of water and cannot be entered."
"message.1actions.I-MAINT-ROOM.1354.01"	"1actions.zil"	"1354"	"I-MAINT-ROOM"	"JIGS-UP"	"I'm afraid you have done drowned yourself."
"message.1actions.I-MAINT-ROOM.1358.01"	"1actions.zil"	"1358"	"I-MAINT-ROOM"	"JIGS-UP"	"The rising water carries the boat over the dam, down the river, and over\nthe falls. Tsk, tsk."
"message.1actions.FIX-MAINT-LEAK.1376.01"	"1actions.zil"	"1376"	"FIX-MAINT-LEAK"	"TELL"	"By some miracle of Zorkian technology, you have managed to stop the\nleak in the dam."
"message.1actions.PUTTY-FCN.1384.01"	"1actions.zil"	"1384"	"PUTTY-FCN"	"TELL"	"The all-purpose gunk isn't a lubricant."
"message.1actions.TUBE-FUNCTION.1389.01"	"1actions.zil"	"1389"	"TUBE-FUNCTION"	"TELL"	"The tube refuses to accept anything."
"message.1actions.TUBE-FUNCTION.1394.01"	"1actions.zil"	"1394"	"TUBE-FUNCTION"	"TELL"	"The viscous material oozes into your hand."
"message.1actions.TUBE-FUNCTION.1396.01"	"1actions.zil"	"1396"	"TUBE-FUNCTION"	"TELL"	"The tube is apparently empty."
"message.1actions.TUBE-FUNCTION.1398.01"	"1actions.zil"	"1398"	"TUBE-FUNCTION"	"TELL"	"The tube is closed."
"message.1actions.DAM-FUNCTION.1402.01"	"1actions.zil"	"1402"	"DAM-FUNCTION"	"TELL"	"Sounds reasonable, but this isn't how."
"message.1actions.DAM-FUNCTION.1406.01"	"1actions.zil"	"1406"	"DAM-FUNCTION"	"TELL"	"Are you the little Dutch boy, then? Sorry, this is a big dam."
"message.1actions.DAM-FUNCTION.1409.01"	"1actions.zil"	"1409"	"DAM-FUNCTION"	"TELL"	"With a "
"message.1actions.DAM-FUNCTION.1409.02"	"1actions.zil"	"1409"	"DAM-FUNCTION"	"TELL"	"? Do you know how big this dam is? You could only\nstop a tiny leak with that."
"message.1actions.WITH-TELL.1413.01"	"1actions.zil"	"1413"	"WITH-TELL"	"TELL"	"With a "
"message.1actions.WITH-TELL.1413.02"	"1actions.zil"	"1413"	"WITH-TELL"	"TELL"	"?"
"message.1actions.RESERVOIR-SOUTH-FCN.1419.01"	"1actions.zil"	"1419"	"RESERVOIR-SOUTH-FCN"	"TELL"	"You are in a long room, to the north of which was formerly a lake.\nHowever, with the water level lowered, there is merely a wide stream\nrunning through the center of the room."
"message.1actions.RESERVOIR-SOUTH-FCN.1424.01"	"1actions.zil"	"1424"	"RESERVOIR-SOUTH-FCN"	"TELL"	"You are in a long room. To the north is a large lake, too deep\nto cross. You notice, however, that the water level appears to be\ndropping at a rapid rate. Before long, it might be possible to cross\nto the other side from here."
"message.1actions.RESERVOIR-SOUTH-FCN.1430.01"	"1actions.zil"	"1430"	"RESERVOIR-SOUTH-FCN"	"TELL"	"You are in a long room, to the north of which is a wide area which\nwas formerly a reservoir, but now is merely a stream. You notice,\nhowever, that the level of the stream is rising quickly and that\nbefore long it will be impossible to cross here."
"message.1actions.RESERVOIR-SOUTH-FCN.1436.01"	"1actions.zil"	"1436"	"RESERVOIR-SOUTH-FCN"	"TELL"	"You are in a long room on the south shore of a large lake, far\ntoo deep and wide for crossing."
"message.1actions.RESERVOIR-SOUTH-FCN.1440.01"	"1actions.zil"	"1440"	"RESERVOIR-SOUTH-FCN"	"TELL"	"There is a path along the stream to the east or west, a steep pathway\nclimbing southwest along the edge of a chasm, and a path leading into a\ncanyon to the southeast."
"message.1actions.RESERVOIR-FCN.1450.01"	"1actions.zil"	"1450"	"RESERVOIR-FCN"	"TELL"	"You notice that the water level here is rising rapidly. The currents\nare also becoming stronger. Staying here seems quite perilous!"
"message.1actions.RESERVOIR-FCN.1455.01"	"1actions.zil"	"1455"	"RESERVOIR-FCN"	"TELL"	"You are on what used to be a large lake, but which is now a large\nmud pile. There are ""shores"" to the north and south."
"message.1actions.RESERVOIR-FCN.1459.01"	"1actions.zil"	"1459"	"RESERVOIR-FCN"	"TELL"	"You are on the lake. Beaches can be seen north and south.\nUpstream a small stream enters the lake through a narrow cleft\nin the rocks. The dam can be seen downstream."
"message.1actions.RESERVOIR-NORTH-FCN.1468.01"	"1actions.zil"	"1468"	"RESERVOIR-NORTH-FCN"	"TELL"	"You are in a large cavernous room, the south of which was formerly\na lake. However, with the water level lowered, there is merely\na wide stream running through there."
"message.1actions.RESERVOIR-NORTH-FCN.1473.01"	"1actions.zil"	"1473"	"RESERVOIR-NORTH-FCN"	"TELL"	"You are in a large cavernous area. To the south is a wide lake,\nwhose water level appears to be falling rapidly."
"message.1actions.RESERVOIR-NORTH-FCN.1477.01"	"1actions.zil"	"1477"	"RESERVOIR-NORTH-FCN"	"TELL"	"You are in a cavernous area, to the south of which is a very wide\nstream. The level of the stream is rising rapidly, and it appears\nthat before long it will be impossible to cross to the other side."
"message.1actions.RESERVOIR-NORTH-FCN.1482.01"	"1actions.zil"	"1482"	"RESERVOIR-NORTH-FCN"	"TELL"	"You are in a large cavernous room, north of a large lake."
"message.1actions.RESERVOIR-NORTH-FCN.1485.01"	"1actions.zil"	"1485"	"RESERVOIR-NORTH-FCN"	"TELL"	"There is a slimy stairway leaving the room to the north."
"message.1actions.BOTTLE-FUNCTION.1495.01"	"1actions.zil"	"1495"	"BOTTLE-FUNCTION"	"TELL"	"The bottle hits the far wall and shatters."
"message.1actions.BOTTLE-FUNCTION.1499.01"	"1actions.zil"	"1499"	"BOTTLE-FUNCTION"	"TELL"	"A brilliant maneuver destroys the bottle."
"message.1actions.BOTTLE-FUNCTION.1504.01"	"1actions.zil"	"1504"	"BOTTLE-FUNCTION"	"TELL"	"The water spills to the floor and evaporates."
"message.1actions.CYCLOPS-FCN.1519.01"	"1actions.zil"	"1519"	"CYCLOPS-FCN"	"TELL"	"No use talking to him. He's fast asleep."
"message.1actions.CYCLOPS-FCN.1526.01"	"1actions.zil"	"1526"	"CYCLOPS-FCN"	"TELL"	"The cyclops prefers eating to making conversation."
"message.1actions.CYCLOPS-FCN.1530.01"	"1actions.zil"	"1530"	"CYCLOPS-FCN"	"TELL"	"The cyclops is sleeping like a baby, albeit a very ugly one."
"message.1actions.CYCLOPS-FCN.1533.01"	"1actions.zil"	"1533"	"CYCLOPS-FCN"	"TELL"	"The cyclops yawns and stares at the thing that woke him up."
"message.1actions.CYCLOPS-FCN.1542.01"	"1actions.zil"	"1542"	"CYCLOPS-FCN"	"TELL"	"A hungry cyclops is standing at the foot of the stairs."
"message.1actions.CYCLOPS-FCN.1548.01"	"1actions.zil"	"1548"	"CYCLOPS-FCN"	"TELL"	"The cyclops says ""Mmm Mmm. I love hot peppers! But oh, could I use\na drink. Perhaps I could drink the blood of that thing.""  From the\ngleam in his eye, it could be surmised that you are ""that thing""."
"message.1actions.CYCLOPS-FCN.1562.01"	"1actions.zil"	"1562"	"CYCLOPS-FCN"	"TELL"	"The cyclops takes the bottle, checks that it's open, and drinks the water.\nA moment later, he lets out a yawn that nearly blows you over, and then\nfalls fast asleep (what did you put in that drink, anyway?)."
"message.1actions.CYCLOPS-FCN.1568.01"	"1actions.zil"	"1568"	"CYCLOPS-FCN"	"TELL"	"The cyclops apparently is not thirsty and refuses your generous offer."
"message.1actions.CYCLOPS-FCN.1571.01"	"1actions.zil"	"1571"	"CYCLOPS-FCN"	"TELL"	"The cyclops may be hungry, but there is a limit."
"message.1actions.CYCLOPS-FCN.1574.01"	"1actions.zil"	"1574"	"CYCLOPS-FCN"	"TELL"	"The cyclops is not so stupid as to eat THAT!"
"message.1actions.CYCLOPS-FCN.1579.01"	"1actions.zil"	"1579"	"CYCLOPS-FCN"	"TELL"	"""Do you think I'm as stupid as my father was?"", he says, dodging."
"message.1actions.CYCLOPS-FCN.1582.01"	"1actions.zil"	"1582"	"CYCLOPS-FCN"	"TELL"	"The cyclops shrugs but otherwise ignores your pitiful attempt."
"message.1actions.CYCLOPS-FCN.1588.01"	"1actions.zil"	"1588"	"CYCLOPS-FCN"	"TELL"	"The cyclops doesn't take kindly to being grabbed."
"message.1actions.CYCLOPS-FCN.1591.01"	"1actions.zil"	"1591"	"CYCLOPS-FCN"	"TELL"	"You cannot tie the cyclops, though he is fit to be tied."
"message.1actions.CYCLOPS-FCN.1594.01"	"1actions.zil"	"1594"	"CYCLOPS-FCN"	"TELL"	"You can hear his stomach rumbling."
"message.1actions.I-CYCLOPS.1604.01"	"1actions.zil"	"1604"	"I-CYCLOPS"	"JIGS-UP"	"The cyclops, tired of all of your games and trickery, grabs you firmly.\nAs he licks his chops, he says ""Mmm. Just like Mom used to make 'em.""\nIt's nice to be appreciated."
"message.1actions.CYCLOPS-ROOM-FCN.1619.01"	"1actions.zil"	"1619"	"CYCLOPS-ROOM-FCN"	"TELL"	"This room has an exit on the northwest, and a staircase leading up."
"message.1actions.CYCLOPS-ROOM-FCN.1622.01"	"1actions.zil"	"1622"	"CYCLOPS-ROOM-FCN"	"TELL"	"The cyclops is sleeping blissfully at the foot of the stairs."
"message.1actions.CYCLOPS-ROOM-FCN.1625.01"	"1actions.zil"	"1625"	"CYCLOPS-ROOM-FCN"	"TELL"	"The east wall, previously solid, now has a cyclops-sized opening in it."
"message.1actions.CYCLOPS-ROOM-FCN.1628.01"	"1actions.zil"	"1628"	"CYCLOPS-ROOM-FCN"	"TELL"	"A cyclops, who looks prepared to eat horses (much less mere\nadventurers), blocks the staircase. From his state of health, and\nthe bloodstains on the walls, you gather that he is not very\nfriendly, though he likes people."
"message.1actions.CYCLOPS-ROOM-FCN.1634.01"	"1actions.zil"	"1634"	"CYCLOPS-ROOM-FCN"	"TELL"	"The cyclops is standing in the corner, eyeing you closely. I don't\nthink he likes you very much. He looks extremely hungry, even for a\ncyclops."
"message.1actions.CYCLOPS-ROOM-FCN.1639.01"	"1actions.zil"	"1639"	"CYCLOPS-ROOM-FCN"	"TELL"	"The cyclops, having eaten the hot peppers, appears to be gasping.\nHis enflamed tongue protrudes from his man-sized mouth."
"message.1actions.CYCLOMAD.1646.01"	"1actions.zil"	"1646"	"CYCLOMAD"	"TABLE"	"The cyclops seems somewhat agitated."
"message.1actions.CYCLOMAD.1647.01"	"1actions.zil"	"1647"	"CYCLOMAD"	"TABLE"	"The cyclops appears to be getting more agitated."
"message.1actions.CYCLOMAD.1648.01"	"1actions.zil"	"1648"	"CYCLOMAD"	"TABLE"	"The cyclops is moving about the room, looking for something."
"message.1actions.CYCLOMAD.1649.01"	"1actions.zil"	"1649"	"CYCLOMAD"	"TABLE"	"The cyclops was looking for salt and pepper. No doubt they are\ncondiments for his upcoming snack."
"message.1actions.CYCLOMAD.1651.01"	"1actions.zil"	"1651"	"CYCLOMAD"	"TABLE"	"The cyclops is moving toward you in an unfriendly manner."
"message.1actions.CYCLOMAD.1652.01"	"1actions.zil"	"1652"	"CYCLOMAD"	"TABLE"	"You have two choices: 1. Leave  2. Become dinner."
"message.1actions.LOUD-ROOM-FCN.1663.01"	"1actions.zil"	"1663"	"LOUD-ROOM-FCN"	"TELL"	"This is a large room with a ceiling which cannot be detected from\nthe ground. There is a narrow passage from east to west and a stone\nstairway leading upward."
"message.1actions.LOUD-ROOM-FCN.1668.01"	"1actions.zil"	"1668"	"LOUD-ROOM-FCN"	"TELL"	" The room is eerie in its quietness."
"message.1actions.LOUD-ROOM-FCN.1670.01"	"1actions.zil"	"1670"	"LOUD-ROOM-FCN"	"TELL"	" The room is deafeningly loud with an\nundetermined rushing sound. The sound seems to reverberate from all\nof the walls, making it difficult even to think."
"message.1actions.LOUD-ROOM-FCN.1676.01"	"1actions.zil"	"1676"	"LOUD-ROOM-FCN"	"TELL"	"It is unbearably loud here, with an ear-splitting roar seeming to\ncome from all around you. There is a pounding in your head which won't\nstop. With a tremendous effort, you scramble out of the room."
"message.1actions.LOUD-ROOM-FCN.1691.01"	"1actions.zil"	"1691"	"LOUD-ROOM-FCN"	"TELL"	"The rest of your commands have been lost in the noise."
"message.1actions.LOUD-ROOM-FCN.1695.01"	"1actions.zil"	"1695"	"LOUD-ROOM-FCN"	"TELL"	">"
"message.1actions.LOUD-ROOM-FCN.1698.01"	"1actions.zil"	"1698"	"LOUD-ROOM-FCN"	"TELL"	"I beg your pardon?"
"message.1actions.LOUD-ROOM-FCN.1718.01"	"1actions.zil"	"1718"	"LOUD-ROOM-FCN"	"TELL"	"That's only your opinion."
"message.1actions.LOUD-ROOM-FCN.1723.01"	"1actions.zil"	"1723"	"LOUD-ROOM-FCN"	"TELL"	"The acoustics of the room change subtly."
"message.1actions.DEEP-CANYON-F.1733.01"	"1actions.zil"	"1733"	"DEEP-CANYON-F"	"TELL"	"You are on the south edge of a deep canyon. Passages lead off to the\neast, northwest and southwest. A stairway leads down."
"message.1actions.DEEP-CANYON-F.1737.01"	"1actions.zil"	"1737"	"DEEP-CANYON-F"	"TELL"	" You can hear a loud roaring sound, like that of rushing water, from\nbelow."
"message.1actions.DEEP-CANYON-F.1744.01"	"1actions.zil"	"1744"	"DEEP-CANYON-F"	"TELL"	" You can hear the sound of flowing water from below."
"message.1actions.THIEF-VS-ADVENTURER.1771.01"	"1actions.zil"	"1771"	"THIEF-VS-ADVENTURER"	"TELL"	"Someone carrying a large bag is casually leaning against one of the\nwalls here. He does not speak, but it is clear from his aspect that\nthe bag will be taken only over his dead body."
"message.1actions.THIEF-VS-ADVENTURER.1789.01"	"1actions.zil"	"1789"	"THIEF-VS-ADVENTURER"	"TELL"	"Your opponent, determining discretion to be the better part of\nvalor, decides to terminate this little contretemps. With a rueful\nnod of his head, he steps backward into the gloom and disappears."
"message.1actions.THIEF-VS-ADVENTURER.1800.01"	"1actions.zil"	"1800"	"THIEF-VS-ADVENTURER"	"TELL"	"The holder of the large bag just left, looking disgusted.\nFortunately, he took nothing."
"message.1actions.THIEF-VS-ADVENTURER.1814.01"	"1actions.zil"	"1814"	"THIEF-VS-ADVENTURER"	"TELL"	"A seedy-looking individual with a large bag just wandered through\nthe room. On the way through, he quietly abstracted some valuables from "
"message.1actions.THIEF-VS-ADVENTURER.1817.01"	"1actions.zil"	"1817"	"THIEF-VS-ADVENTURER"	"TELL"	"the room"
"message.1actions.THIEF-VS-ADVENTURER.1819.01"	"1actions.zil"	"1819"	"THIEF-VS-ADVENTURER"	"TELL"	"your possession"
"message.1actions.THIEF-VS-ADVENTURER.1820.01"	"1actions.zil"	"1820"	"THIEF-VS-ADVENTURER"	"TELL"	", mumbling something about\n""Doing unto others before..."""
"message.1actions.THIEF-VS-ADVENTURER.1827.01"	"1actions.zil"	"1827"	"THIEF-VS-ADVENTURER"	"TELL"	"The thief just left, still carrying his large bag. You may\nnot have noticed that he "
"message.1actions.THIEF-VS-ADVENTURER.1831.01"	"1actions.zil"	"1831"	"THIEF-VS-ADVENTURER"	"TELL"	"robbed you blind first."
"message.1actions.THIEF-VS-ADVENTURER.1834.01"	"1actions.zil"	"1834"	"THIEF-VS-ADVENTURER"	"TELL"	"appropriated the valuables in the room."
"message.1actions.THIEF-VS-ADVENTURER.1839.01"	"1actions.zil"	"1839"	"THIEF-VS-ADVENTURER"	"TELL"	"The thief, finding nothing of value, left disgusted."
"message.1actions.THIEF-VS-ADVENTURER.1845.01"	"1actions.zil"	"1845"	"THIEF-VS-ADVENTURER"	"TELL"	"A ""lean and hungry"" gentleman just wandered through, carrying a\nlarge bag. Finding nothing of value, he left disgruntled."
"message.1actions.THIEF-VS-ADVENTURER.1857.01"	"1actions.zil"	"1857"	"THIEF-VS-ADVENTURER"	"TELL"	"The thief just left, still carrying his large bag. You may\nnot have noticed that he "
"message.1actions.THIEF-VS-ADVENTURER.1861.01"	"1actions.zil"	"1861"	"THIEF-VS-ADVENTURER"	"TELL"	"robbed you blind first."
"message.1actions.THIEF-VS-ADVENTURER.1864.01"	"1actions.zil"	"1864"	"THIEF-VS-ADVENTURER"	"TELL"	"appropriated the valuables in the room."
"message.1actions.THIEF-VS-ADVENTURER.1869.01"	"1actions.zil"	"1869"	"THIEF-VS-ADVENTURER"	"TELL"	"The thief, finding nothing of value, left disgusted."
"message.1actions.STOLE-LIGHT?.1879.01"	"1actions.zil"	"1879"	"STOLE-LIGHT?"	"TELL"	"The thief seems to have left you in the dark."
"message.1actions.ROB-MAZE.1926.01"	"1actions.zil"	"1926"	"ROB-MAZE"	"TELL"	"You hear, off in the distance, someone saying ""My, I wonder what\nthis fine "
"message.1actions.ROB-MAZE.1927.01"	"1actions.zil"	"1927"	"ROB-MAZE"	"TELL"	" is doing here."""
"message.1actions.ROBBER-FUNCTION.1949.01"	"1actions.zil"	"1949"	"ROBBER-FUNCTION"	"TELL"	"The thief is a strong, silent type."
"message.1actions.ROBBER-FUNCTION.1955.01"	"1actions.zil"	"1955"	"ROBBER-FUNCTION"	"TELL"	"The thief, being temporarily incapacitated, is unable to acknowledge\nyour greeting with his usual graciousness."
"message.1actions.ROBBER-FUNCTION.1963.01"	"1actions.zil"	"1963"	"ROBBER-FUNCTION"	"TELL"	"You evidently frightened the robber, though you didn't hit him. He\nflees"
"message.1actions.ROBBER-FUNCTION.1973.01"	"1actions.zil"	"1973"	"ROBBER-FUNCTION"	"TELL"	", but the contents of his bag fall on the floor."
"message.1actions.ROBBER-FUNCTION.1975.01"	"1actions.zil"	"1975"	"ROBBER-FUNCTION"	"TELL"	"."
"message.1actions.ROBBER-FUNCTION.1982.01"	"1actions.zil"	"1982"	"ROBBER-FUNCTION"	"TELL"	"You missed. The thief makes no attempt to take the knife, though it\nwould be a fine addition to the collection in his bag. He does seem\nangered by your attempt."
"message.1actions.ROBBER-FUNCTION.1998.01"	"1actions.zil"	"1998"	"ROBBER-FUNCTION"	"TELL"	"Your proposed victim suddenly recovers consciousness."
"message.1actions.ROBBER-FUNCTION.2007.01"	"1actions.zil"	"2007"	"ROBBER-FUNCTION"	"TELL"	"The thief is taken aback by your unexpected generosity, but accepts\nthe "
"message.1actions.ROBBER-FUNCTION.2008.01"	"1actions.zil"	"2008"	"ROBBER-FUNCTION"	"TELL"	" and stops to admire its beauty."
"message.1actions.ROBBER-FUNCTION.2011.01"	"1actions.zil"	"2011"	"ROBBER-FUNCTION"	"TELL"	"The thief places the "
"message.1actions.ROBBER-FUNCTION.2011.02"	"1actions.zil"	"2011"	"ROBBER-FUNCTION"	"TELL"	" in his bag and thanks\nyou politely."
"message.1actions.ROBBER-FUNCTION.2015.01"	"1actions.zil"	"2015"	"ROBBER-FUNCTION"	"TELL"	"Once you got him, what would you do with him?"
"message.1actions.ROBBER-FUNCTION.2018.01"	"1actions.zil"	"2018"	"ROBBER-FUNCTION"	"TELL"	"The thief is a slippery character with beady eyes that flit back\nand forth. He carries, along with an unmistakable arrogance, a large bag\nover his shoulder and a vicious stiletto, whose blade is aimed\nmenacingly in your direction. I'd watch out if I were you."
"message.1actions.ROBBER-FUNCTION.2024.01"	"1actions.zil"	"2024"	"ROBBER-FUNCTION"	"TELL"	"The thief says nothing, as you have not been formally introduced."
"message.1actions.ROBBER-FUNCTION.2032.01"	"1actions.zil"	"2032"	"ROBBER-FUNCTION"	"TELL"	"The robber, somewhat surprised at this turn of events, nimbly\nretrieves his stiletto."
"message.1actions.ROBBER-FUNCTION.2044.01"	"1actions.zil"	"2044"	"ROBBER-FUNCTION"	"TELL"	"The chalice is now safe to take."
"message.1actions.ROBBER-FUNCTION.2051.01"	"1actions.zil"	"2051"	"ROBBER-FUNCTION"	"TELL"	"As the thief dies, the power of his magic decreases, and his\ntreasures reappear:"
"message.1actions.ROBBER-FUNCTION.2053.01"	"1actions.zil"	"2053"	"ROBBER-FUNCTION"	"TELL"	"  A "
"message.1actions.ROBBER-FUNCTION.2056.01"	"1actions.zil"	"2056"	"ROBBER-FUNCTION"	"TELL"	", with "
"message.1actions.ROBBER-FUNCTION.2061.01"	"1actions.zil"	"2061"	"ROBBER-FUNCTION"	"TELL"	"His booty remains."
"message.1actions.ROBBER-FUNCTION.2080.01"	"1actions.zil"	"2080"	"ROBBER-FUNCTION"	"TELL"	"The robber revives, briefly feigning continued unconsciousness, and,\nwhen he sees his moment, scrambles away from you."
"message.1actions.ROBBER-C-DESC.2087.01"	"1actions.zil"	"2087"	"ROBBER-C-DESC"	"GLOBAL"	"There is a suspicious-looking individual, holding a bag, leaning\nagainst one wall. He is armed with a vicious-looking stiletto."
"message.1actions.ROBBER-U-DESC.2091.01"	"1actions.zil"	"2091"	"ROBBER-U-DESC"	"GLOBAL"	"There is a suspicious-looking individual lying unconscious on the\nground."
"message.1actions.LARGE-BAG-F.2098.01"	"1actions.zil"	"2098"	"LARGE-BAG-F"	"TELL"	"Sadly for you, the robber collapsed on top of the bag. Trying to take\nit would wake him."
"message.1actions.LARGE-BAG-F.2102.01"	"1actions.zil"	"2102"	"LARGE-BAG-F"	"TELL"	"The bag will be taken over his dead body."
"message.1actions.LARGE-BAG-F.2105.01"	"1actions.zil"	"2105"	"LARGE-BAG-F"	"TELL"	"It would be a good trick."
"message.1actions.LARGE-BAG-F.2108.01"	"1actions.zil"	"2108"	"LARGE-BAG-F"	"TELL"	"Getting close enough would be a good trick."
"message.1actions.LARGE-BAG-F.2111.01"	"1actions.zil"	"2111"	"LARGE-BAG-F"	"TELL"	"The bag is underneath the thief, so one can't say what, if anything, is\ninside."
"message.1actions.CHALICE-FCN.2132.01"	"1actions.zil"	"2132"	"CHALICE-FCN"	"TELL"	"You'd be stabbed in the back first."
"message.1actions.CHALICE-FCN.2135.01"	"1actions.zil"	"2135"	"CHALICE-FCN"	"TELL"	"You can't. It's not a very good chalice, is it?"
"message.1actions.TREASURE-ROOM-FCN.2144.01"	"1actions.zil"	"2144"	"TREASURE-ROOM-FCN"	"TELL"	"You hear a scream of anguish as you violate the robber's hideaway.\nUsing passages unknown to you, he rushes to its defense."
"message.1actions.THIEF-IN-TREASURE.2155.01"	"1actions.zil"	"2155"	"THIEF-IN-TREASURE"	"TELL"	"The thief gestures mysteriously, and the treasures in the room\nsuddenly vanish."
"message.1actions.FRONT-DOOR-FCN.2165.01"	"1actions.zil"	"2165"	"FRONT-DOOR-FCN"	"TELL"	"The door cannot be opened."
"message.1actions.FRONT-DOOR-FCN.2168.01"	"1actions.zil"	"2168"	"FRONT-DOOR-FCN"	"TELL"	"You cannot burn this door."
"message.1actions.FRONT-DOOR-FCN.2170.01"	"1actions.zil"	"2170"	"FRONT-DOOR-FCN"	"TELL"	"You can't seem to damage the door."
"message.1actions.FRONT-DOOR-FCN.2172.01"	"1actions.zil"	"2172"	"FRONT-DOOR-FCN"	"TELL"	"It won't open."
"message.1actions.BODY-FUNCTION.2180.01"	"1actions.zil"	"2180"	"BODY-FUNCTION"	"TELL"	"A force keeps you from taking the bodies."
"message.1actions.BODY-FUNCTION.2183.01"	"1actions.zil"	"2183"	"BODY-FUNCTION"	"JIGS-UP"	"The voice of the guardian of the dungeon booms out from the darkness,\n""Your disrespect costs you your life!"" and places your head on a sharp\npole."
"message.1actions.BLACK-BOOK.2189.01"	"1actions.zil"	"2189"	"BLACK-BOOK"	"TELL"	"The book is already open to page 569."
"message.1actions.BLACK-BOOK.2191.01"	"1actions.zil"	"2191"	"BLACK-BOOK"	"TELL"	"As hard as you try, the book cannot be closed."
"message.1actions.BLACK-BOOK.2197.01"	"1actions.zil"	"2197"	"BLACK-BOOK"	"TELL"	"Beside page 569, there is only one other page with any legible printing on\nit. Most of it is unreadable, but the subject seems to be the banishment of\nevil. Apparently, certain noises, lights, and prayers are efficacious in this\nregard."
"message.1actions.BLACK-BOOK.2204.01"	"1actions.zil"	"2204"	"BLACK-BOOK"	"JIGS-UP"	"A booming voice says ""Wrong, cretin!"" and you notice that you have\nturned into a pile of dust. How, I can't imagine."
"message.1actions.PAINTING-FCN.2211.01"	"1actions.zil"	"2211"	"PAINTING-FCN"	"PUTP"	"There is a worthless piece of canvas here."
"message.1actions.PAINTING-FCN.2213.01"	"1actions.zil"	"2213"	"PAINTING-FCN"	"TELL"	"Congratulations! Unlike the other vandals, who merely stole the\nartist's masterpieces, you have destroyed one."
"message.1actions.LAMP-TABLE.2223.01"	"1actions.zil"	"2223"	"LAMP-TABLE"	"TABLE"	"The lamp appears a bit dimmer."
"message.1actions.LAMP-TABLE.2225.01"	"1actions.zil"	"2225"	"LAMP-TABLE"	"TABLE"	"The lamp is definitely dimmer now."
"message.1actions.LAMP-TABLE.2227.01"	"1actions.zil"	"2227"	"LAMP-TABLE"	"TABLE"	"The lamp is nearly out."
"message.1actions.LANTERN.2233.01"	"1actions.zil"	"2233"	"LANTERN"	"TELL"	"The lamp has smashed into the floor, and the light has gone out."
"message.1actions.LANTERN.2239.01"	"1actions.zil"	"2239"	"LANTERN"	"TELL"	"A burned-out lamp won't light."
"message.1actions.LANTERN.2245.01"	"1actions.zil"	"2245"	"LANTERN"	"TELL"	"The lamp has already burned out."
"message.1actions.LANTERN.2250.01"	"1actions.zil"	"2250"	"LANTERN"	"TELL"	"The lamp "
"message.1actions.LANTERN.2252.01"	"1actions.zil"	"2252"	"LANTERN"	"TELL"	"has burned out."
"message.1actions.LANTERN.2254.01"	"1actions.zil"	"2254"	"LANTERN"	"TELL"	"is on."
"message.1actions.LANTERN.2256.01"	"1actions.zil"	"2256"	"LANTERN"	"TELL"	"is turned off."
"message.1actions.MAILBOX-F.2261.01"	"1actions.zil"	"2261"	"MAILBOX-F"	"TELL"	"It is securely anchored."
"message.1actions.MATCH-FUNCTION.2271.01"	"1actions.zil"	"2271"	"MATCH-FUNCTION"	"TELL"	"I'm afraid that you have run out of matches."
"message.1actions.MATCH-FUNCTION.2274.01"	"1actions.zil"	"2274"	"MATCH-FUNCTION"	"TELL"	"This room is drafty, and the match goes out instantly."
"message.1actions.MATCH-FUNCTION.2279.01"	"1actions.zil"	"2279"	"MATCH-FUNCTION"	"TELL"	"One of the matches starts to burn."
"message.1actions.MATCH-FUNCTION.2285.01"	"1actions.zil"	"2285"	"MATCH-FUNCTION"	"TELL"	"The match is out."
"message.1actions.MATCH-FUNCTION.2289.01"	"1actions.zil"	"2289"	"MATCH-FUNCTION"	"TELL"	"It's pitch black in here!"
"message.1actions.MATCH-FUNCTION.2293.01"	"1actions.zil"	"2293"	"MATCH-FUNCTION"	"TELL"	"You have "
"message.1actions.MATCH-FUNCTION.2295.01"	"1actions.zil"	"2295"	"MATCH-FUNCTION"	"TELL"	"no"
"message.1actions.MATCH-FUNCTION.2297.01"	"1actions.zil"	"2297"	"MATCH-FUNCTION"	"TELL"	" match"
"message.1actions.MATCH-FUNCTION.2298.01"	"1actions.zil"	"2298"	"MATCH-FUNCTION"	"TELL"	"es."
"message.1actions.MATCH-FUNCTION.2298.02"	"1actions.zil"	"2298"	"MATCH-FUNCTION"	"TELL"	"."
"message.1actions.MATCH-FUNCTION.2302.01"	"1actions.zil"	"2302"	"MATCH-FUNCTION"	"TELL"	"The match is burning."
"message.1actions.MATCH-FUNCTION.2305.01"	"1actions.zil"	"2305"	"MATCH-FUNCTION"	"TELL"	"The matchbook isn't very interesting, except for what's written on it."
"message.1actions.I-MATCH.2309.01"	"1actions.zil"	"2309"	"I-MATCH"	"TELL"	"The match has gone out."
"message.1actions.LIGHT-INT.2335.01"	"1actions.zil"	"2335"	"LIGHT-INT"	"TELL"	"You'd better have more light than from the "
"message.1actions.LIGHT-INT.2335.02"	"1actions.zil"	"2335"	"LIGHT-INT"	"TELL"	"."
"message.1actions.CANDLES-FCN.2351.01"	"1actions.zil"	"2351"	"CANDLES-FCN"	"TELL"	"Alas, there's not much left of the candles. Certainly not enough to\nburn."
"message.1actions.CANDLES-FCN.2355.01"	"1actions.zil"	"2355"	"CANDLES-FCN"	"TELL"	"(with the match)"
"message.1actions.CANDLES-FCN.2360.01"	"1actions.zil"	"2360"	"CANDLES-FCN"	"TELL"	"You should say what to light them with."
"message.1actions.CANDLES-FCN.2364.01"	"1actions.zil"	"2364"	"CANDLES-FCN"	"TELL"	"The candles are "
"message.1actions.CANDLES-FCN.2366.01"	"1actions.zil"	"2366"	"CANDLES-FCN"	"TELL"	"already lit."
"message.1actions.CANDLES-FCN.2369.01"	"1actions.zil"	"2369"	"CANDLES-FCN"	"TELL"	"lit."
"message.1actions.CANDLES-FCN.2374.01"	"1actions.zil"	"2374"	"CANDLES-FCN"	"TELL"	"You realize, just in time, that the candles are already lighted."
"message.1actions.CANDLES-FCN.2377.01"	"1actions.zil"	"2377"	"CANDLES-FCN"	"TELL"	"The heat from the torch is so intense that the candles are vaporized."
"message.1actions.CANDLES-FCN.2381.01"	"1actions.zil"	"2381"	"CANDLES-FCN"	"TELL"	"You have to light them with something that's burning, you know."
"message.1actions.CANDLES-FCN.2384.01"	"1actions.zil"	"2384"	"CANDLES-FCN"	"TELL"	"Let's see, how many objects in a pair? Don't tell me, I'll get it."
"message.1actions.CANDLES-FCN.2388.01"	"1actions.zil"	"2388"	"CANDLES-FCN"	"TELL"	"The flame is extinguished."
"message.1actions.CANDLES-FCN.2393.01"	"1actions.zil"	"2393"	"CANDLES-FCN"	"TELL"	" It's really dark in here...."
"message.1actions.CANDLES-FCN.2396.01"	"1actions.zil"	"2396"	"CANDLES-FCN"	"TELL"	"The candles are not lighted."
"message.1actions.CANDLES-FCN.2398.01"	"1actions.zil"	"2398"	"CANDLES-FCN"	"TELL"	"That wouldn't be smart."
"message.1actions.CANDLES-FCN.2400.01"	"1actions.zil"	"2400"	"CANDLES-FCN"	"TELL"	"The candles are "
"message.1actions.CANDLES-FCN.2402.01"	"1actions.zil"	"2402"	"CANDLES-FCN"	"TELL"	"burning."
"message.1actions.CANDLES-FCN.2403.01"	"1actions.zil"	"2403"	"CANDLES-FCN"	"TELL"	"out."
"message.1actions.CANDLE-TABLE.2409.01"	"1actions.zil"	"2409"	"CANDLE-TABLE"	"TABLE"	"The candles grow shorter."
"message.1actions.CANDLE-TABLE.2411.01"	"1actions.zil"	"2411"	"CANDLE-TABLE"	"TABLE"	"The candles are becoming quite short."
"message.1actions.CANDLE-TABLE.2413.01"	"1actions.zil"	"2413"	"CANDLE-TABLE"	"TABLE"	"The candles won't last long now."
"message.1actions.CAVE2-ROOM.2424.01"	"1actions.zil"	"2424"	"CAVE2-ROOM"	"TELL"	"A gust of wind blows out your candles!"
"message.1actions.CAVE2-ROOM.2426.01"	"1actions.zil"	"2426"	"CAVE2-ROOM"	"TELL"	"It is now completely dark."
"message.1actions.SWORD-FCN.2439.01"	"1actions.zil"	"2439"	"SWORD-FCN"	"TELL"	"Your sword is glowing with a faint blue glow."
"message.1actions.SWORD-FCN.2442.01"	"1actions.zil"	"2442"	"SWORD-FCN"	"TELL"	"Your sword is glowing very brightly."
"message.1actions.BOOM-ROOM.2460.01"	"1actions.zil"	"2460"	"BOOM-ROOM"	"TELL"	"How sad for an aspiring adventurer to light a "
"message.1actions.BOOM-ROOM.2460.02"	"1actions.zil"	"2460"	"BOOM-ROOM"	"TELL"	" in a room which\nreeks of gas. Fortunately, there is justice in the world."
"message.1actions.BOOM-ROOM.2464.01"	"1actions.zil"	"2464"	"BOOM-ROOM"	"TELL"	"Oh dear. It appears that the smell coming from this room was coal gas.\nI would have thought twice about carrying flaming objects in here."
"message.1actions.BOOM-ROOM.2466.01"	"1actions.zil"	"2466"	"BOOM-ROOM"	"JIGS-UP"	"|\n      ** BOOOOOOOOOOOM **"
"message.1actions.BAT-D.2472.01"	"1actions.zil"	"2472"	"BAT-D"	"TELL"	"In the corner of the room on the ceiling is a large vampire bat who\nis obviously deranged and holding his nose."
"message.1actions.BAT-D.2476.01"	"1actions.zil"	"2476"	"BAT-D"	"TELL"	"A large vampire bat, hanging from the ceiling, swoops down at you!"
"message.1actions.BATS-ROOM.2481.01"	"1actions.zil"	"2481"	"BATS-ROOM"	"TELL"	"You are in a small room which has doors only to the east and south."
"message.1actions.MACHINE-ROOM-FCN.2491.01"	"1actions.zil"	"2491"	"MACHINE-ROOM-FCN"	"TELL"	"This is a large, cold room whose sole exit is to the north. In one\ncorner there is a machine which is reminiscent of a clothes\ndryer. On its face is a switch which is labelled ""START"".\nThe switch does not appear to be manipulable by any human hand (unless the\nfingers are about 1/16 by 1/4 inch). On the front of the machine is a large\nlid, which is "
"message.1actions.MACHINE-ROOM-FCN.2498.01"	"1actions.zil"	"2498"	"MACHINE-ROOM-FCN"	"TELL"	"open."
"message.1actions.MACHINE-ROOM-FCN.2499.01"	"1actions.zil"	"2499"	"MACHINE-ROOM-FCN"	"TELL"	"closed."
"message.1actions.MACHINE-F.2504.01"	"1actions.zil"	"2504"	"MACHINE-F"	"TELL"	"It is far too large to carry."
"message.1actions.MACHINE-F.2509.01"	"1actions.zil"	"2509"	"MACHINE-F"	"TELL"	"The lid opens, revealing "
"message.1actions.MACHINE-F.2511.01"	"1actions.zil"	"2511"	"MACHINE-F"	"TELL"	"."
"message.1actions.MACHINE-F.2514.01"	"1actions.zil"	"2514"	"MACHINE-F"	"TELL"	"The lid opens."
"message.1actions.MACHINE-F.2518.01"	"1actions.zil"	"2518"	"MACHINE-F"	"TELL"	"The lid closes."
"message.1actions.MACHINE-F.2526.01"	"1actions.zil"	"2526"	"MACHINE-F"	"TELL"	"It's not clear how to turn it on with your bare hands."
"message.1actions.MSWITCH-FUNCTION.2536.01"	"1actions.zil"	"2536"	"MSWITCH-FUNCTION"	"TELL"	"The machine doesn't seem to want to do anything."
"message.1actions.MSWITCH-FUNCTION.2538.01"	"1actions.zil"	"2538"	"MSWITCH-FUNCTION"	"TELL"	"The machine comes to life (figuratively) with a dazzling display of\ncolored lights and bizarre noises. After a few moments, the\nexcitement abates."
"message.1actions.MSWITCH-FUNCTION.2551.01"	"1actions.zil"	"2551"	"MSWITCH-FUNCTION"	"TELL"	"It seems that a "
"message.1actions.MSWITCH-FUNCTION.2551.02"	"1actions.zil"	"2551"	"MSWITCH-FUNCTION"	"TELL"	" won't do."
"message.1actions.GUNK-FUNCTION.2556.01"	"1actions.zil"	"2556"	"GUNK-FUNCTION"	"TELL"	"The slag was rather insubstantial, and crumbles into dust at your touch."
"message.1actions.SCEPTRE-FUNCTION.2599.01"	"1actions.zil"	"2599"	"SCEPTRE-FUNCTION"	"TELL"	"Suddenly, the rainbow appears to become solid and, I venture,\nwalkable (I think the giveaway was the stairs and bannister)."
"message.1actions.SCEPTRE-FUNCTION.2604.01"	"1actions.zil"	"2604"	"SCEPTRE-FUNCTION"	"TELL"	"A shimmering pot of gold appears at the end of the rainbow."
"message.1actions.SCEPTRE-FUNCTION.2609.01"	"1actions.zil"	"2609"	"SCEPTRE-FUNCTION"	"TELL"	"The rainbow seems to have become somewhat run-of-the-mill."
"message.1actions.SCEPTRE-FUNCTION.2615.01"	"1actions.zil"	"2615"	"SCEPTRE-FUNCTION"	"JIGS-UP"	"The structural integrity of the rainbow is severely compromised,\nleaving you hanging in midair, supported only by water vapor. Bye."
"message.1actions.SCEPTRE-FUNCTION.2619.01"	"1actions.zil"	"2619"	"SCEPTRE-FUNCTION"	"TELL"	"A dazzling display of color briefly emanates from the sceptre."
"message.1actions.FALLS-ROOM.2624.01"	"1actions.zil"	"2624"	"FALLS-ROOM"	"TELL"	"You are at the top of Aragain Falls, an enormous waterfall with a\ndrop of about 450 feet. The only path here is on the north end."
"message.1actions.FALLS-ROOM.2628.01"	"1actions.zil"	"2628"	"FALLS-ROOM"	"TELL"	"A solid rainbow spans the falls."
"message.1actions.FALLS-ROOM.2631.01"	"1actions.zil"	"2631"	"FALLS-ROOM"	"TELL"	"A beautiful rainbow can be seen over the falls and to the west."
"message.1actions.RAINBOW-FCN.2637.01"	"1actions.zil"	"2637"	"RAINBOW-FCN"	"TELL"	"From here?!?"
"message.1actions.RAINBOW-FCN.2645.01"	"1actions.zil"	"2645"	"RAINBOW-FCN"	"TELL"	"You'll have to say which way..."
"message.1actions.RAINBOW-FCN.2647.01"	"1actions.zil"	"2647"	"RAINBOW-FCN"	"TELL"	"Can you walk on water vapor?"
"message.1actions.RAINBOW-FCN.2650.01"	"1actions.zil"	"2650"	"RAINBOW-FCN"	"TELL"	"The Frigid River flows under the rainbow."
"message.1actions.DBOAT-FUNCTION.2658.01"	"1actions.zil"	"2658"	"DBOAT-FUNCTION"	"TELL"	"No chance. Some moron punctured it."
"message.1actions.FIX-BOAT.2665.01"	"1actions.zil"	"2665"	"FIX-BOAT"	"TELL"	"Well done. The boat is repaired."
"message.1actions.RIVER-FUNCTION.2674.01"	"1actions.zil"	"2674"	"RIVER-FUNCTION"	"JIGS-UP"	"You splash around for a while, fighting the current, then you drown."
"message.1actions.RIVER-FUNCTION.2677.01"	"1actions.zil"	"2677"	"RIVER-FUNCTION"	"TELL"	"You should get in the boat then launch it."
"message.1actions.RIVER-FUNCTION.2681.01"	"1actions.zil"	"2681"	"RIVER-FUNCTION"	"TELL"	"The "
"message.1actions.RIVER-FUNCTION.2681.02"	"1actions.zil"	"2681"	"RIVER-FUNCTION"	"TELL"	" floats for a moment, then sinks."
"message.1actions.RIVER-FUNCTION.2685.01"	"1actions.zil"	"2685"	"RIVER-FUNCTION"	"TELL"	"The "
"message.1actions.RIVER-FUNCTION.2685.02"	"1actions.zil"	"2685"	"RIVER-FUNCTION"	"TELL"	" splashes into the water and is gone forever."
"message.1actions.RIVER-FUNCTION.2688.01"	"1actions.zil"	"2688"	"RIVER-FUNCTION"	"TELL"	"A look before leaping reveals that the river is wide and dangerous,\nwith swift currents and large, half-hidden rocks. You decide to forgo your\nswim."
"message.1actions.I-RIVER.2713.01"	"1actions.zil"	"2713"	"I-RIVER"	"TELL"	"The flow of the river carries you downstream."
"message.1actions.I-RIVER.2718.01"	"1actions.zil"	"2718"	"I-RIVER"	"JIGS-UP"	"Unfortunately, the magic boat doesn't provide protection from\nthe rocks and boulders one meets at the bottom of waterfalls.\nIncluding this one."
"message.1actions.RBOAT-FUNCTION.2736.01"	"1actions.zil"	"2736"	"RBOAT-FUNCTION"	"TELL"	"Read the label for the boat's instructions."
"message.1actions.RBOAT-FUNCTION.2742.01"	"1actions.zil"	"2742"	"RBOAT-FUNCTION"	"TELL"	"You are on the "
"message.1actions.RBOAT-FUNCTION.2744.01"	"1actions.zil"	"2744"	"RBOAT-FUNCTION"	"TELL"	"reservoir"
"message.1actions.RBOAT-FUNCTION.2746.01"	"1actions.zil"	"2746"	"RBOAT-FUNCTION"	"TELL"	"stream"
"message.1actions.RBOAT-FUNCTION.2747.01"	"1actions.zil"	"2747"	"RBOAT-FUNCTION"	"TELL"	"river"
"message.1actions.RBOAT-FUNCTION.2748.01"	"1actions.zil"	"2748"	"RBOAT-FUNCTION"	"TELL"	", or have you forgotten?"
"message.1actions.RBOAT-FUNCTION.2753.01"	"1actions.zil"	"2753"	"RBOAT-FUNCTION"	"TELL"	"You can't launch it here."
"message.1actions.RBOAT-FUNCTION.2768.01"	"1actions.zil"	"2768"	"RBOAT-FUNCTION"	"TELL"	"It seems that the "
"message.1actions.RBOAT-FUNCTION.2771.01"	"1actions.zil"	"2771"	"RBOAT-FUNCTION"	"TELL"	" didn't agree with the boat, as evidenced\nby the loud hissing noise issuing therefrom. With a pathetic sputter, the\nboat deflates, leaving you without."
"message.1actions.RBOAT-FUNCTION.2778.01"	"1actions.zil"	"2778"	"RBOAT-FUNCTION"	"JIGS-UP"	"Another pathetic sputter, this time from you, heralds your drowning."
"message.1actions.RBOAT-FUNCTION.2781.01"	"1actions.zil"	"2781"	"RBOAT-FUNCTION"	"JIGS-UP"	"In other words, fighting the fierce currents of the Frigid River. You\nmanage to hold your own for a bit, but then you are carried over a\nwaterfall and into some nasty rocks. Ouch!"
"message.1actions.RBOAT-FUNCTION.2786.01"	"1actions.zil"	"2786"	"RBOAT-FUNCTION"	"TELL"	"You're not in the boat!"
"message.1actions.RBOAT-FUNCTION.2795.01"	"1actions.zil"	"2795"	"RBOAT-FUNCTION"	"TELL"	"Oops! Something sharp seems to have slipped and punctured the boat.\nThe boat deflates to the sounds of hissing, sputtering, and cursing."
"message.1actions.RBOAT-FUNCTION.2802.01"	"1actions.zil"	"2802"	"RBOAT-FUNCTION"	"TELL"	"Inflating it further would probably burst it."
"message.1actions.RBOAT-FUNCTION.2806.01"	"1actions.zil"	"2806"	"RBOAT-FUNCTION"	"TELL"	"You can't deflate the boat while you're in it."
"message.1actions.RBOAT-FUNCTION.2809.01"	"1actions.zil"	"2809"	"RBOAT-FUNCTION"	"TELL"	"The boat must be on the ground to be deflated."
"message.1actions.RBOAT-FUNCTION.2811.01"	"1actions.zil"	"2811"	"RBOAT-FUNCTION"	"TELL"	"The boat deflates."
"message.1actions.IBOAT-FUNCTION.2824.01"	"1actions.zil"	"2824"	"IBOAT-FUNCTION"	"TELL"	"The boat must be on the ground to be inflated."
"message.1actions.IBOAT-FUNCTION.2827.01"	"1actions.zil"	"2827"	"IBOAT-FUNCTION"	"TELL"	"The boat inflates and appears seaworthy."
"message.1actions.IBOAT-FUNCTION.2830.01"	"1actions.zil"	"2830"	"IBOAT-FUNCTION"	"TELL"	"A tan label is lying inside the boat."
"message.1actions.IBOAT-FUNCTION.2837.01"	"1actions.zil"	"2837"	"IBOAT-FUNCTION"	"TELL"	"You don't have enough lung power to inflate it."
"message.1actions.IBOAT-FUNCTION.2840.01"	"1actions.zil"	"2840"	"IBOAT-FUNCTION"	"TELL"	"With a "
"message.1actions.IBOAT-FUNCTION.2840.02"	"1actions.zil"	"2840"	"IBOAT-FUNCTION"	"TELL"	"? Surely you jest!"
"message.1actions.RIVR4-ROOM.2848.01"	"1actions.zil"	"2848"	"RIVR4-ROOM"	"TELL"	"You notice something funny about the feel of the buoy."
"message.1actions.SAND-FUNCTION.2861.01"	"1actions.zil"	"2861"	"SAND-FUNCTION"	"JIGS-UP"	"The hole collapses, smothering you."
"message.1actions.SAND-FUNCTION.2865.01"	"1actions.zil"	"2865"	"SAND-FUNCTION"	"TELL"	"You can see a scarab here in the sand."
"message.1actions.BDIGS.2872.01"	"1actions.zil"	"2872"	"BDIGS"	"TABLE"	"You seem to be digging a hole here."
"message.1actions.BDIGS.2873.01"	"1actions.zil"	"2873"	"BDIGS"	"TABLE"	"The hole is getting deeper, but that's about it."
"message.1actions.BDIGS.2874.01"	"1actions.zil"	"2874"	"BDIGS"	"TABLE"	"You are surrounded by a wall of sand on all sides."
"message.1actions.TREE-ROOM.2883.01"	"1actions.zil"	"2883"	"TREE-ROOM"	"TELL"	"You are about 10 feet above the ground nestled among some large\nbranches. The nearest branch above you is above your reach."
"message.1actions.TREE-ROOM.2887.01"	"1actions.zil"	"2887"	"TREE-ROOM"	"TELL"	"On the ground below you can see:  "
"message.1actions.TREE-ROOM.2889.01"	"1actions.zil"	"2889"	"TREE-ROOM"	"TELL"	"."
"message.1actions.TREE-ROOM.2900.01"	"1actions.zil"	"2900"	"TREE-ROOM"	"TELL"	"The nest falls to the ground, and the egg spills out of it, seriously\ndamaged."
"message.1actions.TREE-ROOM.2906.01"	"1actions.zil"	"2906"	"TREE-ROOM"	"TELL"	"The egg falls to the ground and springs open, seriously damaged."
"message.1actions.TREE-ROOM.2913.01"	"1actions.zil"	"2913"	"TREE-ROOM"	"TELL"	"The "
"message.1actions.TREE-ROOM.2913.02"	"1actions.zil"	"2913"	"TREE-ROOM"	"TELL"	" falls to the ground."
"message.1actions.TREE-ROOM.2916.01"	"1actions.zil"	"2916"	"TREE-ROOM"	"JIGS-UP"	"That was just a bit too far down."
"message.1actions.EGG-OBJECT.2922.01"	"1actions.zil"	"2922"	"EGG-OBJECT"	"TELL"	"The egg is already open."
"message.1actions.EGG-OBJECT.2924.01"	"1actions.zil"	"2924"	"EGG-OBJECT"	"TELL"	"You have neither the tools nor the expertise."
"message.1actions.EGG-OBJECT.2927.01"	"1actions.zil"	"2927"	"EGG-OBJECT"	"TELL"	"I doubt you could do that without damaging it."
"message.1actions.EGG-OBJECT.2933.01"	"1actions.zil"	"2933"	"EGG-OBJECT"	"TELL"	"The egg is now open, but the clumsiness of your attempt has seriously\ncompromised its esthetic appeal."
"message.1actions.EGG-OBJECT.2938.01"	"1actions.zil"	"2938"	"EGG-OBJECT"	"TELL"	"Not to say that using the "
"message.1actions.EGG-OBJECT.2940.01"	"1actions.zil"	"2940"	"EGG-OBJECT"	"TELL"	" isn't original too..."
"message.1actions.EGG-OBJECT.2942.01"	"1actions.zil"	"2942"	"EGG-OBJECT"	"TELL"	"The concept of using a "
"message.1actions.EGG-OBJECT.2944.01"	"1actions.zil"	"2944"	"EGG-OBJECT"	"TELL"	" is certainly original."
"message.1actions.EGG-OBJECT.2948.01"	"1actions.zil"	"2948"	"EGG-OBJECT"	"TELL"	"There is a noticeable crunch from beneath you, and inspection reveals\nthat the egg is lying open, badly damaged."
"message.1actions.EGG-OBJECT.2955.01"	"1actions.zil"	"2955"	"EGG-OBJECT"	"TELL"	"Your rather indelicate handling of the egg has caused it some damage,\nalthough you have succeeded in opening it."
"message.1actions.BAD-EGG.2962.01"	"1actions.zil"	"2962"	"BAD-EGG"	"TELL"	" "
"message.1actions.CANARY-OBJECT.2975.01"	"1actions.zil"	"2975"	"CANARY-OBJECT"	"TELL"	"The canary chirps, slightly off-key, an aria from a forgotten opera.\nFrom out of the greenery flies a lovely songbird. It perches on a\nlimb just over your head and opens its beak to sing. As it does so\na beautiful brass bauble drops from its mouth, bounces off the top of\nyour head, and lands glimmering in the grass. As the canary winds\ndown, the songbird flies away."
"message.1actions.CANARY-OBJECT.2987.01"	"1actions.zil"	"2987"	"CANARY-OBJECT"	"TELL"	"The canary chirps blithely, if somewhat tinnily, for a short time."
"message.1actions.CANARY-OBJECT.2990.01"	"1actions.zil"	"2990"	"CANARY-OBJECT"	"TELL"	"There is an unpleasant grinding noise from inside the canary."
"message.1actions.I-FOREST-ROOM.3002.01"	"1actions.zil"	"3002"	"I-FOREST-ROOM"	"TELL"	"You hear in the distance the chirping of a song bird."
"message.1actions.WCLIF-OBJECT.3013.01"	"1actions.zil"	"3013"	"WCLIF-OBJECT"	"TELL"	"The cliff is too steep for climbing."
"message.1actions.CLIFF-OBJECT.3019.01"	"1actions.zil"	"3019"	"CLIFF-OBJECT"	"TELL"	"That would be very unwise. Perhaps even fatal."
"message.1actions.CLIFF-OBJECT.3023.01"	"1actions.zil"	"3023"	"CLIFF-OBJECT"	"TELL"	"The "
"message.1actions.CLIFF-OBJECT.3023.02"	"1actions.zil"	"3023"	"CLIFF-OBJECT"	"TELL"	" tumbles into the river and is seen no more."
"message.1actions.ROPE-FUNCTION.3034.01"	"1actions.zil"	"3034"	"ROPE-FUNCTION"	"TELL"	"You can't tie the rope to that."
"message.1actions.ROPE-FUNCTION.3039.01"	"1actions.zil"	"3039"	"ROPE-FUNCTION"	"TELL"	"The rope is already tied to it."
"message.1actions.ROPE-FUNCTION.3042.01"	"1actions.zil"	"3042"	"ROPE-FUNCTION"	"TELL"	"The rope drops over the side and comes within ten feet of the floor."
"message.1actions.ROPE-FUNCTION.3057.01"	"1actions.zil"	"3057"	"ROPE-FUNCTION"	"TELL"	"Your attempt to tie up the "
"message.1actions.ROPE-FUNCTION.3057.02"	"1actions.zil"	"3057"	"ROPE-FUNCTION"	"TELL"	" awakens him."
"message.1actions.ROPE-FUNCTION.3061.01"	"1actions.zil"	"3061"	"ROPE-FUNCTION"	"TELL"	"The "
"message.1actions.ROPE-FUNCTION.3061.02"	"1actions.zil"	"3061"	"ROPE-FUNCTION"	"TELL"	" struggles and you cannot tie him up."
"message.1actions.ROPE-FUNCTION.3063.01"	"1actions.zil"	"3063"	"ROPE-FUNCTION"	"TELL"	"Why would you tie up a "
"message.1actions.ROPE-FUNCTION.3063.02"	"1actions.zil"	"3063"	"ROPE-FUNCTION"	"TELL"	"?"
"message.1actions.ROPE-FUNCTION.3068.01"	"1actions.zil"	"3068"	"ROPE-FUNCTION"	"TELL"	"The rope is now untied."
"message.1actions.ROPE-FUNCTION.3070.01"	"1actions.zil"	"3070"	"ROPE-FUNCTION"	"TELL"	"It is not tied to anything."
"message.1actions.ROPE-FUNCTION.3075.01"	"1actions.zil"	"3075"	"ROPE-FUNCTION"	"TELL"	"The rope drops gently to the floor below."
"message.1actions.ROPE-FUNCTION.3078.01"	"1actions.zil"	"3078"	"ROPE-FUNCTION"	"TELL"	"The rope is tied to the railing."
"message.1actions.UNTIE-FROM.3084.01"	"1actions.zil"	"3084"	"UNTIE-FROM"	"TELL"	"It's not attached to that!"
"message.1actions.SLIDE-FUNCTION.3093.01"	"1actions.zil"	"3093"	"SLIDE-FUNCTION"	"TELL"	"You tumble down the slide...."
"message.1actions.SLIDER.3100.01"	"1actions.zil"	"3100"	"SLIDER"	"TELL"	"The "
"message.1actions.SLIDER.3100.02"	"1actions.zil"	"3100"	"SLIDER"	"TELL"	" falls into the slide and is gone."
"message.1actions.SANDWICH-BAG-FCN.3109.01"	"1actions.zil"	"3109"	"SANDWICH-BAG-FCN"	"TELL"	"It smells of hot peppers."
"message.1actions.DEAD-FUNCTION.3117.01"	"1actions.zil"	"3117"	"DEAD-FUNCTION"	"TELL"	"You cannot enter in your condition."
"message.1actions.DEAD-FUNCTION.3122.01"	"1actions.zil"	"3122"	"DEAD-FUNCTION"	"TELL"	"All such attacks are vain in your condition."
"message.1actions.DEAD-FUNCTION.3127.01"	"1actions.zil"	"3127"	"DEAD-FUNCTION"	"TELL"	"Even such an action is beyond your capabilities."
"message.1actions.DEAD-FUNCTION.3129.01"	"1actions.zil"	"3129"	"DEAD-FUNCTION"	"TELL"	"Might as well. You've got an eternity."
"message.1actions.DEAD-FUNCTION.3131.01"	"1actions.zil"	"3131"	"DEAD-FUNCTION"	"TELL"	"You need no light to guide you."
"message.1actions.DEAD-FUNCTION.3133.01"	"1actions.zil"	"3133"	"DEAD-FUNCTION"	"TELL"	"You're dead! How can you think of your score?"
"message.1actions.DEAD-FUNCTION.3135.01"	"1actions.zil"	"3135"	"DEAD-FUNCTION"	"TELL"	"Your hand passes through its object."
"message.1actions.DEAD-FUNCTION.3137.01"	"1actions.zil"	"3137"	"DEAD-FUNCTION"	"TELL"	"You have no possessions."
"message.1actions.DEAD-FUNCTION.3139.01"	"1actions.zil"	"3139"	"DEAD-FUNCTION"	"TELL"	"You are dead."
"message.1actions.DEAD-FUNCTION.3141.01"	"1actions.zil"	"3141"	"DEAD-FUNCTION"	"TELL"	"The room looks strange and unearthly"
"message.1actions.DEAD-FUNCTION.3143.01"	"1actions.zil"	"3143"	"DEAD-FUNCTION"	"TELL"	"."
"message.1actions.DEAD-FUNCTION.3145.01"	"1actions.zil"	"3145"	"DEAD-FUNCTION"	"TELL"	" and objects appear indistinct."
"message.1actions.DEAD-FUNCTION.3149.01"	"1actions.zil"	"3149"	"DEAD-FUNCTION"	"TELL"	"Although there is no light, the room seems dimly illuminated."
"message.1actions.DEAD-FUNCTION.3162.01"	"1actions.zil"	"3162"	"DEAD-FUNCTION"	"TELL"	"From the distance the sound of a lone trumpet is heard. The room\nbecomes very bright and you feel disembodied. In a moment, the\nbrightness fades and you find yourself rising as if from a long\nsleep, deep in the woods. In the distance you can faintly hear a\nsongbird and the sounds of the forest."
"message.1actions.DEAD-FUNCTION.3169.01"	"1actions.zil"	"3169"	"DEAD-FUNCTION"	"TELL"	"Your prayers are not heard."
"message.1actions.DEAD-FUNCTION.3171.01"	"1actions.zil"	"3171"	"DEAD-FUNCTION"	"TELL"	"You can't even do that."
"message.1actions.LAKE-PSEUDO.3179.01"	"1actions.zil"	"3179"	"LAKE-PSEUDO"	"TELL"	"There's not much lake left...."
"message.1actions.LAKE-PSEUDO.3181.01"	"1actions.zil"	"3181"	"LAKE-PSEUDO"	"TELL"	"It's too wide to cross."
"message.1actions.LAKE-PSEUDO.3183.01"	"1actions.zil"	"3183"	"LAKE-PSEUDO"	"TELL"	"You can't swim in this lake."
"message.1actions.STREAM-PSEUDO.3187.01"	"1actions.zil"	"3187"	"STREAM-PSEUDO"	"TELL"	"You can't swim in the stream."
"message.1actions.STREAM-PSEUDO.3189.01"	"1actions.zil"	"3189"	"STREAM-PSEUDO"	"TELL"	"The other side is a sheer rock cliff."
"message.1actions.CHASM-PSEUDO.3195.01"	"1actions.zil"	"3195"	"CHASM-PSEUDO"	"TELL"	"You look before leaping, and realize that you would never survive."
"message.1actions.CHASM-PSEUDO.3197.01"	"1actions.zil"	"3197"	"CHASM-PSEUDO"	"TELL"	"It's too far to jump, and there's no bridge."
"message.1actions.CHASM-PSEUDO.3200.01"	"1actions.zil"	"3200"	"CHASM-PSEUDO"	"TELL"	"The "
"message.1actions.CHASM-PSEUDO.3200.02"	"1actions.zil"	"3200"	"CHASM-PSEUDO"	"TELL"	" drops out of sight into the chasm."
"message.1actions.DOME-PSEUDO.3205.01"	"1actions.zil"	"3205"	"DOME-PSEUDO"	"TELL"	"No."
"message.1actions.GATE-PSEUDO.3213.01"	"1actions.zil"	"3213"	"GATE-PSEUDO"	"TELL"	"The gate is protected by an invisible force. It makes your\nteeth ache to touch it."
"message.1actions.DOOR-PSEUDO.3218.01"	"1actions.zil"	"3218"	"DOOR-PSEUDO"	"TELL"	"The door won't budge."
"message.1actions.PAINT-PSEUDO.3224.01"	"1actions.zil"	"3224"	"PAINT-PSEUDO"	"TELL"	"Some paint chips away, revealing more paint."
"message.1actions.GAS-PSEUDO.3228.01"	"1actions.zil"	"3228"	"GAS-PSEUDO"	"TELL"	"There is too much gas to blow away."
"message.1actions.GAS-PSEUDO.3230.01"	"1actions.zil"	"3230"	"GAS-PSEUDO"	"TELL"	"It smells like coal gas in here."
"message.1actions.VILLAIN-BLOW.3419.01"	"1actions.zil"	"3419"	"VILLAIN-BLOW"	"TELL"	"The "
"message.1actions.VILLAIN-BLOW.3420.01"	"1actions.zil"	"3420"	"VILLAIN-BLOW"	"TELL"	" slowly regains his feet."
"message.1actions.VILLAIN-BLOW.3473.01"	"1actions.zil"	"3473"	"VILLAIN-BLOW"	"TELL"	"Fortunately, you still have a "
"message.1actions.VILLAIN-BLOW.3473.02"	"1actions.zil"	"3473"	"VILLAIN-BLOW"	"TELL"	"."
"message.1actions.HERO-BLOW.3487.01"	"1actions.zil"	"3487"	"HERO-BLOW"	"TELL"	"You are still recovering from that last blow, so your attack is\nineffective."
"message.1actions.HERO-BLOW.3498.01"	"1actions.zil"	"3498"	"HERO-BLOW"	"JIGS-UP"	"Well, you really did it that time. Is suicide painless?"
"message.1actions.HERO-BLOW.3499.01"	"1actions.zil"	"3499"	"HERO-BLOW"	"TELL"	"Attacking the "
"message.1actions.HERO-BLOW.3499.02"	"1actions.zil"	"3499"	"HERO-BLOW"	"TELL"	" is pointless."
"message.1actions.HERO-BLOW.3503.01"	"1actions.zil"	"3503"	"HERO-BLOW"	"TELL"	"The "
"message.1actions.HERO-BLOW.3504.01"	"1actions.zil"	"3504"	"HERO-BLOW"	"TELL"	"unconscious"
"message.1actions.HERO-BLOW.3505.01"	"1actions.zil"	"3505"	"HERO-BLOW"	"TELL"	"unarmed"
"message.1actions.HERO-BLOW.3506.01"	"1actions.zil"	"3506"	"HERO-BLOW"	"TELL"	" "
"message.1actions.HERO-BLOW.3507.01"	"1actions.zil"	"3507"	"HERO-BLOW"	"TELL"	" cannot defend himself: He dies."
"message.1actions.WINNER-RESULT.3561.01"	"1actions.zil"	"3561"	"WINNER-RESULT"	"JIGS-UP"	"It appears that that last blow was too much for you. I'm afraid you\nare dead."
"message.1actions.VILLAIN-RESULT.3571.01"	"1actions.zil"	"3571"	"VILLAIN-RESULT"	"TELL"	"Almost as soon as the "
"message.1actions.VILLAIN-RESULT.3571.02"	"1actions.zil"	"3571"	"VILLAIN-RESULT"	"TELL"	" breathes his last breath, a cloud\nof sinister black fog envelops him, and when the fog lifts, the\ncarcass has disappeared."
"message.1actions.HERO-MELEE.3614.01"	"1actions.zil"	"3614"	"HERO-MELEE"	"LTABLE"	"Your "
"message.1actions.HERO-MELEE.3614.02"	"1actions.zil"	"3614"	"HERO-MELEE"	"LTABLE"	" misses the "
"message.1actions.HERO-MELEE.3614.03"	"1actions.zil"	"3614"	"HERO-MELEE"	"LTABLE"	" by an inch."
"message.1actions.HERO-MELEE.3615.01"	"1actions.zil"	"3615"	"HERO-MELEE"	"LTABLE"	"A good slash, but it misses the "
"message.1actions.HERO-MELEE.3615.02"	"1actions.zil"	"3615"	"HERO-MELEE"	"LTABLE"	" by a mile."
"message.1actions.HERO-MELEE.3616.01"	"1actions.zil"	"3616"	"HERO-MELEE"	"LTABLE"	"You charge, but the "
"message.1actions.HERO-MELEE.3616.02"	"1actions.zil"	"3616"	"HERO-MELEE"	"LTABLE"	" jumps nimbly aside."
"message.1actions.HERO-MELEE.3617.01"	"1actions.zil"	"3617"	"HERO-MELEE"	"LTABLE"	"Clang! Crash! The "
"message.1actions.HERO-MELEE.3617.02"	"1actions.zil"	"3617"	"HERO-MELEE"	"LTABLE"	" parries."
"message.1actions.HERO-MELEE.3618.01"	"1actions.zil"	"3618"	"HERO-MELEE"	"LTABLE"	"A quick stroke, but the "
"message.1actions.HERO-MELEE.3618.02"	"1actions.zil"	"3618"	"HERO-MELEE"	"LTABLE"	" is on guard."
"message.1actions.HERO-MELEE.3619.01"	"1actions.zil"	"3619"	"HERO-MELEE"	"LTABLE"	"A good stroke, but it's too slow; the "
"message.1actions.HERO-MELEE.3619.02"	"1actions.zil"	"3619"	"HERO-MELEE"	"LTABLE"	" dodges."
"message.1actions.HERO-MELEE.3621.01"	"1actions.zil"	"3621"	"HERO-MELEE"	"LTABLE"	"Your "
"message.1actions.HERO-MELEE.3621.02"	"1actions.zil"	"3621"	"HERO-MELEE"	"LTABLE"	" crashes down, knocking the "
"message.1actions.HERO-MELEE.3621.03"	"1actions.zil"	"3621"	"HERO-MELEE"	"LTABLE"	" into dreamland."
"message.1actions.HERO-MELEE.3622.01"	"1actions.zil"	"3622"	"HERO-MELEE"	"LTABLE"	"The "
"message.1actions.HERO-MELEE.3622.02"	"1actions.zil"	"3622"	"HERO-MELEE"	"LTABLE"	" is battered into unconsciousness."
"message.1actions.HERO-MELEE.3623.01"	"1actions.zil"	"3623"	"HERO-MELEE"	"LTABLE"	"A furious exchange, and the "
"message.1actions.HERO-MELEE.3623.02"	"1actions.zil"	"3623"	"HERO-MELEE"	"LTABLE"	" is knocked out!"
"message.1actions.HERO-MELEE.3624.01"	"1actions.zil"	"3624"	"HERO-MELEE"	"LTABLE"	"The haft of your "
"message.1actions.HERO-MELEE.3624.02"	"1actions.zil"	"3624"	"HERO-MELEE"	"LTABLE"	" knocks out the "
"message.1actions.HERO-MELEE.3624.03"	"1actions.zil"	"3624"	"HERO-MELEE"	"LTABLE"	"."
"message.1actions.HERO-MELEE.3625.01"	"1actions.zil"	"3625"	"HERO-MELEE"	"LTABLE"	"The "
"message.1actions.HERO-MELEE.3625.02"	"1actions.zil"	"3625"	"HERO-MELEE"	"LTABLE"	" is knocked out!"
"message.1actions.HERO-MELEE.3627.01"	"1actions.zil"	"3627"	"HERO-MELEE"	"LTABLE"	"It's curtains for the "
"message.1actions.HERO-MELEE.3627.02"	"1actions.zil"	"3627"	"HERO-MELEE"	"LTABLE"	" as your "
"message.1actions.HERO-MELEE.3627.03"	"1actions.zil"	"3627"	"HERO-MELEE"	"LTABLE"	" removes his head."
"message.1actions.HERO-MELEE.3628.01"	"1actions.zil"	"3628"	"HERO-MELEE"	"LTABLE"	"The fatal blow strikes the "
"message.1actions.HERO-MELEE.3628.02"	"1actions.zil"	"3628"	"HERO-MELEE"	"LTABLE"	" square in the heart: He dies."
"message.1actions.HERO-MELEE.3629.01"	"1actions.zil"	"3629"	"HERO-MELEE"	"LTABLE"	"The "
"message.1actions.HERO-MELEE.3629.02"	"1actions.zil"	"3629"	"HERO-MELEE"	"LTABLE"	" takes a fatal blow and slumps to the floor dead."
"message.1actions.HERO-MELEE.3631.01"	"1actions.zil"	"3631"	"HERO-MELEE"	"LTABLE"	"The "
"message.1actions.HERO-MELEE.3631.02"	"1actions.zil"	"3631"	"HERO-MELEE"	"LTABLE"	" is struck on the arm; blood begins to trickle down."
"message.1actions.HERO-MELEE.3632.01"	"1actions.zil"	"3632"	"HERO-MELEE"	"LTABLE"	"Your "
"message.1actions.HERO-MELEE.3632.02"	"1actions.zil"	"3632"	"HERO-MELEE"	"LTABLE"	" pinks the "
"message.1actions.HERO-MELEE.3632.03"	"1actions.zil"	"3632"	"HERO-MELEE"	"LTABLE"	" on the wrist, but it's not serious."
"message.1actions.HERO-MELEE.3633.01"	"1actions.zil"	"3633"	"HERO-MELEE"	"LTABLE"	"Your stroke lands, but it was only the flat of the blade."
"message.1actions.HERO-MELEE.3634.01"	"1actions.zil"	"3634"	"HERO-MELEE"	"LTABLE"	"The blow lands, making a shallow gash in the "
"message.1actions.HERO-MELEE.3634.02"	"1actions.zil"	"3634"	"HERO-MELEE"	"LTABLE"	"'s arm!"
"message.1actions.HERO-MELEE.3636.01"	"1actions.zil"	"3636"	"HERO-MELEE"	"LTABLE"	"The "
"message.1actions.HERO-MELEE.3636.02"	"1actions.zil"	"3636"	"HERO-MELEE"	"LTABLE"	" receives a deep gash in his side."
"message.1actions.HERO-MELEE.3637.01"	"1actions.zil"	"3637"	"HERO-MELEE"	"LTABLE"	"A savage blow on the thigh! The "
"message.1actions.HERO-MELEE.3637.02"	"1actions.zil"	"3637"	"HERO-MELEE"	"LTABLE"	" is stunned but can still fight!"
"message.1actions.HERO-MELEE.3638.01"	"1actions.zil"	"3638"	"HERO-MELEE"	"LTABLE"	"Slash! Your blow lands! That one hit an artery, it could be serious!"
"message.1actions.HERO-MELEE.3639.01"	"1actions.zil"	"3639"	"HERO-MELEE"	"LTABLE"	"Slash! Your stroke connects! This could be serious!"
"message.1actions.HERO-MELEE.3641.01"	"1actions.zil"	"3641"	"HERO-MELEE"	"LTABLE"	"The "
"message.1actions.HERO-MELEE.3641.02"	"1actions.zil"	"3641"	"HERO-MELEE"	"LTABLE"	" is staggered, and drops to his knees."
"message.1actions.HERO-MELEE.3642.01"	"1actions.zil"	"3642"	"HERO-MELEE"	"LTABLE"	"The "
"message.1actions.HERO-MELEE.3642.02"	"1actions.zil"	"3642"	"HERO-MELEE"	"LTABLE"	" is momentarily disoriented and can't fight back."
"message.1actions.HERO-MELEE.3643.01"	"1actions.zil"	"3643"	"HERO-MELEE"	"LTABLE"	"The force of your blow knocks the "
"message.1actions.HERO-MELEE.3643.02"	"1actions.zil"	"3643"	"HERO-MELEE"	"LTABLE"	" back, stunned."
"message.1actions.HERO-MELEE.3644.01"	"1actions.zil"	"3644"	"HERO-MELEE"	"LTABLE"	"The "
"message.1actions.HERO-MELEE.3644.02"	"1actions.zil"	"3644"	"HERO-MELEE"	"LTABLE"	" is confused and can't fight back."
"message.1actions.HERO-MELEE.3645.01"	"1actions.zil"	"3645"	"HERO-MELEE"	"LTABLE"	"The quickness of your thrust knocks the "
"message.1actions.HERO-MELEE.3645.02"	"1actions.zil"	"3645"	"HERO-MELEE"	"LTABLE"	" back, stunned."
"message.1actions.HERO-MELEE.3647.01"	"1actions.zil"	"3647"	"HERO-MELEE"	"LTABLE"	"The "
"message.1actions.HERO-MELEE.3647.02"	"1actions.zil"	"3647"	"HERO-MELEE"	"LTABLE"	"'s weapon is knocked to the floor, leaving him unarmed."
"message.1actions.HERO-MELEE.3648.01"	"1actions.zil"	"3648"	"HERO-MELEE"	"LTABLE"	"The "
"message.1actions.HERO-MELEE.3648.02"	"1actions.zil"	"3648"	"HERO-MELEE"	"LTABLE"	" is disarmed by a subtle feint past his guard."
"message.1actions.CYCLOPS-MELEE.3657.01"	"1actions.zil"	"3657"	"CYCLOPS-MELEE"	"LTABLE"	"The Cyclops misses, but the backwash almost knocks you over."
"message.1actions.CYCLOPS-MELEE.3658.01"	"1actions.zil"	"3658"	"CYCLOPS-MELEE"	"LTABLE"	"The Cyclops rushes you, but runs into the wall."
"message.1actions.CYCLOPS-MELEE.3660.01"	"1actions.zil"	"3660"	"CYCLOPS-MELEE"	"LTABLE"	"The Cyclops sends you crashing to the floor, unconscious."
"message.1actions.CYCLOPS-MELEE.3662.01"	"1actions.zil"	"3662"	"CYCLOPS-MELEE"	"LTABLE"	"The Cyclops breaks your neck with a massive smash."
"message.1actions.CYCLOPS-MELEE.3664.01"	"1actions.zil"	"3664"	"CYCLOPS-MELEE"	"LTABLE"	"A quick punch, but it was only a glancing blow."
"message.1actions.CYCLOPS-MELEE.3665.01"	"1actions.zil"	"3665"	"CYCLOPS-MELEE"	"LTABLE"	"A glancing blow from the Cyclops' fist."
"message.1actions.CYCLOPS-MELEE.3667.01"	"1actions.zil"	"3667"	"CYCLOPS-MELEE"	"LTABLE"	"The monster smashes his huge fist into your chest, breaking several\nribs."
"message.1actions.CYCLOPS-MELEE.3669.01"	"1actions.zil"	"3669"	"CYCLOPS-MELEE"	"LTABLE"	"The Cyclops almost knocks the wind out of you with a quick punch."
"message.1actions.CYCLOPS-MELEE.3671.01"	"1actions.zil"	"3671"	"CYCLOPS-MELEE"	"LTABLE"	"The Cyclops lands a punch that knocks the wind out of you."
"message.1actions.CYCLOPS-MELEE.3672.01"	"1actions.zil"	"3672"	"CYCLOPS-MELEE"	"LTABLE"	"Heedless of your weapons, the Cyclops tosses you against the rock\nwall of the room."
"message.1actions.CYCLOPS-MELEE.3675.01"	"1actions.zil"	"3675"	"CYCLOPS-MELEE"	"LTABLE"	"The Cyclops grabs your "
"message.1actions.CYCLOPS-MELEE.3675.02"	"1actions.zil"	"3675"	"CYCLOPS-MELEE"	"LTABLE"	", tastes it, and throws it to the\nground in disgust."
"message.1actions.CYCLOPS-MELEE.3677.01"	"1actions.zil"	"3677"	"CYCLOPS-MELEE"	"LTABLE"	"The monster grabs you on the wrist, squeezes, and you drop your\n"
"message.1actions.CYCLOPS-MELEE.3678.01"	"1actions.zil"	"3678"	"CYCLOPS-MELEE"	"LTABLE"	" in pain."
"message.1actions.CYCLOPS-MELEE.3680.01"	"1actions.zil"	"3680"	"CYCLOPS-MELEE"	"LTABLE"	"The Cyclops seems unable to decide whether to broil or stew his\ndinner."
"message.1actions.CYCLOPS-MELEE.3683.01"	"1actions.zil"	"3683"	"CYCLOPS-MELEE"	"LTABLE"	"The Cyclops, no sportsman, dispatches his unconscious victim."
"message.1actions.TROLL-MELEE.3692.01"	"1actions.zil"	"3692"	"TROLL-MELEE"	"LTABLE"	"The troll swings his axe, but it misses."
"message.1actions.TROLL-MELEE.3693.01"	"1actions.zil"	"3693"	"TROLL-MELEE"	"LTABLE"	"The troll's axe barely misses your ear."
"message.1actions.TROLL-MELEE.3694.01"	"1actions.zil"	"3694"	"TROLL-MELEE"	"LTABLE"	"The axe sweeps past as you jump aside."
"message.1actions.TROLL-MELEE.3695.01"	"1actions.zil"	"3695"	"TROLL-MELEE"	"LTABLE"	"The axe crashes against the rock, throwing sparks!"
"message.1actions.TROLL-MELEE.3697.01"	"1actions.zil"	"3697"	"TROLL-MELEE"	"LTABLE"	"The flat of the troll's axe hits you delicately on the head, knocking\nyou out."
"message.1actions.TROLL-MELEE.3700.01"	"1actions.zil"	"3700"	"TROLL-MELEE"	"LTABLE"	"The troll neatly removes your head."
"message.1actions.TROLL-MELEE.3701.01"	"1actions.zil"	"3701"	"TROLL-MELEE"	"LTABLE"	"The troll's axe stroke cleaves you from the nave to the chops."
"message.1actions.TROLL-MELEE.3702.01"	"1actions.zil"	"3702"	"TROLL-MELEE"	"LTABLE"	"The troll's axe removes your head."
"message.1actions.TROLL-MELEE.3704.01"	"1actions.zil"	"3704"	"TROLL-MELEE"	"LTABLE"	"The axe gets you right in the side. Ouch!"
"message.1actions.TROLL-MELEE.3705.01"	"1actions.zil"	"3705"	"TROLL-MELEE"	"LTABLE"	"The flat of the troll's axe skins across your forearm."
"message.1actions.TROLL-MELEE.3706.01"	"1actions.zil"	"3706"	"TROLL-MELEE"	"LTABLE"	"The troll's swing almost knocks you over as you barely parry\nin time."
"message.1actions.TROLL-MELEE.3708.01"	"1actions.zil"	"3708"	"TROLL-MELEE"	"LTABLE"	"The troll swings his axe, and it nicks your arm as you dodge."
"message.1actions.TROLL-MELEE.3710.01"	"1actions.zil"	"3710"	"TROLL-MELEE"	"LTABLE"	"The troll charges, and his axe slashes you on your "
"message.1actions.TROLL-MELEE.3710.02"	"1actions.zil"	"3710"	"TROLL-MELEE"	"LTABLE"	" arm."
"message.1actions.TROLL-MELEE.3711.01"	"1actions.zil"	"3711"	"TROLL-MELEE"	"LTABLE"	"An axe stroke makes a deep wound in your leg."
"message.1actions.TROLL-MELEE.3712.01"	"1actions.zil"	"3712"	"TROLL-MELEE"	"LTABLE"	"The troll's axe swings down, gashing your shoulder."
"message.1actions.TROLL-MELEE.3714.01"	"1actions.zil"	"3714"	"TROLL-MELEE"	"LTABLE"	"The troll hits you with a glancing blow, and you are momentarily\nstunned."
"message.1actions.TROLL-MELEE.3716.01"	"1actions.zil"	"3716"	"TROLL-MELEE"	"LTABLE"	"The troll swings; the blade turns on your armor but crashes\nbroadside into your head."
"message.1actions.TROLL-MELEE.3718.01"	"1actions.zil"	"3718"	"TROLL-MELEE"	"LTABLE"	"You stagger back under a hail of axe strokes."
"message.1actions.TROLL-MELEE.3719.01"	"1actions.zil"	"3719"	"TROLL-MELEE"	"LTABLE"	"The troll's mighty blow drops you to your knees."
"message.1actions.TROLL-MELEE.3721.01"	"1actions.zil"	"3721"	"TROLL-MELEE"	"LTABLE"	"The axe hits your "
"message.1actions.TROLL-MELEE.3721.02"	"1actions.zil"	"3721"	"TROLL-MELEE"	"LTABLE"	" and knocks it spinning."
"message.1actions.TROLL-MELEE.3722.01"	"1actions.zil"	"3722"	"TROLL-MELEE"	"LTABLE"	"The troll swings, you parry, but the force of his blow knocks your "
"message.1actions.TROLL-MELEE.3722.02"	"1actions.zil"	"3722"	"TROLL-MELEE"	"LTABLE"	" away."
"message.1actions.TROLL-MELEE.3723.01"	"1actions.zil"	"3723"	"TROLL-MELEE"	"LTABLE"	"The axe knocks your "
"message.1actions.TROLL-MELEE.3723.02"	"1actions.zil"	"3723"	"TROLL-MELEE"	"LTABLE"	" out of your hand. It falls to the floor."
"message.1actions.TROLL-MELEE.3725.01"	"1actions.zil"	"3725"	"TROLL-MELEE"	"LTABLE"	"The troll hesitates, fingering his axe."
"message.1actions.TROLL-MELEE.3726.01"	"1actions.zil"	"3726"	"TROLL-MELEE"	"LTABLE"	"The troll scratches his head ruminatively:  Might you be magically\nprotected, he wonders?"
"message.1actions.TROLL-MELEE.3729.01"	"1actions.zil"	"3729"	"TROLL-MELEE"	"LTABLE"	"Conquering his fears, the troll puts you to death."
"message.1actions.THIEF-MELEE.3738.01"	"1actions.zil"	"3738"	"THIEF-MELEE"	"LTABLE"	"The thief stabs nonchalantly with his stiletto and misses."
"message.1actions.THIEF-MELEE.3739.01"	"1actions.zil"	"3739"	"THIEF-MELEE"	"LTABLE"	"You dodge as the thief comes in low."
"message.1actions.THIEF-MELEE.3740.01"	"1actions.zil"	"3740"	"THIEF-MELEE"	"LTABLE"	"You parry a lightning thrust, and the thief salutes you with\na grim nod."
"message.1actions.THIEF-MELEE.3742.01"	"1actions.zil"	"3742"	"THIEF-MELEE"	"LTABLE"	"The thief tries to sneak past your guard, but you twist away."
"message.1actions.THIEF-MELEE.3744.01"	"1actions.zil"	"3744"	"THIEF-MELEE"	"LTABLE"	"Shifting in the midst of a thrust, the thief knocks you unconscious\nwith the haft of his stiletto."
"message.1actions.THIEF-MELEE.3746.01"	"1actions.zil"	"3746"	"THIEF-MELEE"	"LTABLE"	"The thief knocks you out."
"message.1actions.THIEF-MELEE.3748.01"	"1actions.zil"	"3748"	"THIEF-MELEE"	"LTABLE"	"Finishing you off, the thief inserts his blade into your heart."
"message.1actions.THIEF-MELEE.3749.01"	"1actions.zil"	"3749"	"THIEF-MELEE"	"LTABLE"	"The thief comes in from the side, feints, and inserts the blade\ninto your ribs."
"message.1actions.THIEF-MELEE.3751.01"	"1actions.zil"	"3751"	"THIEF-MELEE"	"LTABLE"	"The thief bows formally, raises his stiletto, and with a wry grin,\nends the battle and your life."
"message.1actions.THIEF-MELEE.3754.01"	"1actions.zil"	"3754"	"THIEF-MELEE"	"LTABLE"	"A quick thrust pinks your left arm, and blood starts to\ntrickle down."
"message.1actions.THIEF-MELEE.3756.01"	"1actions.zil"	"3756"	"THIEF-MELEE"	"LTABLE"	"The thief draws blood, raking his stiletto across your arm."
"message.1actions.THIEF-MELEE.3757.01"	"1actions.zil"	"3757"	"THIEF-MELEE"	"LTABLE"	"The stiletto flashes faster than you can follow, and blood wells\nfrom your leg."
"message.1actions.THIEF-MELEE.3759.01"	"1actions.zil"	"3759"	"THIEF-MELEE"	"LTABLE"	"The thief slowly approaches, strikes like a snake, and leaves\nyou wounded."
"message.1actions.THIEF-MELEE.3762.01"	"1actions.zil"	"3762"	"THIEF-MELEE"	"LTABLE"	"The thief strikes like a snake! The resulting wound is serious."
"message.1actions.THIEF-MELEE.3763.01"	"1actions.zil"	"3763"	"THIEF-MELEE"	"LTABLE"	"The thief stabs a deep cut in your upper arm."
"message.1actions.THIEF-MELEE.3764.01"	"1actions.zil"	"3764"	"THIEF-MELEE"	"LTABLE"	"The stiletto touches your forehead, and the blood obscures your\nvision."
"message.1actions.THIEF-MELEE.3766.01"	"1actions.zil"	"3766"	"THIEF-MELEE"	"LTABLE"	"The thief strikes at your wrist, and suddenly your grip is slippery\nwith blood."
"message.1actions.THIEF-MELEE.3769.01"	"1actions.zil"	"3769"	"THIEF-MELEE"	"LTABLE"	"The butt of his stiletto cracks you on the skull, and you stagger\nback."
"message.1actions.THIEF-MELEE.3771.01"	"1actions.zil"	"3771"	"THIEF-MELEE"	"LTABLE"	"The thief rams the haft of his blade into your stomach, leaving\nyou out of breath."
"message.1actions.THIEF-MELEE.3773.01"	"1actions.zil"	"3773"	"THIEF-MELEE"	"LTABLE"	"The thief attacks, and you fall back desperately."
"message.1actions.THIEF-MELEE.3775.01"	"1actions.zil"	"3775"	"THIEF-MELEE"	"LTABLE"	"A long, theatrical slash. You catch it on your "
"message.1actions.THIEF-MELEE.3775.02"	"1actions.zil"	"3775"	"THIEF-MELEE"	"LTABLE"	", but the\nthief twists his knife, and the "
"message.1actions.THIEF-MELEE.3776.01"	"1actions.zil"	"3776"	"THIEF-MELEE"	"LTABLE"	" goes flying."
"message.1actions.THIEF-MELEE.3777.01"	"1actions.zil"	"3777"	"THIEF-MELEE"	"LTABLE"	"The thief neatly flips your "
"message.1actions.THIEF-MELEE.3777.02"	"1actions.zil"	"3777"	"THIEF-MELEE"	"LTABLE"	" out of your hands, and it drops\nto the floor."
"message.1actions.THIEF-MELEE.3779.01"	"1actions.zil"	"3779"	"THIEF-MELEE"	"LTABLE"	"You parry a low thrust, and your "
"message.1actions.THIEF-MELEE.3779.02"	"1actions.zil"	"3779"	"THIEF-MELEE"	"LTABLE"	" slips out of your hand."
"message.1actions.THIEF-MELEE.3781.01"	"1actions.zil"	"3781"	"THIEF-MELEE"	"LTABLE"	"The thief, a man of superior breeding, pauses for a moment to consider the propriety of finishing you off."
"message.1actions.THIEF-MELEE.3782.01"	"1actions.zil"	"3782"	"THIEF-MELEE"	"LTABLE"	"The thief amuses himself by searching your pockets."
"message.1actions.THIEF-MELEE.3783.01"	"1actions.zil"	"3783"	"THIEF-MELEE"	"LTABLE"	"The thief entertains himself by rifling your pack."
"message.1actions.THIEF-MELEE.3785.01"	"1actions.zil"	"3785"	"THIEF-MELEE"	"LTABLE"	"The thief, forgetting his essentially genteel upbringing, cuts your\nthroat."
"message.1actions.THIEF-MELEE.3787.01"	"1actions.zil"	"3787"	"THIEF-MELEE"	"LTABLE"	"The thief, a pragmatist, dispatches you as a threat to his\nlivelihood."
"message.1actions.I-SWORD.3869.01"	"1actions.zil"	"3869"	"I-SWORD"	"TELL"	"Your sword has begun to glow very brightly."
"message.1actions.I-SWORD.3871.01"	"1actions.zil"	"3871"	"I-SWORD"	"TELL"	"Your sword is glowing with a faint blue glow."
"message.1actions.I-SWORD.3874.01"	"1actions.zil"	"3874"	"I-SWORD"	"TELL"	"Your sword is no longer glowing."
"message.1actions.DROP-JUNK.3944.01"	"1actions.zil"	"3944"	"DROP-JUNK"	"TELL"	"The robber, rummaging through his bag, dropped a few items he found\nvalueless."
"message.1actions.STEAL-JUNK.3970.01"	"1actions.zil"	"3970"	"STEAL-JUNK"	"TELL"	"You suddenly notice that the "
"message.1actions.STEAL-JUNK.3971.01"	"1actions.zil"	"3971"	"STEAL-JUNK"	"TELL"	" vanished."
"message.1actions.V-DIAGNOSE.3998.01"	"1actions.zil"	"3998"	"V-DIAGNOSE"	"TELL"	"You are in perfect health."
"message.1actions.V-DIAGNOSE.4000.01"	"1actions.zil"	"4000"	"V-DIAGNOSE"	"TELL"	"You have "
"message.1actions.V-DIAGNOSE.4001.01"	"1actions.zil"	"4001"	"V-DIAGNOSE"	"TELL"	"a light wound,"
"message.1actions.V-DIAGNOSE.4002.01"	"1actions.zil"	"4002"	"V-DIAGNOSE"	"TELL"	"a serious wound,"
"message.1actions.V-DIAGNOSE.4003.01"	"1actions.zil"	"4003"	"V-DIAGNOSE"	"TELL"	"several wounds,"
"message.1actions.V-DIAGNOSE.4004.01"	"1actions.zil"	"4004"	"V-DIAGNOSE"	"TELL"	"serious wounds,"
"message.1actions.V-DIAGNOSE.4006.01"	"1actions.zil"	"4006"	"V-DIAGNOSE"	"TELL"	" which will be cured after "
"message.1actions.V-DIAGNOSE.4010.01"	"1actions.zil"	"4010"	"V-DIAGNOSE"	"TELL"	" moves."
"message.1actions.V-DIAGNOSE.4012.01"	"1actions.zil"	"4012"	"V-DIAGNOSE"	"TELL"	"You can "
"message.1actions.V-DIAGNOSE.4013.01"	"1actions.zil"	"4013"	"V-DIAGNOSE"	"TELL"	"expect death soon"
"message.1actions.V-DIAGNOSE.4014.01"	"1actions.zil"	"4014"	"V-DIAGNOSE"	"TELL"	"be killed by one more light wound"
"message.1actions.V-DIAGNOSE.4015.01"	"1actions.zil"	"4015"	"V-DIAGNOSE"	"TELL"	"be killed by a serious wound"
"message.1actions.V-DIAGNOSE.4016.01"	"1actions.zil"	"4016"	"V-DIAGNOSE"	"TELL"	"survive one serious wound"
"message.1actions.V-DIAGNOSE.4018.01"	"1actions.zil"	"4018"	"V-DIAGNOSE"	"TELL"	"survive several wounds"
"message.1actions.V-DIAGNOSE.4019.01"	"1actions.zil"	"4019"	"V-DIAGNOSE"	"TELL"	"."
"message.1actions.V-DIAGNOSE.4021.01"	"1actions.zil"	"4021"	"V-DIAGNOSE"	"TELL"	"You have been killed "
"message.1actions.V-DIAGNOSE.4022.01"	"1actions.zil"	"4022"	"V-DIAGNOSE"	"TELL"	"once"
"message.1actions.V-DIAGNOSE.4023.01"	"1actions.zil"	"4023"	"V-DIAGNOSE"	"TELL"	"twice"
"message.1actions.V-DIAGNOSE.4024.01"	"1actions.zil"	"4024"	"V-DIAGNOSE"	"TELL"	"."
"message.1actions.V-SCORE.4028.01"	"1actions.zil"	"4028"	"V-SCORE"	"TELL"	"Your score is "
"message.1actions.V-SCORE.4030.01"	"1actions.zil"	"4030"	"V-SCORE"	"TELL"	" (total of 350 points), in "
"message.1actions.V-SCORE.4032.01"	"1actions.zil"	"4032"	"V-SCORE"	"TELL"	" move."
"message.1actions.V-SCORE.4032.02"	"1actions.zil"	"4032"	"V-SCORE"	"TELL"	" moves."
"message.1actions.V-SCORE.4034.01"	"1actions.zil"	"4034"	"V-SCORE"	"TELL"	"This gives you the rank of "
"message.1actions.V-SCORE.4035.01"	"1actions.zil"	"4035"	"V-SCORE"	"TELL"	"Master Adventurer"
"message.1actions.V-SCORE.4036.01"	"1actions.zil"	"4036"	"V-SCORE"	"TELL"	"Wizard"
"message.1actions.V-SCORE.4037.01"	"1actions.zil"	"4037"	"V-SCORE"	"TELL"	"Master"
"message.1actions.V-SCORE.4038.01"	"1actions.zil"	"4038"	"V-SCORE"	"TELL"	"Adventurer"
"message.1actions.V-SCORE.4039.01"	"1actions.zil"	"4039"	"V-SCORE"	"TELL"	"Junior Adventurer"
"message.1actions.V-SCORE.4040.01"	"1actions.zil"	"4040"	"V-SCORE"	"TELL"	"Novice Adventurer"
"message.1actions.V-SCORE.4041.01"	"1actions.zil"	"4041"	"V-SCORE"	"TELL"	"Amateur Adventurer"
"message.1actions.V-SCORE.4042.01"	"1actions.zil"	"4042"	"V-SCORE"	"TELL"	"Beginner"
"message.1actions.V-SCORE.4043.01"	"1actions.zil"	"4043"	"V-SCORE"	"TELL"	"."
"message.1actions.JIGS-UP.4049.01"	"1actions.zil"	"4049"	"JIGS-UP"	"TELL"	"|\nIt takes a talented person to be killed while already dead. YOU are such\na talent. Unfortunately, it takes a talented person to deal with it.\nI am not such a talent. Sorry."
"message.1actions.JIGS-UP.4056.01"	"1actions.zil"	"4056"	"JIGS-UP"	"TELL"	"Bad luck, huh?"
"message.1actions.JIGS-UP.4059.01"	"1actions.zil"	"4059"	"JIGS-UP"	"TELL"	"\n|    ****  You have died  ****\n|\n|"
"message.1actions.JIGS-UP.4068.01"	"1actions.zil"	"4068"	"JIGS-UP"	"TELL"	"You clearly are a suicidal maniac.  We don't allow psychotics in the\ncave, since they may harm other adventurers.  Your remains will be\ninstalled in the Land of the Living Dead, where your fellow\nadventurers may gloat over them."
"message.1actions.JIGS-UP.4078.01"	"1actions.zil"	"4078"	"JIGS-UP"	"TELL"	"As you take your last breath, you feel relieved of your burdens. The\nfeeling passes as you find yourself before the gates of Hell, where\nthe spirits jeer at you and deny you entry.  Your senses are\ndisturbed.  The objects in the dungeon appear indistinct, bleached of\ncolor, even unreal."
"message.1actions.JIGS-UP.4091.01"	"1actions.zil"	"4091"	"JIGS-UP"	"TELL"	"Now, let's take a look here...\nWell, you probably deserve another chance.  I can't quite fix you\nup completely, but you can't have everything."
"message.1actions.BAG-OF-COINS-F.4138.01"	"1actions.zil"	"4138"	"BAG-OF-COINS-F"	"STUPID-CONTAINER"	"coins"
"message.1actions.TRUNK-F.4141.01"	"1actions.zil"	"4141"	"TRUNK-F"	"STUPID-CONTAINER"	"jewels"
"message.1actions.STUPID-CONTAINER.4146.01"	"1actions.zil"	"4146"	"STUPID-CONTAINER"	"TELL"	"The "
"message.1actions.STUPID-CONTAINER.4146.02"	"1actions.zil"	"4146"	"STUPID-CONTAINER"	"TELL"	" are safely inside; there's no need to do that."
"message.1actions.STUPID-CONTAINER.4149.01"	"1actions.zil"	"4149"	"STUPID-CONTAINER"	"TELL"	"There are lots of "
"message.1actions.STUPID-CONTAINER.4149.02"	"1actions.zil"	"4149"	"STUPID-CONTAINER"	"TELL"	" in there."
"message.1actions.STUPID-CONTAINER.4152.01"	"1actions.zil"	"4152"	"STUPID-CONTAINER"	"TELL"	"Don't be silly. It wouldn't be a "
"message.1actions.STUPID-CONTAINER.4152.02"	"1actions.zil"	"4152"	"STUPID-CONTAINER"	"TELL"	" anymore."
"message.1actions.DUMB-CONTAINER.4156.01"	"1actions.zil"	"4156"	"DUMB-CONTAINER"	"TELL"	"You can't do that."
"message.1actions.DUMB-CONTAINER.4158.01"	"1actions.zil"	"4158"	"DUMB-CONTAINER"	"TELL"	"It looks pretty much like a "
"message.1actions.DUMB-CONTAINER.4158.02"	"1actions.zil"	"4158"	"DUMB-CONTAINER"	"TELL"	"."
"message.1actions.GARLIC-F.4164.01"	"1actions.zil"	"4164"	"GARLIC-F"	"TELL"	"What the heck! You won't make friends this way, but nobody around\nhere is too friendly anyhow. Gulp!"
"message.1actions.CHAIN-PSEUDO.4169.01"	"1actions.zil"	"4169"	"CHAIN-PSEUDO"	"TELL"	"The chain is secure."
"message.1actions.CHAIN-PSEUDO.4171.01"	"1actions.zil"	"4171"	"CHAIN-PSEUDO"	"TELL"	"Perhaps you should do that to the basket."
"message.1actions.CHAIN-PSEUDO.4173.01"	"1actions.zil"	"4173"	"CHAIN-PSEUDO"	"TELL"	"The chain secures a basket within the shaft."
"message.1dungeon.GRATING-EXIT.1405.01"	"1dungeon.zil"	"1405"	"GRATING-EXIT"	"TELL"	"The grating is closed!"
"message.1dungeon.GRATING-EXIT.1408.01"	"1dungeon.zil"	"1408"	"GRATING-EXIT"	"TELL"	"You can't go that way."
"message.1dungeon.CANYON-VIEW-F.2410.01"	"1dungeon.zil"	"2410"	"CANYON-VIEW-F"	"JIGS-UP"	"Nice view, lousy place to jump."
"message.gglobals.NOT-HERE-OBJECT-F.56.01"	"gglobals.zil"	"56"	"NOT-HERE-OBJECT-F"	"TELL"	"Those things aren't here!"
"message.gglobals.NOT-HERE-OBJECT-F.67.01"	"gglobals.zil"	"67"	"NOT-HERE-OBJECT-F"	"TELL"	"You can't see any "
"message.gglobals.NOT-HERE-OBJECT-F.69.01"	"gglobals.zil"	"69"	"NOT-HERE-OBJECT-F"	"TELL"	" here!"
"message.gglobals.NOT-HERE-OBJECT-F.71.01"	"gglobals.zil"	"71"	"NOT-HERE-OBJECT-F"	"TELL"	"The "
"message.gglobals.NOT-HERE-OBJECT-F.71.02"	"gglobals.zil"	"71"	"NOT-HERE-OBJECT-F"	"TELL"	" seems confused. ""I don't see any "
"message.gglobals.NOT-HERE-OBJECT-F.73.01"	"gglobals.zil"	"73"	"NOT-HERE-OBJECT-F"	"TELL"	" here!"""
"message.gglobals.STAIRS-F.113.01"	"gglobals.zil"	"113"	"STAIRS-F"	"TELL"	"You should say whether you want to go up or down."
"message.gglobals.SAILOR-FCN.126.01"	"gglobals.zil"	"126"	"SAILOR-FCN"	"TELL"	"You can't talk to the sailor that way."
"message.gglobals.SAILOR-FCN.135.01"	"gglobals.zil"	"135"	"SAILOR-FCN"	"TELL"	"There is no sailor to be seen."
"message.gglobals.SAILOR-FCN.157.01"	"gglobals.zil"	"157"	"SAILOR-FCN"	"TELL"	"You seem to be repeating yourself."
"message.gglobals.SAILOR-FCN.160.01"	"gglobals.zil"	"160"	"SAILOR-FCN"	"TELL"	"I think that phrase is getting a bit worn out."
"message.gglobals.SAILOR-FCN.162.01"	"gglobals.zil"	"162"	"SAILOR-FCN"	"TELL"	"Nothing happens here."
"message.gglobals.GROUND-FUNCTION.182.01"	"gglobals.zil"	"182"	"GROUND-FUNCTION"	"TELL"	"The ground is too hard for digging here."
"message.gglobals.GRUE-FUNCTION.194.01"	"gglobals.zil"	"194"	"GRUE-FUNCTION"	"TELL"	"The grue is a sinister, lurking presence in the dark places of the\nearth. Its favorite diet is adventurers, but its insatiable\nappetite is tempered by its fear of light. No grue has ever been\nseen by the light of day, and few have survived its fearsome jaws\nto tell the tale."
"message.gglobals.GRUE-FUNCTION.201.01"	"gglobals.zil"	"201"	"GRUE-FUNCTION"	"TELL"	"There is no grue here, but I'm sure there is at least one lurking\nin the darkness nearby. I wouldn't let my light go out if I were\nyou!"
"message.gglobals.GRUE-FUNCTION.206.01"	"gglobals.zil"	"206"	"GRUE-FUNCTION"	"TELL"	"It makes no sound but is always lurking in the darkness nearby."
"message.gglobals.CRETIN-FCN.226.01"	"gglobals.zil"	"226"	"CRETIN-FCN"	"TELL"	"Talking to yourself is said to be a sign of impending mental collapse."
"message.gglobals.CRETIN-FCN.232.01"	"gglobals.zil"	"232"	"CRETIN-FCN"	"TELL"	"Only you can do that."
"message.gglobals.CRETIN-FCN.234.01"	"gglobals.zil"	"234"	"CRETIN-FCN"	"TELL"	"You'll have to do that on your own."
"message.gglobals.CRETIN-FCN.236.01"	"gglobals.zil"	"236"	"CRETIN-FCN"	"TELL"	"Auto-cannibalism is not the answer."
"message.gglobals.CRETIN-FCN.239.01"	"gglobals.zil"	"239"	"CRETIN-FCN"	"JIGS-UP"	"If you insist.... Poof, you're dead!"
"message.gglobals.CRETIN-FCN.241.01"	"gglobals.zil"	"241"	"CRETIN-FCN"	"TELL"	"Suicide is not the answer."
"message.gglobals.CRETIN-FCN.245.01"	"gglobals.zil"	"245"	"CRETIN-FCN"	"TELL"	"Why don't you just walk like normal people?"
"message.gglobals.CRETIN-FCN.247.01"	"gglobals.zil"	"247"	"CRETIN-FCN"	"TELL"	"How romantic!"
"message.gglobals.CRETIN-FCN.252.01"	"gglobals.zil"	"252"	"CRETIN-FCN"	"TELL"	"Your image in the mirror looks tired."
"message.gglobals.CRETIN-FCN.265.01"	"gglobals.zil"	"265"	"CRETIN-FCN"	"TELL"	"That's difficult unless your eyes are prehensile."
"message.gglobals.PATH-OBJECT.284.01"	"gglobals.zil"	"284"	"PATH-OBJECT"	"TELL"	"You must specify a direction to go."
"message.gglobals.PATH-OBJECT.286.01"	"gglobals.zil"	"286"	"PATH-OBJECT"	"TELL"	"I can't help you there...."
"message.gglobals.PATH-OBJECT.288.01"	"gglobals.zil"	"288"	"PATH-OBJECT"	"TELL"	"Not a chance."
"message.gglobals.ZORKMID-FUNCTION.299.01"	"gglobals.zil"	"299"	"ZORKMID-FUNCTION"	"TELL"	"The zorkmid is the unit of currency of the Great Underground Empire."
"message.gglobals.ZORKMID-FUNCTION.302.01"	"gglobals.zil"	"302"	"ZORKMID-FUNCTION"	"TELL"	"The best way to find zorkmids is to go out and look for them."
"message.gmain.MAIN-LOOP-1.87.01"	"gmain.zil"	"87"	"MAIN-LOOP-1"	"TELL"	"It's too dark to see."
"message.gmain.MAIN-LOOP-1.89.01"	"gmain.zil"	"89"	"MAIN-LOOP-1"	"TELL"	"It's not clear what you're referring to."
"message.gmain.MAIN-LOOP-1.99.01"	"gmain.zil"	"99"	"MAIN-LOOP-1"	"TELL"	"The "
"message.gmain.MAIN-LOOP-1.101.01"	"gmain.zil"	"101"	"MAIN-LOOP-1"	"TELL"	"other "
"message.gmain.MAIN-LOOP-1.102.01"	"gmain.zil"	"102"	"MAIN-LOOP-1"	"TELL"	"object"
"message.gmain.MAIN-LOOP-1.104.01"	"gmain.zil"	"104"	"MAIN-LOOP-1"	"TELL"	"s"
"message.gmain.MAIN-LOOP-1.105.01"	"gmain.zil"	"105"	"MAIN-LOOP-1"	"TELL"	" that you mentioned "
"message.gmain.MAIN-LOOP-1.107.01"	"gmain.zil"	"107"	"MAIN-LOOP-1"	"TELL"	"are"
"message.gmain.MAIN-LOOP-1.108.01"	"gmain.zil"	"108"	"MAIN-LOOP-1"	"TELL"	"is"
"message.gmain.MAIN-LOOP-1.109.01"	"gmain.zil"	"109"	"MAIN-LOOP-1"	"TELL"	"n't here."
"message.gmain.MAIN-LOOP-1.112.01"	"gmain.zil"	"112"	"MAIN-LOOP-1"	"TELL"	"There's nothing here you can take."
"message.gmain.MAIN-LOOP-1.144.01"	"gmain.zil"	"144"	"MAIN-LOOP-1"	"TELL"	": "
"message.gmain.(<GASSIGNED?.196.01"	"gmain.zil"	"196"	"(<GASSIGNED?"	"TELL"	"I don't see what you are referring to."
"message.gmain.(<GASSIGNED?.238.01"	"gmain.zil"	"238"	"(<GASSIGNED?"	"TELL"	"** PERFORM: PRSA = "
"message.gmain.(<GASSIGNED?.241.01"	"gmain.zil"	"241"	"(<GASSIGNED?"	"TELL"	" | PRSO = "
"message.gmain.(<GASSIGNED?.242.01"	"gmain.zil"	"242"	"(<GASSIGNED?"	"TELL"	" | PRSI = "
"message.gmain.(<GASSIGNED?.248.01"	"gmain.zil"	"248"	"(<GASSIGNED?"	"TELL"	"I don't see what you are referring to."
"message.gmain.(<GASSIGNED?.295.01"	"gmain.zil"	"295"	"(<GASSIGNED?"	"TELL"	"  Default ->"
"message.gmain.(<GASSIGNED?.296.01"	"gmain.zil"	"296"	"(<GASSIGNED?"	"TELL"	"  "
"message.gmain.(<GASSIGNED?.296.02"	"gmain.zil"	"296"	"(<GASSIGNED?"	"TELL"	" -> "
"message.gmain.(<GASSIGNED?.303.01"	"gmain.zil"	"303"	"(<GASSIGNED?"	"TELL"	"Fatal"
"message.gmain.(<GASSIGNED?.305.01"	"gmain.zil"	"305"	"(<GASSIGNED?"	"TELL"	"Not handled"
"message.gmain.(<GASSIGNED?.306.01"	"gmain.zil"	"306"	"(<GASSIGNED?"	"TELL"	"Handled"
"message.gmain.(<GASSIGNED?.310.01"	"gmain.zil"	"310"	"(<GASSIGNED?"	"TELL"	"["
"message.gmain.(<GASSIGNED?.310.02"	"gmain.zil"	"310"	"(<GASSIGNED?"	"TELL"	"=]"
"message.gparser.PARSER.152.01"	"gparser.zil"	"152"	"PARSER"	"TELL"	">"
"message.gparser.PARSER.155.01"	"gparser.zil"	"155"	"PARSER"	"TELL"	"I beg your pardon?"
"message.gparser.PARSER.162.01"	"gparser.zil"	"162"	"PARSER"	"TELL"	"I can't help your clumsiness."
"message.gparser.PARSER.169.01"	"gparser.zil"	"169"	"PARSER"	"TELL"	"Sorry, you can't correct mistakes in quoted text."
"message.gparser.PARSER.173.01"	"gparser.zil"	"173"	"PARSER"	"TELL"	"Warning: only the first word after OOPS is used."
"message.gparser.PARSER.186.01"	"gparser.zil"	"186"	"PARSER"	"TELL"	"There was no word to replace!"
"message.gparser.PARSER.194.01"	"gparser.zil"	"194"	"PARSER"	"TELL"	"Beg pardon?"
"message.gparser.PARSER.197.01"	"gparser.zil"	"197"	"PARSER"	"TELL"	"It's difficult to repeat fragments."
"message.gparser.PARSER.200.01"	"gparser.zil"	"200"	"PARSER"	"TELL"	"That would just repeat a mistake."
"message.gparser.PARSER.211.01"	"gparser.zil"	"211"	"PARSER"	"TELL"	"I couldn't understand that sentence."
"message.gparser.PARSER.332.01"	"gparser.zil"	"332"	"PARSER"	"TELL"	"There were too many nouns in that sentence."
"message.gparser.PARSER.354.01"	"gparser.zil"	"354"	"PARSER"	"TELL"	"Please consult your manual for the correct way to talk to other people\nor creatures."
"message.gparser.UNKNOWN-WORD.668.01"	"gparser.zil"	"668"	"UNKNOWN-WORD"	"TELL"	"Nothing happens."
"message.gparser.UNKNOWN-WORD.670.01"	"gparser.zil"	"670"	"UNKNOWN-WORD"	"TELL"	"I don't know the word """
"message.gparser.UNKNOWN-WORD.673.01"	"gparser.zil"	"673"	"UNKNOWN-WORD"	"TELL"	"""."
"message.gparser.CANT-USE.679.01"	"gparser.zil"	"679"	"CANT-USE"	"TELL"	"Nothing happens."
"message.gparser.CANT-USE.681.01"	"gparser.zil"	"681"	"CANT-USE"	"TELL"	"You used the word """
"message.gparser.CANT-USE.684.01"	"gparser.zil"	"684"	"CANT-USE"	"TELL"	""" in a way that I don't understand."
"message.gparser.SYNTAX-CHECK.710.01"	"gparser.zil"	"710"	"SYNTAX-CHECK"	"TELL"	"There was no verb in that sentence!"
"message.gparser.SYNTAX-CHECK.734.01"	"gparser.zil"	"734"	"SYNTAX-CHECK"	"TELL"	"That sentence isn't one I recognize."
"message.gparser.SYNTAX-CHECK.754.01"	"gparser.zil"	"754"	"SYNTAX-CHECK"	"TELL"	"That question can't be answered."
"message.gparser.SYNTAX-CHECK.760.01"	"gparser.zil"	"760"	"SYNTAX-CHECK"	"TELL"	"What do you want to "
"message.gparser.SYNTAX-CHECK.762.01"	"gparser.zil"	"762"	"SYNTAX-CHECK"	"TELL"	"tell"
"message.gparser.SYNTAX-CHECK.769.01"	"gparser.zil"	"769"	"SYNTAX-CHECK"	"TELL"	" "
"message.gparser.SYNTAX-CHECK.774.01"	"gparser.zil"	"774"	"SYNTAX-CHECK"	"TELL"	"?"
"message.gparser.CANT-ORPHAN.778.01"	"gparser.zil"	"778"	"CANT-ORPHAN"	"TELL"	"""I don't understand! What are you referring to?"""
"message.gparser.BUFFER-PRINT.827.01"	"gparser.zil"	"827"	"BUFFER-PRINT"	"TELL"	", "
"message.gparser.BUFFER-PRINT.829.01"	"gparser.zil"	"829"	"BUFFER-PRINT"	"TELL"	" "
"message.gparser.BUFFER-PRINT.840.01"	"gparser.zil"	"840"	"BUFFER-PRINT"	"TELL"	"the "
"message.gparser.PREP-PRINT.853.01"	"gparser.zil"	"853"	"PREP-PRINT"	"TELL"	" "
"message.gparser.GWIM.911.01"	"gparser.zil"	"911"	"GWIM"	"TELL"	"("
"message.gparser.GWIM.916.01"	"gparser.zil"	"916"	"GWIM"	"TELL"	" of"
"message.gparser.GWIM.917.01"	"gparser.zil"	"917"	"GWIM"	"TELL"	" "
"message.gparser.GWIM.919.01"	"gparser.zil"	"919"	"GWIM"	"TELL"	"your hands"
"message.gparser.GWIM.921.01"	"gparser.zil"	"921"	"GWIM"	"TELL"	"the "
"message.gparser.GWIM.922.01"	"gparser.zil"	"922"	"GWIM"	"TELL"	")"
"message.gparser.GWIM.924.01"	"gparser.zil"	"924"	"GWIM"	"TELL"	")"
"message.gparser.GET-OBJECT.1066.01"	"gparser.zil"	"1066"	"GET-OBJECT"	"TELL"	"There seems to be a noun missing in that sentence!"
"message.gparser.GET-OBJECT.1085.01"	"gparser.zil"	"1085"	"GET-OBJECT"	"TELL"	"(How about the "
"message.gparser.GET-OBJECT.1087.01"	"gparser.zil"	"1087"	"GET-OBJECT"	"TELL"	"?)"
"message.gparser.GET-OBJECT.1114.01"	"gparser.zil"	"1114"	"GET-OBJECT"	"TELL"	"There seems to be a noun missing in that sentence!"
"message.gparser.GET-OBJECT.1132.01"	"gparser.zil"	"1132"	"GET-OBJECT"	"TELL"	"It's too dark to see!"
"message.gparser.WHICH-PRINT.1148.01"	"gparser.zil"	"1148"	"WHICH-PRINT"	"TELL"	"Which "
"message.gparser.WHICH-PRINT.1155.01"	"gparser.zil"	"1155"	"WHICH-PRINT"	"TELL"	" do you mean, "
"message.gparser.WHICH-PRINT.1159.01"	"gparser.zil"	"1159"	"WHICH-PRINT"	"TELL"	"the "
"message.gparser.WHICH-PRINT.1161.01"	"gparser.zil"	"1161"	"WHICH-PRINT"	"TELL"	","
"message.gparser.WHICH-PRINT.1162.01"	"gparser.zil"	"1162"	"WHICH-PRINT"	"TELL"	" or "
"message.gparser.WHICH-PRINT.1163.01"	"gparser.zil"	"1163"	"WHICH-PRINT"	"TELL"	", "
"message.gparser.WHICH-PRINT.1165.01"	"gparser.zil"	"1165"	"WHICH-PRINT"	"TELL"	"?"
"message.gparser.ITAKE-CHECK.1261.01"	"gparser.zil"	"1261"	"ITAKE-CHECK"	"TELL"	"I don't see what you're referring to."
"message.gparser.ITAKE-CHECK.1283.01"	"gparser.zil"	"1283"	"ITAKE-CHECK"	"TELL"	"You don't have that!"
"message.gparser.ITAKE-CHECK.1285.01"	"gparser.zil"	"1285"	"ITAKE-CHECK"	"TELL"	"You don't have the "
"message.gparser.ITAKE-CHECK.1287.01"	"gparser.zil"	"1287"	"ITAKE-CHECK"	"TELL"	"."
"message.gparser.ITAKE-CHECK.1291.01"	"gparser.zil"	"1291"	"ITAKE-CHECK"	"TELL"	"(Taken)"
"message.gparser.MANY-CHECK.1302.01"	"gparser.zil"	"1302"	"MANY-CHECK"	"TELL"	"You can't use multiple "
"message.gparser.MANY-CHECK.1303.01"	"gparser.zil"	"1303"	"MANY-CHECK"	"TELL"	"in"
"message.gparser.MANY-CHECK.1304.01"	"gparser.zil"	"1304"	"MANY-CHECK"	"TELL"	"direct objects with """
"message.gparser.MANY-CHECK.1306.01"	"gparser.zil"	"1306"	"MANY-CHECK"	"TELL"	"tell"
"message.gparser.MANY-CHECK.1311.01"	"gparser.zil"	"1311"	"MANY-CHECK"	"TELL"	"""."
"message.gverbs.V-VERBOSE.16.01"	"gverbs.zil"	"16"	"V-VERBOSE"	"TELL"	"Maximum verbosity."
"message.gverbs.V-BRIEF.21.01"	"gverbs.zil"	"21"	"V-BRIEF"	"TELL"	"Brief descriptions."
"message.gverbs.V-SUPER-BRIEF.25.01"	"gverbs.zil"	"25"	"V-SUPER-BRIEF"	"TELL"	"Superbrief descriptions."
"message.gverbs.V-INVENTORY.31.01"	"gverbs.zil"	"31"	"V-INVENTORY"	"TELL"	"You are empty-handed."
"message.gverbs.FINISH.38.01"	"gverbs.zil"	"38"	"FINISH"	"TELL"	"Would you like to restart the game from the beginning, restore a saved\ngame position, or end this session of the game?|\n(Type RESTART, RESTORE, or QUIT):|\n>"
"message.gverbs.FINISH.46.01"	"gverbs.zil"	"46"	"FINISH"	"TELL"	"Failed."
"message.gverbs.FINISH.49.01"	"gverbs.zil"	"49"	"FINISH"	"TELL"	"Ok."
"message.gverbs.FINISH.51.01"	"gverbs.zil"	"51"	"FINISH"	"TELL"	"Failed."
"message.gverbs.V-QUIT.58.01"	"gverbs.zil"	"58"	"V-QUIT"	"TELL"	"Do you wish to leave the game? (Y is affirmative): "
"message.gverbs.V-QUIT.61.01"	"gverbs.zil"	"61"	"V-QUIT"	"TELL"	"Ok."
"message.gverbs.V-RESTART.65.01"	"gverbs.zil"	"65"	"V-RESTART"	"TELL"	"Do you wish to restart? (Y is affirmative): "
"message.gverbs.V-RESTART.67.01"	"gverbs.zil"	"67"	"V-RESTART"	"TELL"	"Restarting."
"message.gverbs.V-RESTART.69.01"	"gverbs.zil"	"69"	"V-RESTART"	"TELL"	"Failed."
"message.gverbs.V-RESTORE.73.01"	"gverbs.zil"	"73"	"V-RESTORE"	"TELL"	"Ok."
"message.gverbs.V-RESTORE.76.01"	"gverbs.zil"	"76"	"V-RESTORE"	"TELL"	"Failed."
"message.gverbs.V-SAVE.80.01"	"gverbs.zil"	"80"	"V-SAVE"	"TELL"	"Ok."
"message.gverbs.V-SAVE.82.01"	"gverbs.zil"	"82"	"V-SAVE"	"TELL"	"Failed."
"message.gverbs.V-SCRIPT.88.01"	"gverbs.zil"	"88"	"V-SCRIPT"	"TELL"	"Here begins a transcript of interaction with"
"message.gverbs.V-UNSCRIPT.93.01"	"gverbs.zil"	"93"	"V-UNSCRIPT"	"TELL"	"Here ends a transcript of interaction with"
"message.gverbs.V-VERSION.100.01"	"gverbs.zil"	"100"	"V-VERSION"	"TELL"	"ZORK I: The Great Underground Empire|\nInfocom interactive fiction - a fantasy story|\nCopyright (c) 1981, 1982, 1983, 1984, 1985, 1986"
"message.gverbs.V-VERSION.111.01"	"gverbs.zil"	"111"	"V-VERSION"	"TELL"	" Infocom, Inc. All rights reserved."
"message.gverbs.V-VERSION.112.01"	"gverbs.zil"	"112"	"V-VERSION"	"TELL"	"ZORK is a registered trademark of Infocom, Inc.|\nRelease "
"message.gverbs.V-VERSION.115.01"	"gverbs.zil"	"115"	"V-VERSION"	"TELL"	" / Serial number "
"message.gverbs.V-VERIFY.124.01"	"gverbs.zil"	"124"	"V-VERIFY"	"TELL"	"Verifying disk..."
"message.gverbs.V-VERIFY.126.01"	"gverbs.zil"	"126"	"V-VERIFY"	"TELL"	"The disk is correct."
"message.gverbs.V-VERIFY.128.01"	"gverbs.zil"	"128"	"V-VERIFY"	"TELL"	"** Disk Failure **"
"message.gverbs.V-RANDOM.136.01"	"gverbs.zil"	"136"	"V-RANDOM"	"TELL"	"Illegal call to #RND."
"message.gverbs.V-ADVENT.154.01"	"gverbs.zil"	"154"	"V-ADVENT"	"TELL"	"A hollow voice says ""Fool."""
"message.gverbs.V-ALARM.160.01"	"gverbs.zil"	"160"	"V-ALARM"	"TELL"	"The "
"message.gverbs.V-ALARM.160.02"	"gverbs.zil"	"160"	"V-ALARM"	"TELL"	" is rudely awakened."
"message.gverbs.V-ALARM.166.01"	"gverbs.zil"	"166"	"V-ALARM"	"TELL"	"He's wide awake, or haven't you noticed..."
"message.gverbs.V-ALARM.168.01"	"gverbs.zil"	"168"	"V-ALARM"	"TELL"	"The "
"message.gverbs.V-ALARM.168.02"	"gverbs.zil"	"168"	"V-ALARM"	"TELL"	" isn't sleeping."
"message.gverbs.V-ANSWER.171.01"	"gverbs.zil"	"171"	"V-ANSWER"	"TELL"	"Nobody seems to be awaiting your answer."
"message.gverbs.V-ATTACK.179.01"	"gverbs.zil"	"179"	"V-ATTACK"	"TELL"	"I've known strange people, but fighting a "
"message.gverbs.V-ATTACK.179.02"	"gverbs.zil"	"179"	"V-ATTACK"	"TELL"	"?"
"message.gverbs.V-ATTACK.183.01"	"gverbs.zil"	"183"	"V-ATTACK"	"TELL"	"Trying to attack a "
"message.gverbs.V-ATTACK.183.02"	"gverbs.zil"	"183"	"V-ATTACK"	"TELL"	" with your bare hands is suicidal."
"message.gverbs.V-ATTACK.185.01"	"gverbs.zil"	"185"	"V-ATTACK"	"TELL"	"You aren't even holding the "
"message.gverbs.V-ATTACK.185.02"	"gverbs.zil"	"185"	"V-ATTACK"	"TELL"	"."
"message.gverbs.V-ATTACK.188.01"	"gverbs.zil"	"188"	"V-ATTACK"	"TELL"	"Trying to attack the "
"message.gverbs.V-ATTACK.188.02"	"gverbs.zil"	"188"	"V-ATTACK"	"TELL"	" with a "
"message.gverbs.V-ATTACK.188.03"	"gverbs.zil"	"188"	"V-ATTACK"	"TELL"	" is suicidal."
"message.gverbs.V-BACK.196.01"	"gverbs.zil"	"196"	"V-BACK"	"TELL"	"Sorry, my memory is poor. Please give a direction."
"message.gverbs.V-BLAST.199.01"	"gverbs.zil"	"199"	"V-BLAST"	"TELL"	"You can't blast anything by using words."
"message.gverbs.PRE-BOARD.211.01"	"gverbs.zil"	"211"	"PRE-BOARD"	"TELL"	"The "
"message.gverbs.PRE-BOARD.211.02"	"gverbs.zil"	"211"	"PRE-BOARD"	"TELL"	" must be on the ground to be boarded."
"message.gverbs.PRE-BOARD.213.01"	"gverbs.zil"	"213"	"PRE-BOARD"	"TELL"	"You are already in the "
"message.gverbs.PRE-BOARD.213.02"	"gverbs.zil"	"213"	"PRE-BOARD"	"TELL"	"!"
"message.gverbs.PRE-BOARD.221.01"	"gverbs.zil"	"221"	"PRE-BOARD"	"TELL"	"You have a theory on how to board a "
"message.gverbs.PRE-BOARD.221.02"	"gverbs.zil"	"221"	"PRE-BOARD"	"TELL"	", perhaps?"
"message.gverbs.V-BOARD.225.01"	"gverbs.zil"	"225"	"V-BOARD"	"TELL"	"You are now in the "
"message.gverbs.V-BOARD.225.02"	"gverbs.zil"	"225"	"V-BOARD"	"TELL"	"."
"message.gverbs.V-BRUSH.234.01"	"gverbs.zil"	"234"	"V-BRUSH"	"TELL"	"If you wish, but heaven only knows why."
"message.gverbs.V-BUG.238.01"	"gverbs.zil"	"238"	"V-BUG"	"TELL"	"Bug? Not in a flawless program like this! (Cough, cough)."
"message.gverbs.TELL-NO-PRSI.241.01"	"gverbs.zil"	"241"	"TELL-NO-PRSI"	"TELL"	"You didn't say with what!"
"message.gverbs.PRE-BURN.249.01"	"gverbs.zil"	"249"	"PRE-BURN"	"TELL"	"With a "
"message.gverbs.PRE-BURN.249.02"	"gverbs.zil"	"249"	"PRE-BURN"	"TELL"	"??!?"
"message.gverbs.V-BURN.262.01"	"gverbs.zil"	"262"	"V-BURN"	"TELL"	"The "
"message.gverbs.V-BURN.264.01"	"gverbs.zil"	"264"	"V-BURN"	"TELL"	" catches fire. Unfortunately, you were "
"message.gverbs.V-BURN.266.01"	"gverbs.zil"	"266"	"V-BURN"	"TELL"	"in"
"message.gverbs.V-BURN.267.01"	"gverbs.zil"	"267"	"V-BURN"	"TELL"	"holding"
"message.gverbs.V-BURN.268.01"	"gverbs.zil"	"268"	"V-BURN"	"JIGS-UP"	" it at the time."
"message.gverbs.V-BURN.272.01"	"gverbs.zil"	"272"	"V-BURN"	"TELL"	"The "
"message.gverbs.V-BURN.272.02"	"gverbs.zil"	"272"	"V-BURN"	"TELL"	" catches fire and is consumed."
"message.gverbs.V-BURN.274.01"	"gverbs.zil"	"274"	"V-BURN"	"TELL"	"You can't burn a "
"message.gverbs.V-BURN.274.02"	"gverbs.zil"	"274"	"V-BURN"	"TELL"	"."
"message.gverbs.V-CHOMP.277.01"	"gverbs.zil"	"277"	"V-CHOMP"	"TELL"	"Preposterous!"
"message.gverbs.V-CLIMB-ON.298.01"	"gverbs.zil"	"298"	"V-CLIMB-ON"	"TELL"	"You can't climb onto the "
"message.gverbs.V-CLIMB-ON.298.02"	"gverbs.zil"	"298"	"V-CLIMB-ON"	"TELL"	"."
"message.gverbs.V-CLIMB-UP.309.01"	"gverbs.zil"	"309"	"V-CLIMB-UP"	"TELL"	"The "
"message.gverbs.V-CLIMB-UP.309.02"	"gverbs.zil"	"309"	"V-CLIMB-UP"	"TELL"	" do"
"message.gverbs.V-CLIMB-UP.311.01"	"gverbs.zil"	"311"	"V-CLIMB-UP"	"TELL"	"es"
"message.gverbs.V-CLIMB-UP.312.01"	"gverbs.zil"	"312"	"V-CLIMB-UP"	"TELL"	"n't lead "
"message.gverbs.V-CLIMB-UP.314.01"	"gverbs.zil"	"314"	"V-CLIMB-UP"	"TELL"	"up"
"message.gverbs.V-CLIMB-UP.315.01"	"gverbs.zil"	"315"	"V-CLIMB-UP"	"TELL"	"down"
"message.gverbs.V-CLIMB-UP.316.01"	"gverbs.zil"	"316"	"V-CLIMB-UP"	"TELL"	"ward."
"message.gverbs.V-CLIMB-UP.323.01"	"gverbs.zil"	"323"	"V-CLIMB-UP"	"TELL"	"Climbing the walls is to no avail."
"message.gverbs.V-CLIMB-UP.329.01"	"gverbs.zil"	"329"	"V-CLIMB-UP"	"TELL"	"There are no climbable trees here."
"message.gverbs.V-CLIMB-UP.332.01"	"gverbs.zil"	"332"	"V-CLIMB-UP"	"TELL"	"You can't go that way."
"message.gverbs.V-CLIMB-UP.334.01"	"gverbs.zil"	"334"	"V-CLIMB-UP"	"TELL"	"You can't do that!"
"message.gverbs.V-CLOSE.339.01"	"gverbs.zil"	"339"	"V-CLOSE"	"TELL"	"You must tell me how to do that to a "
"message.gverbs.V-CLOSE.339.02"	"gverbs.zil"	"339"	"V-CLOSE"	"TELL"	"."
"message.gverbs.V-CLOSE.344.01"	"gverbs.zil"	"344"	"V-CLOSE"	"TELL"	"Closed."
"message.gverbs.V-CLOSE.346.01"	"gverbs.zil"	"346"	"V-CLOSE"	"TELL"	"It is now pitch black."
"message.gverbs.V-CLOSE.349.01"	"gverbs.zil"	"349"	"V-CLOSE"	"TELL"	"It is already closed."
"message.gverbs.V-CLOSE.353.01"	"gverbs.zil"	"353"	"V-CLOSE"	"TELL"	"The "
"message.gverbs.V-CLOSE.353.02"	"gverbs.zil"	"353"	"V-CLOSE"	"TELL"	" is now closed."
"message.gverbs.V-CLOSE.355.01"	"gverbs.zil"	"355"	"V-CLOSE"	"TELL"	"It is already closed."
"message.gverbs.V-CLOSE.357.01"	"gverbs.zil"	"357"	"V-CLOSE"	"TELL"	"You cannot close that."
"message.gverbs.V-COMMAND.361.01"	"gverbs.zil"	"361"	"V-COMMAND"	"TELL"	"The "
"message.gverbs.V-COMMAND.361.02"	"gverbs.zil"	"361"	"V-COMMAND"	"TELL"	" pays no attention."
"message.gverbs.V-COMMAND.363.01"	"gverbs.zil"	"363"	"V-COMMAND"	"TELL"	"You cannot talk to that!"
"message.gverbs.V-COUNT.367.01"	"gverbs.zil"	"367"	"V-COUNT"	"TELL"	"Well, for one, you are playing Zork..."
"message.gverbs.V-COUNT.369.01"	"gverbs.zil"	"369"	"V-COUNT"	"TELL"	"You have lost your mind."
"message.gverbs.V-CROSS.372.01"	"gverbs.zil"	"372"	"V-CROSS"	"TELL"	"You can't cross that!"
"message.gverbs.V-CURSES.377.01"	"gverbs.zil"	"377"	"V-CURSES"	"TELL"	"Insults of this nature won't help you."
"message.gverbs.V-CURSES.379.01"	"gverbs.zil"	"379"	"V-CURSES"	"TELL"	"What a loony!"
"message.gverbs.V-CURSES.382.01"	"gverbs.zil"	"382"	"V-CURSES"	"TELL"	"Such language in a high-class establishment like this!"
"message.gverbs.V-CUT.391.01"	"gverbs.zil"	"391"	"V-CUT"	"TELL"	"Not a bright idea, especially since you're in it."
"message.gverbs.V-CUT.394.01"	"gverbs.zil"	"394"	"V-CUT"	"TELL"	"Your skillful "
"message.gverbs.V-CUT.394.02"	"gverbs.zil"	"394"	"V-CUT"	"TELL"	"smanship slices the "
"message.gverbs.V-CUT.395.01"	"gverbs.zil"	"395"	"V-CUT"	"TELL"	" into innumerable slivers which blow away."
"message.gverbs.V-CUT.398.01"	"gverbs.zil"	"398"	"V-CUT"	"TELL"	"The ""cutting edge"" of a "
"message.gverbs.V-CUT.398.02"	"gverbs.zil"	"398"	"V-CUT"	"TELL"	" is hardly adequate."
"message.gverbs.V-CUT.400.01"	"gverbs.zil"	"400"	"V-CUT"	"TELL"	"Strange concept, cutting the "
"message.gverbs.V-CUT.400.02"	"gverbs.zil"	"400"	"V-CUT"	"TELL"	"...."
"message.gverbs.V-DEFLATE.403.01"	"gverbs.zil"	"403"	"V-DEFLATE"	"TELL"	"Come on, now!"
"message.gverbs.V-DIG.410.01"	"gverbs.zil"	"410"	"V-DIG"	"TELL"	"There's no reason to be digging here."
"message.gverbs.V-DIG.414.01"	"gverbs.zil"	"414"	"V-DIG"	"TELL"	"Digging with the "
"message.gverbs.V-DIG.414.02"	"gverbs.zil"	"414"	"V-DIG"	"TELL"	" is slow and tedious."
"message.gverbs.V-DIG.416.01"	"gverbs.zil"	"416"	"V-DIG"	"TELL"	"Digging with a "
"message.gverbs.V-DIG.416.02"	"gverbs.zil"	"416"	"V-DIG"	"TELL"	" is silly."
"message.gverbs.V-DISEMBARK.424.01"	"gverbs.zil"	"424"	"V-DISEMBARK"	"TELL"	"You're not in that!"
"message.gverbs.V-DISEMBARK.427.01"	"gverbs.zil"	"427"	"V-DISEMBARK"	"TELL"	"You are on your own feet again."
"message.gverbs.V-DISEMBARK.431.01"	"gverbs.zil"	"431"	"V-DISEMBARK"	"TELL"	"You realize that getting out here would be fatal."
"message.gverbs.V-DISENCHANT.466.01"	"gverbs.zil"	"466"	"V-DISENCHANT"	"TELL"	"Nothing happens."
"message.gverbs.V-DRINK-FROM.472.01"	"gverbs.zil"	"472"	"V-DRINK-FROM"	"TELL"	"How peculiar!"
"message.gverbs.V-DROP.481.01"	"gverbs.zil"	"481"	"V-DROP"	"TELL"	"Dropped."
"message.gverbs.V-EAT.487.01"	"gverbs.zil"	"487"	"V-EAT"	"TELL"	"You're not holding that."
"message.gverbs.V-EAT.489.01"	"gverbs.zil"	"489"	"V-EAT"	"TELL"	"How can you drink that?"
"message.gverbs.V-EAT.491.01"	"gverbs.zil"	"491"	"V-EAT"	"TELL"	"Thank you very much. It really hit the spot."
"message.gverbs.V-EAT.504.01"	"gverbs.zil"	"504"	"V-EAT"	"TELL"	"There isn't any water here."
"message.gverbs.V-EAT.508.01"	"gverbs.zil"	"508"	"V-EAT"	"TELL"	"You have to be holding the "
"message.gverbs.V-EAT.508.02"	"gverbs.zil"	"508"	"V-EAT"	"TELL"	" first."
"message.gverbs.V-EAT.511.01"	"gverbs.zil"	"511"	"V-EAT"	"TELL"	"You'll have to open the "
"message.gverbs.V-EAT.511.02"	"gverbs.zil"	"511"	"V-EAT"	"TELL"	" first."
"message.gverbs.V-EAT.516.01"	"gverbs.zil"	"516"	"V-EAT"	"TELL"	"I don't think that the "
"message.gverbs.V-EAT.516.02"	"gverbs.zil"	"516"	"V-EAT"	"TELL"	" would agree with you."
"message.gverbs.HIT-SPOT.523.01"	"gverbs.zil"	"523"	"HIT-SPOT"	"TELL"	"Thank you very much. I was rather thirsty (from all this talking,\nprobably)."
"message.gverbs.V-ECHO.536.01"	"gverbs.zil"	"536"	"V-ECHO"	"TELL"	"..."
"message.gverbs.V-ECHO.545.01"	"gverbs.zil"	"545"	"V-ECHO"	"TELL"	" "
"message.gverbs.V-ECHO.546.01"	"gverbs.zil"	"546"	"V-ECHO"	"TELL"	"echo echo ..."
"message.gverbs.REMOVE-CAREFULLY.617.01"	"gverbs.zil"	"617"	"REMOVE-CAREFULLY"	"TELL"	"You are left in the dark..."
"message.gverbs.V-EXAMINE.630.01"	"gverbs.zil"	"630"	"V-EXAMINE"	"TELL"	"There's nothing special about the "
"message.gverbs.V-EXAMINE.630.02"	"gverbs.zil"	"630"	"V-EXAMINE"	"TELL"	"."
"message.gverbs.V-EXORCISE.644.01"	"gverbs.zil"	"644"	"V-EXORCISE"	"TELL"	"What a bizarre concept!"
"message.gverbs.PRE-FILL.656.01"	"gverbs.zil"	"656"	"PRE-FILL"	"TELL"	"There is nothing to fill it with."
"message.gverbs.V-FILL.673.01"	"gverbs.zil"	"673"	"V-FILL"	"TELL"	"There's nothing to fill it with."
"message.gverbs.V-FILL.675.01"	"gverbs.zil"	"675"	"V-FILL"	"TELL"	"You may know how to do that, but I don't."
"message.gverbs.V-FIND.680.01"	"gverbs.zil"	"680"	"V-FIND"	"TELL"	"Within six feet of your head, assuming you haven't left that\nsomewhere."
"message.gverbs.V-FIND.683.01"	"gverbs.zil"	"683"	"V-FIND"	"TELL"	"You're around here somewhere..."
"message.gverbs.V-FIND.685.01"	"gverbs.zil"	"685"	"V-FIND"	"TELL"	"You find it."
"message.gverbs.V-FIND.687.01"	"gverbs.zil"	"687"	"V-FIND"	"TELL"	"You have it."
"message.gverbs.V-FIND.691.01"	"gverbs.zil"	"691"	"V-FIND"	"TELL"	"It's right here."
"message.gverbs.V-FIND.693.01"	"gverbs.zil"	"693"	"V-FIND"	"TELL"	"The "
"message.gverbs.V-FIND.693.02"	"gverbs.zil"	"693"	"V-FIND"	"TELL"	" has it."
"message.gverbs.V-FIND.695.01"	"gverbs.zil"	"695"	"V-FIND"	"TELL"	"It's on the "
"message.gverbs.V-FIND.695.02"	"gverbs.zil"	"695"	"V-FIND"	"TELL"	"."
"message.gverbs.V-FIND.697.01"	"gverbs.zil"	"697"	"V-FIND"	"TELL"	"It's in the "
"message.gverbs.V-FIND.697.02"	"gverbs.zil"	"697"	"V-FIND"	"TELL"	"."
"message.gverbs.V-FIND.699.01"	"gverbs.zil"	"699"	"V-FIND"	"TELL"	"Beats me."
"message.gverbs.V-FOLLOW.702.01"	"gverbs.zil"	"702"	"V-FOLLOW"	"TELL"	"You're nuts!"
"message.gverbs.V-FROBOZZ.706.01"	"gverbs.zil"	"706"	"V-FROBOZZ"	"TELL"	"The FROBOZZ Corporation created, owns, and operates this dungeon."
"message.gverbs.PRE-GIVE.711.01"	"gverbs.zil"	"711"	"PRE-GIVE"	"TELL"	"That's easy for you to say since you don't even have the "
"message.gverbs.PRE-GIVE.711.02"	"gverbs.zil"	"711"	"PRE-GIVE"	"TELL"	"."
"message.gverbs.V-GIVE.715.01"	"gverbs.zil"	"715"	"V-GIVE"	"TELL"	"You can't give a "
"message.gverbs.V-GIVE.715.02"	"gverbs.zil"	"715"	"V-GIVE"	"TELL"	" to a "
"message.gverbs.V-GIVE.715.03"	"gverbs.zil"	"715"	"V-GIVE"	"TELL"	"!"
"message.gverbs.V-GIVE.717.01"	"gverbs.zil"	"717"	"V-GIVE"	"TELL"	"The "
"message.gverbs.V-GIVE.717.02"	"gverbs.zil"	"717"	"V-GIVE"	"TELL"	" refuses it politely."
"message.gverbs.V-HATCH.720.01"	"gverbs.zil"	"720"	"V-HATCH"	"TELL"	"Bizarre!"
"message.gverbs.V-HELLO.728.01"	"gverbs.zil"	"728"	"V-HELLO"	"TELL"	"The "
"message.gverbs.V-HELLO.728.02"	"gverbs.zil"	"728"	"V-HELLO"	"TELL"	" bows his head to you in greeting."
"message.gverbs.V-HELLO.731.01"	"gverbs.zil"	"731"	"V-HELLO"	"TELL"	"It's a well known fact that only schizophrenics say ""Hello"" to a "
"message.gverbs.V-HELLO.732.01"	"gverbs.zil"	"732"	"V-HELLO"	"TELL"	"."
"message.gverbs.V-INCANT.752.01"	"gverbs.zil"	"752"	"V-INCANT"	"TELL"	"The incantation echoes back faintly, but nothing else happens."
"message.gverbs.V-INFLATE.758.01"	"gverbs.zil"	"758"	"V-INFLATE"	"TELL"	"How can you inflate that?"
"message.gverbs.V-KICK.760.01"	"gverbs.zil"	"760"	"V-KICK"	"HACK-HACK"	"Kicking the "
"message.gverbs.V-KISS.763.01"	"gverbs.zil"	"763"	"V-KISS"	"TELL"	"I'd sooner kiss a pig."
"message.gverbs.V-KNOCK.767.01"	"gverbs.zil"	"767"	"V-KNOCK"	"TELL"	"Nobody's home."
"message.gverbs.V-KNOCK.769.01"	"gverbs.zil"	"769"	"V-KNOCK"	"TELL"	"Why knock on a "
"message.gverbs.V-KNOCK.769.02"	"gverbs.zil"	"769"	"V-KNOCK"	"TELL"	"?"
"message.gverbs.V-LAMP-OFF.774.01"	"gverbs.zil"	"774"	"V-LAMP-OFF"	"TELL"	"It is already off."
"message.gverbs.V-LAMP-OFF.779.01"	"gverbs.zil"	"779"	"V-LAMP-OFF"	"TELL"	"The "
"message.gverbs.V-LAMP-OFF.779.02"	"gverbs.zil"	"779"	"V-LAMP-OFF"	"TELL"	" is now off."
"message.gverbs.V-LAMP-OFF.781.01"	"gverbs.zil"	"781"	"V-LAMP-OFF"	"TELL"	"It is now pitch black."
"message.gverbs.V-LAMP-OFF.783.01"	"gverbs.zil"	"783"	"V-LAMP-OFF"	"TELL"	"You can't turn that off."
"message.gverbs.V-LAMP-ON.789.01"	"gverbs.zil"	"789"	"V-LAMP-ON"	"TELL"	"It is already on."
"message.gverbs.V-LAMP-ON.792.01"	"gverbs.zil"	"792"	"V-LAMP-ON"	"TELL"	"The "
"message.gverbs.V-LAMP-ON.792.02"	"gverbs.zil"	"792"	"V-LAMP-ON"	"TELL"	" is now on."
"message.gverbs.V-LAMP-ON.799.01"	"gverbs.zil"	"799"	"V-LAMP-ON"	"TELL"	"If you wish to burn the "
"message.gverbs.V-LAMP-ON.799.02"	"gverbs.zil"	"799"	"V-LAMP-ON"	"TELL"	", you should say so."
"message.gverbs.V-LAMP-ON.801.01"	"gverbs.zil"	"801"	"V-LAMP-ON"	"TELL"	"You can't turn that on."
"message.gverbs.V-LAUNCH.806.01"	"gverbs.zil"	"806"	"V-LAUNCH"	"TELL"	"You can't launch that by saying ""launch""!"
"message.gverbs.V-LAUNCH.808.01"	"gverbs.zil"	"808"	"V-LAUNCH"	"TELL"	"That's pretty weird."
"message.gverbs.V-LEAN-ON.811.01"	"gverbs.zil"	"811"	"V-LEAN-ON"	"TELL"	"Getting tired?"
"message.gverbs.V-LEAP.818.01"	"gverbs.zil"	"818"	"V-LEAP"	"TELL"	"The "
"message.gverbs.V-LEAP.818.02"	"gverbs.zil"	"818"	"V-LEAP"	"TELL"	" is too big to jump over."
"message.gverbs.V-LEAP.822.01"	"gverbs.zil"	"822"	"V-LEAP"	"TELL"	"That would be a good trick."
"message.gverbs.V-LEAP.829.01"	"gverbs.zil"	"829"	"V-LEAP"	"TELL"	"This was not a very safe place to try jumping."
"message.gverbs.V-LEAP.834.01"	"gverbs.zil"	"834"	"V-LEAP"	"TELL"	"In a feat of unaccustomed daring, you manage to land on your feet without\nkilling yourself."
"message.gverbs.JUMPLOSS.846.01"	"gverbs.zil"	"846"	"JUMPLOSS"	"LTABLE"	"You should have looked before you leaped."
"message.gverbs.JUMPLOSS.847.01"	"gverbs.zil"	"847"	"JUMPLOSS"	"LTABLE"	"In the movies, your life would be passing before your eyes."
"message.gverbs.JUMPLOSS.848.01"	"gverbs.zil"	"848"	"JUMPLOSS"	"LTABLE"	"Geronimo..."
"message.gverbs.V-LISTEN.853.01"	"gverbs.zil"	"853"	"V-LISTEN"	"TELL"	"The "
"message.gverbs.V-LISTEN.853.02"	"gverbs.zil"	"853"	"V-LISTEN"	"TELL"	" makes no sound."
"message.gverbs.V-LOCK.856.01"	"gverbs.zil"	"856"	"V-LOCK"	"TELL"	"It doesn't seem to work."
"message.gverbs.V-LOOK-BEHIND.863.01"	"gverbs.zil"	"863"	"V-LOOK-BEHIND"	"TELL"	"There is nothing behind the "
"message.gverbs.V-LOOK-BEHIND.863.02"	"gverbs.zil"	"863"	"V-LOOK-BEHIND"	"TELL"	"."
"message.gverbs.V-LOOK-INSIDE.869.01"	"gverbs.zil"	"869"	"V-LOOK-INSIDE"	"TELL"	"The "
"message.gverbs.V-LOOK-INSIDE.869.02"	"gverbs.zil"	"869"	"V-LOOK-INSIDE"	"TELL"	" is open, but I can't tell what's beyond it."
"message.gverbs.V-LOOK-INSIDE.871.01"	"gverbs.zil"	"871"	"V-LOOK-INSIDE"	"TELL"	"The "
"message.gverbs.V-LOOK-INSIDE.871.02"	"gverbs.zil"	"871"	"V-LOOK-INSIDE"	"TELL"	" is closed."
"message.gverbs.V-LOOK-INSIDE.875.01"	"gverbs.zil"	"875"	"V-LOOK-INSIDE"	"TELL"	"There is nothing special to be seen."
"message.gverbs.V-LOOK-INSIDE.886.01"	"gverbs.zil"	"886"	"V-LOOK-INSIDE"	"TELL"	"The "
"message.gverbs.V-LOOK-INSIDE.886.02"	"gverbs.zil"	"886"	"V-LOOK-INSIDE"	"TELL"	" is empty."
"message.gverbs.V-LOOK-INSIDE.888.01"	"gverbs.zil"	"888"	"V-LOOK-INSIDE"	"TELL"	"The "
"message.gverbs.V-LOOK-INSIDE.888.02"	"gverbs.zil"	"888"	"V-LOOK-INSIDE"	"TELL"	" is closed."
"message.gverbs.V-LOOK-INSIDE.890.01"	"gverbs.zil"	"890"	"V-LOOK-INSIDE"	"TELL"	"You can't look inside a "
"message.gverbs.V-LOOK-INSIDE.890.02"	"gverbs.zil"	"890"	"V-LOOK-INSIDE"	"TELL"	"."
"message.gverbs.V-LOOK-ON.897.01"	"gverbs.zil"	"897"	"V-LOOK-ON"	"TELL"	"Look on a "
"message.gverbs.V-LOOK-ON.897.02"	"gverbs.zil"	"897"	"V-LOOK-ON"	"TELL"	"???"
"message.gverbs.V-LOOK-UNDER.900.01"	"gverbs.zil"	"900"	"V-LOOK-UNDER"	"TELL"	"There is nothing but dust there."
"message.gverbs.V-LOWER.902.01"	"gverbs.zil"	"902"	"V-LOWER"	"HACK-HACK"	"Playing in this way with the "
"message.gverbs.V-MAKE.905.01"	"gverbs.zil"	"905"	"V-MAKE"	"TELL"	"You can't do that."
"message.gverbs.V-MELT.908.01"	"gverbs.zil"	"908"	"V-MELT"	"TELL"	"It's not clear that a "
"message.gverbs.V-MELT.908.02"	"gverbs.zil"	"908"	"V-MELT"	"TELL"	" can be melted."
"message.gverbs.PRE-MOVE.912.01"	"gverbs.zil"	"912"	"PRE-MOVE"	"TELL"	"You aren't an accomplished enough juggler."
"message.gverbs.V-MOVE.916.01"	"gverbs.zil"	"916"	"V-MOVE"	"TELL"	"Moving the "
"message.gverbs.V-MOVE.916.02"	"gverbs.zil"	"916"	"V-MOVE"	"TELL"	" reveals nothing."
"message.gverbs.V-MOVE.918.01"	"gverbs.zil"	"918"	"V-MOVE"	"TELL"	"You can't move the "
"message.gverbs.V-MOVE.918.02"	"gverbs.zil"	"918"	"V-MOVE"	"TELL"	"."
"message.gverbs.V-MUMBLE.921.01"	"gverbs.zil"	"921"	"V-MUMBLE"	"TELL"	"You'll have to speak up if you expect me to hear you!"
"message.gverbs.PRE-MUNG.931.01"	"gverbs.zil"	"931"	"PRE-MUNG"	"TELL"	"Trying to destroy the "
"message.gverbs.PRE-MUNG.931.02"	"gverbs.zil"	"931"	"PRE-MUNG"	"TELL"	" with "
"message.gverbs.PRE-MUNG.933.01"	"gverbs.zil"	"933"	"PRE-MUNG"	"TELL"	"your bare hands"
"message.gverbs.PRE-MUNG.935.01"	"gverbs.zil"	"935"	"PRE-MUNG"	"TELL"	"a "
"message.gverbs.PRE-MUNG.936.01"	"gverbs.zil"	"936"	"PRE-MUNG"	"TELL"	" is futile."
"message.gverbs.V-MUNG.943.01"	"gverbs.zil"	"943"	"V-MUNG"	"TELL"	"Nice try."
"message.gverbs.V-ODYSSEUS.953.01"	"gverbs.zil"	"953"	"V-ODYSSEUS"	"TELL"	"The cyclops, hearing the name of his father's deadly nemesis, flees the room\nby knocking down the wall on the east of the room."
"message.gverbs.V-ODYSSEUS.961.01"	"gverbs.zil"	"961"	"V-ODYSSEUS"	"TELL"	"Wasn't he a sailor?"
"message.gverbs.V-OIL.964.01"	"gverbs.zil"	"964"	"V-OIL"	"TELL"	"You probably put spinach in your gas tank, too."
"message.gverbs.V-OPEN.970.01"	"gverbs.zil"	"970"	"V-OPEN"	"TELL"	"It is already open."
"message.gverbs.V-OPEN.975.01"	"gverbs.zil"	"975"	"V-OPEN"	"TELL"	"Opened."
"message.gverbs.V-OPEN.980.01"	"gverbs.zil"	"980"	"V-OPEN"	"TELL"	"The "
"message.gverbs.V-OPEN.980.02"	"gverbs.zil"	"980"	"V-OPEN"	"TELL"	" opens."
"message.gverbs.V-OPEN.983.01"	"gverbs.zil"	"983"	"V-OPEN"	"TELL"	"Opening the "
"message.gverbs.V-OPEN.983.02"	"gverbs.zil"	"983"	"V-OPEN"	"TELL"	" reveals "
"message.gverbs.V-OPEN.985.01"	"gverbs.zil"	"985"	"V-OPEN"	"TELL"	"."
"message.gverbs.V-OPEN.988.01"	"gverbs.zil"	"988"	"V-OPEN"	"TELL"	"It is already open."
"message.gverbs.V-OPEN.990.01"	"gverbs.zil"	"990"	"V-OPEN"	"TELL"	"The "
"message.gverbs.V-OPEN.990.02"	"gverbs.zil"	"990"	"V-OPEN"	"TELL"	" opens."
"message.gverbs.V-OPEN.994.01"	"gverbs.zil"	"994"	"V-OPEN"	"TELL"	"You must tell me how to do that to a "
"message.gverbs.V-OPEN.994.02"	"gverbs.zil"	"994"	"V-OPEN"	"TELL"	"."
"message.gverbs.V-OVERBOARD.1001.01"	"gverbs.zil"	"1001"	"V-OVERBOARD"	"TELL"	"Ahoy -- "
"message.gverbs.V-OVERBOARD.1001.02"	"gverbs.zil"	"1001"	"V-OVERBOARD"	"TELL"	" overboard!"
"message.gverbs.V-OVERBOARD.1003.01"	"gverbs.zil"	"1003"	"V-OVERBOARD"	"TELL"	"You're not in anything!"
"message.gverbs.V-OVERBOARD.1009.01"	"gverbs.zil"	"1009"	"V-OVERBOARD"	"TELL"	"Huh?"
"message.gverbs.V-PICK.1011.01"	"gverbs.zil"	"1011"	"V-PICK"	"TELL"	"You can't pick that."
"message.gverbs.V-PLAY.1016.01"	"gverbs.zil"	"1016"	"V-PLAY"	"TELL"	"You become so engrossed in the role of the "
"message.gverbs.V-PLAY.1016.02"	"gverbs.zil"	"1016"	"V-PLAY"	"TELL"	" that\nyou kill yourself, just as he might have done!"
"message.gverbs.V-PLAY.1018.01"	"gverbs.zil"	"1018"	"V-PLAY"	"JIGS-UP"	""
"message.gverbs.V-PLAY.1019.01"	"gverbs.zil"	"1019"	"V-PLAY"	"TELL"	"That's silly!"
"message.gverbs.V-PLUG.1022.01"	"gverbs.zil"	"1022"	"V-PLUG"	"TELL"	"This has no effect."
"message.gverbs.V-POUR-ON.1028.01"	"gverbs.zil"	"1028"	"V-POUR-ON"	"TELL"	"The "
"message.gverbs.V-POUR-ON.1028.02"	"gverbs.zil"	"1028"	"V-POUR-ON"	"TELL"	" is extinguished."
"message.gverbs.V-POUR-ON.1037.01"	"gverbs.zil"	"1037"	"V-POUR-ON"	"TELL"	"The water spills over the "
"message.gverbs.V-POUR-ON.1037.02"	"gverbs.zil"	"1037"	"V-POUR-ON"	"TELL"	", to the floor, and evaporates."
"message.gverbs.V-POUR-ON.1044.01"	"gverbs.zil"	"1044"	"V-POUR-ON"	"TELL"	"You can't pour that."
"message.gverbs.V-PRAY.1054.01"	"gverbs.zil"	"1054"	"V-PRAY"	"TELL"	"If you pray enough, your prayers may be answered."
"message.gverbs.V-PUMP.1059.01"	"gverbs.zil"	"1059"	"V-PUMP"	"TELL"	"Pump it up with a "
"message.gverbs.V-PUMP.1059.02"	"gverbs.zil"	"1059"	"V-PUMP"	"TELL"	"?"
"message.gverbs.V-PUMP.1068.01"	"gverbs.zil"	"1068"	"V-PUMP"	"TELL"	"It's really not clear how."
"message.gverbs.V-PUSH.1070.01"	"gverbs.zil"	"1070"	"V-PUSH"	"HACK-HACK"	"Pushing the "
"message.gverbs.V-PUSH-TO.1073.01"	"gverbs.zil"	"1073"	"V-PUSH-TO"	"TELL"	"You can't push things to that."
"message.gverbs.V-PUT.1090.01"	"gverbs.zil"	"1090"	"V-PUT"	"TELL"	"You can't do that."
"message.gverbs.V-PUT.1093.01"	"gverbs.zil"	"1093"	"V-PUT"	"TELL"	"The "
"message.gverbs.V-PUT.1093.02"	"gverbs.zil"	"1093"	"V-PUT"	"TELL"	" isn't open."
"message.gverbs.V-PUT.1096.01"	"gverbs.zil"	"1096"	"V-PUT"	"TELL"	"How can you do that?"
"message.gverbs.V-PUT.1098.01"	"gverbs.zil"	"1098"	"V-PUT"	"TELL"	"The "
"message.gverbs.V-PUT.1098.02"	"gverbs.zil"	"1098"	"V-PUT"	"TELL"	" is already in the "
"message.gverbs.V-PUT.1098.03"	"gverbs.zil"	"1098"	"V-PUT"	"TELL"	"."
"message.gverbs.V-PUT.1102.01"	"gverbs.zil"	"1102"	"V-PUT"	"TELL"	"There's no room."
"message.gverbs.V-PUT.1105.01"	"gverbs.zil"	"1105"	"V-PUT"	"TELL"	"You don't have the "
"message.gverbs.V-PUT.1105.02"	"gverbs.zil"	"1105"	"V-PUT"	"TELL"	"."
"message.gverbs.V-PUT.1114.01"	"gverbs.zil"	"1114"	"V-PUT"	"TELL"	"Done."
"message.gverbs.V-PUT-BEHIND.1117.01"	"gverbs.zil"	"1117"	"V-PUT-BEHIND"	"TELL"	"That hiding place is too obvious."
"message.gverbs.V-PUT-ON.1126.01"	"gverbs.zil"	"1126"	"V-PUT-ON"	"TELL"	"There's no good surface on the "
"message.gverbs.V-PUT-ON.1126.02"	"gverbs.zil"	"1126"	"V-PUT-ON"	"TELL"	"."
"message.gverbs.V-PUT-UNDER.1129.01"	"gverbs.zil"	"1129"	"V-PUT-UNDER"	"TELL"	"You can't do that."
"message.gverbs.V-RAPE.1135.01"	"gverbs.zil"	"1135"	"V-RAPE"	"TELL"	"What a (ahem!) strange idea."
"message.gverbs.PRE-READ.1139.01"	"gverbs.zil"	"1139"	"PRE-READ"	"TELL"	"It is impossible to read in the dark."
"message.gverbs.PRE-READ.1141.01"	"gverbs.zil"	"1141"	"PRE-READ"	"TELL"	"How does one look through a "
"message.gverbs.PRE-READ.1141.02"	"gverbs.zil"	"1141"	"PRE-READ"	"TELL"	"?"
"message.gverbs.V-READ.1145.01"	"gverbs.zil"	"1145"	"V-READ"	"TELL"	"How does one read a "
"message.gverbs.V-READ.1145.02"	"gverbs.zil"	"1145"	"V-READ"	"TELL"	"?"
"message.gverbs.V-REPENT.1154.01"	"gverbs.zil"	"1154"	"V-REPENT"	"TELL"	"It could very well be too late!"
"message.gverbs.V-REPLY.1157.01"	"gverbs.zil"	"1157"	"V-REPLY"	"TELL"	"It is hardly likely that the "
"message.gverbs.V-REPLY.1157.02"	"gverbs.zil"	"1157"	"V-REPLY"	"TELL"	" is interested."
"message.gverbs.V-RING.1163.01"	"gverbs.zil"	"1163"	"V-RING"	"TELL"	"How, exactly, can you ring that?"
"message.gverbs.V-RUB.1165.01"	"gverbs.zil"	"1165"	"V-RUB"	"HACK-HACK"	"Fiddling with the "
"message.gverbs.V-SAY.1185.01"	"gverbs.zil"	"1185"	"V-SAY"	"TELL"	"Say what?"
"message.gverbs.V-SAY.1189.01"	"gverbs.zil"	"1189"	"V-SAY"	"TELL"	"You must address the "
"message.gverbs.V-SAY.1189.02"	"gverbs.zil"	"1189"	"V-SAY"	"TELL"	" directly."
"message.gverbs.V-SAY.1194.01"	"gverbs.zil"	"1194"	"V-SAY"	"TELL"	"Talking to yourself is a sign of impending mental collapse."
"message.gverbs.V-SEARCH.1198.01"	"gverbs.zil"	"1198"	"V-SEARCH"	"TELL"	"You find nothing unusual."
"message.gverbs.V-SEND.1202.01"	"gverbs.zil"	"1202"	"V-SEND"	"TELL"	"Why would you send for the "
"message.gverbs.V-SEND.1202.02"	"gverbs.zil"	"1202"	"V-SEND"	"TELL"	"?"
"message.gverbs.V-SEND.1204.01"	"gverbs.zil"	"1204"	"V-SEND"	"TELL"	"That doesn't make sends."
"message.gverbs.V-SGIVE.1211.01"	"gverbs.zil"	"1211"	"V-SGIVE"	"TELL"	"Foo!"
"message.gverbs.V-SHAKE.1215.01"	"gverbs.zil"	"1215"	"V-SHAKE"	"TELL"	"This seems to have no effect."
"message.gverbs.V-SHAKE.1217.01"	"gverbs.zil"	"1217"	"V-SHAKE"	"TELL"	"You can't take it; thus, you can't shake it!"
"message.gverbs.V-SHAKE.1222.01"	"gverbs.zil"	"1222"	"V-SHAKE"	"TELL"	"The contents of the "
"message.gverbs.V-SHAKE.1222.02"	"gverbs.zil"	"1222"	"V-SHAKE"	"TELL"	" spill "
"message.gverbs.V-SHAKE.1227.01"	"gverbs.zil"	"1227"	"V-SHAKE"	"TELL"	"out and disappears"
"message.gverbs.V-SHAKE.1229.01"	"gverbs.zil"	"1229"	"V-SHAKE"	"TELL"	"to the ground"
"message.gverbs.V-SHAKE.1230.01"	"gverbs.zil"	"1230"	"V-SHAKE"	"TELL"	"."
"message.gverbs.V-SHAKE.1232.01"	"gverbs.zil"	"1232"	"V-SHAKE"	"TELL"	"Shaken."
"message.gverbs.V-SHAKE.1236.01"	"gverbs.zil"	"1236"	"V-SHAKE"	"TELL"	"It sounds like there is something inside the "
"message.gverbs.V-SHAKE.1236.02"	"gverbs.zil"	"1236"	"V-SHAKE"	"TELL"	"."
"message.gverbs.V-SHAKE.1238.01"	"gverbs.zil"	"1238"	"V-SHAKE"	"TELL"	"The "
"message.gverbs.V-SHAKE.1238.02"	"gverbs.zil"	"1238"	"V-SHAKE"	"TELL"	" sounds empty."
"message.gverbs.V-SHAKE.1240.01"	"gverbs.zil"	"1240"	"V-SHAKE"	"TELL"	"Shaken."
"message.gverbs.WHEEEEE.1273.01"	"gverbs.zil"	"1273"	"WHEEEEE"	"LTABLE"	"Very good. Now you can go to the second grade."
"message.gverbs.WHEEEEE.1274.01"	"gverbs.zil"	"1274"	"WHEEEEE"	"LTABLE"	"Are you enjoying yourself?"
"message.gverbs.WHEEEEE.1275.01"	"gverbs.zil"	"1275"	"WHEEEEE"	"LTABLE"	"Wheeeeeeeeee!!!!!"
"message.gverbs.WHEEEEE.1276.01"	"gverbs.zil"	"1276"	"WHEEEEE"	"LTABLE"	"Do you expect me to applaud?"
"message.gverbs.V-SMELL.1279.01"	"gverbs.zil"	"1279"	"V-SMELL"	"TELL"	"It smells like a "
"message.gverbs.V-SMELL.1279.02"	"gverbs.zil"	"1279"	"V-SMELL"	"TELL"	"."
"message.gverbs.V-SPIN.1282.01"	"gverbs.zil"	"1282"	"V-SPIN"	"TELL"	"You can't spin that!"
"message.gverbs.V-SQUEEZE.1289.01"	"gverbs.zil"	"1289"	"V-SQUEEZE"	"TELL"	"The "
"message.gverbs.V-SQUEEZE.1289.02"	"gverbs.zil"	"1289"	"V-SQUEEZE"	"TELL"	" does not understand this."
"message.gverbs.V-SQUEEZE.1291.01"	"gverbs.zil"	"1291"	"V-SQUEEZE"	"TELL"	"How singularly useless."
"message.gverbs.V-STAB.1303.01"	"gverbs.zil"	"1303"	"V-STAB"	"TELL"	"No doubt you propose to stab the "
"message.gverbs.V-STAB.1303.02"	"gverbs.zil"	"1303"	"V-STAB"	"TELL"	" with your pinky?"
"message.gverbs.V-STAND.1310.01"	"gverbs.zil"	"1310"	"V-STAND"	"TELL"	"You are already standing, I think."
"message.gverbs.V-STAY.1313.01"	"gverbs.zil"	"1313"	"V-STAY"	"TELL"	"You will be lost without me!"
"message.gverbs.V-STRIKE.1318.01"	"gverbs.zil"	"1318"	"V-STRIKE"	"TELL"	"Since you aren't versed in hand-to-hand combat, you'd better attack the "
"message.gverbs.V-STRIKE.1319.01"	"gverbs.zil"	"1319"	"V-STRIKE"	"TELL"	" with a weapon."
"message.gverbs.V-SWIM.1328.01"	"gverbs.zil"	"1328"	"V-SWIM"	"TELL"	"Swimming isn't usually allowed in the "
"message.gverbs.V-SWIM.1330.01"	"gverbs.zil"	"1330"	"V-SWIM"	"TELL"	"."
"message.gverbs.V-SWIM.1332.01"	"gverbs.zil"	"1332"	"V-SWIM"	"TELL"	"dungeon."
"message.gverbs.V-SWIM.1345.01"	"gverbs.zil"	"1345"	"V-SWIM"	"TELL"	"Go jump in a lake!"
"message.gverbs.V-SWING.1349.01"	"gverbs.zil"	"1349"	"V-SWING"	"TELL"	"Whoosh!"
"message.gverbs.PRE-TAKE.1356.01"	"gverbs.zil"	"1356"	"PRE-TAKE"	"TELL"	"You are already wearing it."
"message.gverbs.PRE-TAKE.1358.01"	"gverbs.zil"	"1358"	"PRE-TAKE"	"TELL"	"You already have that!"
"message.gverbs.PRE-TAKE.1362.01"	"gverbs.zil"	"1362"	"PRE-TAKE"	"TELL"	"You can't reach something that's inside a closed container."
"message.gverbs.PRE-TAKE.1375.01"	"gverbs.zil"	"1375"	"PRE-TAKE"	"TELL"	"The "
"message.gverbs.PRE-TAKE.1375.02"	"gverbs.zil"	"1375"	"PRE-TAKE"	"TELL"	" isn't in the "
"message.gverbs.PRE-TAKE.1375.03"	"gverbs.zil"	"1375"	"PRE-TAKE"	"TELL"	"."
"message.gverbs.PRE-TAKE.1380.01"	"gverbs.zil"	"1380"	"PRE-TAKE"	"TELL"	"You're inside of it!"
"message.gverbs.V-TAKE.1385.01"	"gverbs.zil"	"1385"	"V-TAKE"	"TELL"	"You are now wearing the "
"message.gverbs.V-TAKE.1385.02"	"gverbs.zil"	"1385"	"V-TAKE"	"TELL"	"."
"message.gverbs.V-TAKE.1387.01"	"gverbs.zil"	"1387"	"V-TAKE"	"TELL"	"Taken."
"message.gverbs.V-TELL.1395.01"	"gverbs.zil"	"1395"	"V-TELL"	"TELL"	"The "
"message.gverbs.V-TELL.1396.01"	"gverbs.zil"	"1396"	"V-TELL"	"TELL"	" pauses for a moment, perhaps thinking that you should reread\nthe manual."
"message.gverbs.V-TELL.1399.01"	"gverbs.zil"	"1399"	"V-TELL"	"TELL"	"You can't talk to the "
"message.gverbs.V-TELL.1399.02"	"gverbs.zil"	"1399"	"V-TELL"	"TELL"	"!"
"message.gverbs.V-THROUGH.1439.01"	"gverbs.zil"	"1439"	"V-THROUGH"	"TELL"	"You hit your head against the "
"message.gverbs.V-THROUGH.1439.02"	"gverbs.zil"	"1439"	"V-THROUGH"	"TELL"	" as you attempt this feat."
"message.gverbs.V-THROUGH.1441.01"	"gverbs.zil"	"1441"	"V-THROUGH"	"TELL"	"That would involve quite a contortion!"
"message.gverbs.V-THROW.1449.01"	"gverbs.zil"	"1449"	"V-THROW"	"TELL"	"A terrific throw! The "
"message.gverbs.V-THROW.1451.01"	"gverbs.zil"	"1451"	"V-THROW"	"JIGS-UP"	" hits you squarely in the head. Normally,\nthis wouldn't do much damage, but by incredible mischance, you fall over\nbackwards trying to duck, and break your neck, justice being swift and\nmerciful in the Great Underground Empire."
"message.gverbs.V-THROW.1457.01"	"gverbs.zil"	"1457"	"V-THROW"	"TELL"	"The "
"message.gverbs.V-THROW.1457.02"	"gverbs.zil"	"1457"	"V-THROW"	"TELL"	" ducks as the "
"message.gverbs.V-THROW.1457.03"	"gverbs.zil"	"1457"	"V-THROW"	"TELL"	" flies by and crashes to the ground."
"message.gverbs.V-THROW.1459.01"	"gverbs.zil"	"1459"	"V-THROW"	"TELL"	"Thrown."
"message.gverbs.V-THROW.1460.01"	"gverbs.zil"	"1460"	"V-THROW"	"TELL"	"Huh?"
"message.gverbs.V-THROW-OFF.1463.01"	"gverbs.zil"	"1463"	"V-THROW-OFF"	"TELL"	"You can't throw anything off of that!"
"message.gverbs.V-TIE.1467.01"	"gverbs.zil"	"1467"	"V-TIE"	"TELL"	"You can't tie anything to yourself."
"message.gverbs.V-TIE.1469.01"	"gverbs.zil"	"1469"	"V-TIE"	"TELL"	"You can't tie the "
"message.gverbs.V-TIE.1469.02"	"gverbs.zil"	"1469"	"V-TIE"	"TELL"	" to that."
"message.gverbs.V-TIE-UP.1472.01"	"gverbs.zil"	"1472"	"V-TIE-UP"	"TELL"	"You could certainly never tie it with that!"
"message.gverbs.V-TREASURE.1486.01"	"gverbs.zil"	"1486"	"V-TREASURE"	"TELL"	"Nothing happens."
"message.gverbs.PRE-TURN.1501.01"	"gverbs.zil"	"1501"	"PRE-TURN"	"TELL"	"Your bare hands don't appear to be enough."
"message.gverbs.PRE-TURN.1503.01"	"gverbs.zil"	"1503"	"PRE-TURN"	"TELL"	"You can't turn that!"
"message.gverbs.V-TURN.1506.01"	"gverbs.zil"	"1506"	"V-TURN"	"TELL"	"This has no effect."
"message.gverbs.V-UNTIE.1512.01"	"gverbs.zil"	"1512"	"V-UNTIE"	"TELL"	"This cannot be tied, so it cannot be untied!"
"message.gverbs.V-WAIT.1515.01"	"gverbs.zil"	"1515"	"V-WAIT"	"TELL"	"Time passes..."
"message.gverbs.V-WALK.1548.01"	"gverbs.zil"	"1548"	"V-WALK"	"TELL"	"You can't go that way."
"message.gverbs.V-WALK.1557.01"	"gverbs.zil"	"1557"	"V-WALK"	"TELL"	"The "
"message.gverbs.V-WALK.1557.02"	"gverbs.zil"	"1557"	"V-WALK"	"TELL"	" is closed."
"message.gverbs.V-WALK.1566.01"	"gverbs.zil"	"1566"	"V-WALK"	"TELL"	"There are odd noises in the darkness, and there is no exit in that\ndirection."
"message.gverbs.V-WALK.1578.01"	"gverbs.zil"	"1578"	"V-WALK"	"JIGS-UP"	"Oh, no! You have walked into the slavering fangs of a lurking grue!"
"message.gverbs.V-WALK.1580.01"	"gverbs.zil"	"1580"	"V-WALK"	"TELL"	"You can't go that way."
"message.gverbs.V-WALK-AROUND.1584.01"	"gverbs.zil"	"1584"	"V-WALK-AROUND"	"TELL"	"Use compass directions for movement."
"message.gverbs.V-WALK-TO.1590.01"	"gverbs.zil"	"1590"	"V-WALK-TO"	"TELL"	"It's here!"
"message.gverbs.V-WALK-TO.1592.01"	"gverbs.zil"	"1592"	"V-WALK-TO"	"TELL"	"You should supply a direction!"
"message.gverbs.V-WAVE.1595.01"	"gverbs.zil"	"1595"	"V-WAVE"	"HACK-HACK"	"Waving the "
"message.gverbs.V-WEAR.1599.01"	"gverbs.zil"	"1599"	"V-WEAR"	"TELL"	"You can't wear the "
"message.gverbs.V-WEAR.1599.02"	"gverbs.zil"	"1599"	"V-WEAR"	"TELL"	"."
"message.gverbs.V-WIN.1605.01"	"gverbs.zil"	"1605"	"V-WIN"	"TELL"	"Naturally!"
"message.gverbs.V-WIND.1608.01"	"gverbs.zil"	"1608"	"V-WIND"	"TELL"	"You cannot wind up a "
"message.gverbs.V-WIND.1608.02"	"gverbs.zil"	"1608"	"V-WIND"	"TELL"	"."
"message.gverbs.V-WISH.1614.01"	"gverbs.zil"	"1614"	"V-WISH"	"TELL"	"With luck, your wish will come true."
"message.gverbs.V-YELL.1616.01"	"gverbs.zil"	"1616"	"V-YELL"	"TELL"	"Aaaarrrrgggghhhh!"
"message.gverbs.V-ZORK.1618.01"	"gverbs.zil"	"1618"	"V-ZORK"	"TELL"	"At your service!"
"message.gverbs.DESCRIBE-ROOM.1638.01"	"gverbs.zil"	"1638"	"DESCRIBE-ROOM"	"TELL"	"It is pitch black."
"message.gverbs.DESCRIBE-ROOM.1640.01"	"gverbs.zil"	"1640"	"DESCRIBE-ROOM"	"TELL"	" You are likely to be eaten by a grue."
"message.gverbs.DESCRIBE-ROOM.1662.01"	"gverbs.zil"	"1662"	"DESCRIBE-ROOM"	"TELL"	", in the "
"message.gverbs.DESCRIBE-OBJECTS.1686.01"	"gverbs.zil"	"1686"	"DESCRIBE-OBJECTS"	"TELL"	"Only bats can see in the dark. And you're not one."
"message.gverbs.DESCRIBE-OBJECT.1704.01"	"gverbs.zil"	"1704"	"DESCRIBE-OBJECT"	"TELL"	"There is a "
"message.gverbs.DESCRIBE-OBJECT.1704.02"	"gverbs.zil"	"1704"	"DESCRIBE-OBJECT"	"TELL"	" here"
"message.gverbs.DESCRIBE-OBJECT.1706.01"	"gverbs.zil"	"1706"	"DESCRIBE-OBJECT"	"TELL"	" (providing light)"
"message.gverbs.DESCRIBE-OBJECT.1707.01"	"gverbs.zil"	"1707"	"DESCRIBE-OBJECT"	"TELL"	"."
"message.gverbs.DESCRIBE-OBJECT.1710.01"	"gverbs.zil"	"1710"	"DESCRIBE-OBJECT"	"TELL"	"A "
"message.gverbs.DESCRIBE-OBJECT.1712.01"	"gverbs.zil"	"1712"	"DESCRIBE-OBJECT"	"TELL"	" (providing light)"
"message.gverbs.DESCRIBE-OBJECT.1715.01"	"gverbs.zil"	"1715"	"DESCRIBE-OBJECT"	"TELL"	" (being worn)"
"message.gverbs.DESCRIBE-OBJECT.1725.01"	"gverbs.zil"	"1725"	"DESCRIBE-OBJECT"	"TELL"	" (outside the "
"message.gverbs.DESCRIBE-OBJECT.1725.02"	"gverbs.zil"	"1725"	"DESCRIBE-OBJECT"	"TELL"	")"
"message.gverbs.PRINT-CONTENTS.1736.01"	"gverbs.zil"	"1736"	"PRINT-CONTENTS"	"TELL"	", "
"message.gverbs.PRINT-CONTENTS.1737.01"	"gverbs.zil"	"1737"	"PRINT-CONTENTS"	"TELL"	"and "
"message.gverbs.PRINT-CONTENTS.1738.01"	"gverbs.zil"	"1738"	"PRINT-CONTENTS"	"TELL"	"a "
"message.gverbs.FIRSTER.1822.01"	"gverbs.zil"	"1822"	"FIRSTER"	"TELL"	"Your collection of treasures consists of:"
"message.gverbs.FIRSTER.1826.01"	"gverbs.zil"	"1826"	"FIRSTER"	"TELL"	"You are carrying:"
"message.gverbs.FIRSTER.1831.01"	"gverbs.zil"	"1831"	"FIRSTER"	"TELL"	"Sitting on the "
"message.gverbs.FIRSTER.1831.02"	"gverbs.zil"	"1831"	"FIRSTER"	"TELL"	" is: "
"message.gverbs.FIRSTER.1833.01"	"gverbs.zil"	"1833"	"FIRSTER"	"TELL"	"The "
"message.gverbs.FIRSTER.1833.02"	"gverbs.zil"	"1833"	"FIRSTER"	"TELL"	" is holding: "
"message.gverbs.FIRSTER.1835.01"	"gverbs.zil"	"1835"	"FIRSTER"	"TELL"	"The "
"message.gverbs.FIRSTER.1835.02"	"gverbs.zil"	"1835"	"FIRSTER"	"TELL"	" contains:"
"message.gverbs.SCORE-UPD.1861.01"	"gverbs.zil"	"1861"	"SCORE-UPD"	"TELL"	"An almost inaudible voice whispers in your ear, ""Look to your treasures\nfor the final secret."""
"message.gverbs.YES?.1873.01"	"gverbs.zil"	"1873"	"YES?"	"PRINTI"	">"
"message.gverbs.ITAKE.1906.01"	"gverbs.zil"	"1906"	"ITAKE"	"TELL"	"Your hand passes through its object."
"message.gverbs.ITAKE.1934.01"	"gverbs.zil"	"1934"	"ITAKE"	"TELL"	"Your load is too heavy"
"message.gverbs.ITAKE.1936.01"	"gverbs.zil"	"1936"	"ITAKE"	"TELL"	", especially in light of your condition."
"message.gverbs.ITAKE.1938.01"	"gverbs.zil"	"1938"	"ITAKE"	"TELL"	"."
"message.gverbs.ITAKE.1945.01"	"gverbs.zil"	"1945"	"ITAKE"	"TELL"	"You're holding too many things already!"
"message.gverbs.IDROP.1969.01"	"gverbs.zil"	"1969"	"IDROP"	"TELL"	"You're not carrying the "
"message.gverbs.IDROP.1969.02"	"gverbs.zil"	"1969"	"IDROP"	"TELL"	"."
"message.gverbs.IDROP.1973.01"	"gverbs.zil"	"1973"	"IDROP"	"TELL"	"The "
"message.gverbs.IDROP.1973.02"	"gverbs.zil"	"1973"	"IDROP"	"TELL"	" is closed."
"message.gverbs.INDENTS.2017.01"	"gverbs.zil"	"2017"	"INDENTS"	"TABLE"	""
"message.gverbs.INDENTS.2018.01"	"gverbs.zil"	"2018"	"INDENTS"	"TABLE"	"  "
"message.gverbs.INDENTS.2019.01"	"gverbs.zil"	"2019"	"INDENTS"	"TABLE"	"    "
"message.gverbs.INDENTS.2020.01"	"gverbs.zil"	"2020"	"INDENTS"	"TABLE"	"      "
"message.gverbs.INDENTS.2021.01"	"gverbs.zil"	"2021"	"INDENTS"	"TABLE"	"        "
"message.gverbs.INDENTS.2022.01"	"gverbs.zil"	"2022"	"INDENTS"	"TABLE"	"          "
"message.gverbs.HACK-HACK.2027.01"	"gverbs.zil"	"2027"	"HACK-HACK"	"TELL"	"The "
"message.gverbs.HACK-HACK.2027.02"	"gverbs.zil"	"2027"	"HACK-HACK"	"TELL"	" isn't here!"
"message.gverbs.HO-HUM.2034.01"	"gverbs.zil"	"2034"	"HO-HUM"	"LTABLE"	" doesn't seem to work."
"message.gverbs.HO-HUM.2035.01"	"gverbs.zil"	"2035"	"HO-HUM"	"LTABLE"	" isn't notably helpful."
"message.gverbs.HO-HUM.2036.01"	"gverbs.zil"	"2036"	"HO-HUM"	"LTABLE"	" has no effect."
"message.gverbs.NO-GO-TELL.2040.01"	"gverbs.zil"	"2040"	"NO-GO-TELL"	"TELL"	"You can't go there in a "
"message.gverbs.NO-GO-TELL.2040.02"	"gverbs.zil"	"2040"	"NO-GO-TELL"	"TELL"	"."
"message.gverbs.NO-GO-TELL.2042.01"	"gverbs.zil"	"2042"	"NO-GO-TELL"	"TELL"	"You can't go there without a vehicle."
"message.gverbs.GOTO.2077.01"	"gverbs.zil"	"2077"	"GOTO"	"TELL"	"The "
"message.gverbs.GOTO.2077.02"	"gverbs.zil"	"2077"	"GOTO"	"TELL"	" comes to a rest on the shore."
"message.gverbs.GOTO.2100.01"	"gverbs.zil"	"2100"	"GOTO"	"TELL"	"There are sinister gurgling noises in the darkness all around you!"
"message.gverbs.GOTO.2111.01"	"gverbs.zil"	"2111"	"GOTO"	"TELL"	"Oh, no! A lurking grue slithered into the "
"message.gverbs.GOTO.2114.01"	"gverbs.zil"	"2114"	"GOTO"	"TELL"	"room"
"message.gverbs.GOTO.2115.01"	"gverbs.zil"	"2115"	"GOTO"	"JIGS-UP"	" and devoured you!"
"message.gverbs.GOTO.2119.01"	"gverbs.zil"	"2119"	"GOTO"	"TELL"	"You have moved into a dark place."
"message.gverbs.GOTO.2126.01"	"gverbs.zil"	"2126"	"GOTO"	"TELL"	"The "
"message.gverbs.GOTO.2126.02"	"gverbs.zil"	"2126"	"GOTO"	"TELL"	" leaves the room."
"message.gverbs.HELLOS.2199.01"	"gverbs.zil"	"2199"	"HELLOS"	"LTABLE"	"Hello."
"message.gverbs.HELLOS.2200.01"	"gverbs.zil"	"2200"	"HELLOS"	"LTABLE"	"Good day."
"message.gverbs.HELLOS.2201.01"	"gverbs.zil"	"2201"	"HELLOS"	"LTABLE"	"Nice weather we've been having lately."
"message.gverbs.HELLOS.2202.01"	"gverbs.zil"	"2202"	"HELLOS"	"LTABLE"	"Goodbye."
"message.gverbs.YUKS.2207.01"	"gverbs.zil"	"2207"	"YUKS"	"LTABLE"	"A valiant attempt."
"message.gverbs.YUKS.2208.01"	"gverbs.zil"	"2208"	"YUKS"	"LTABLE"	"You can't be serious."
"message.gverbs.YUKS.2210.01"	"gverbs.zil"	"2210"	"YUKS"	"LTABLE"	"An interesting idea..."
"message.gverbs.YUKS.2211.01"	"gverbs.zil"	"2211"	"YUKS"	"LTABLE"	"What a concept!"
"message.gverbs.DUMMY.2215.01"	"gverbs.zil"	"2215"	"DUMMY"	"LTABLE"	"Look around."
"message.gverbs.DUMMY.2216.01"	"gverbs.zil"	"2216"	"DUMMY"	"LTABLE"	"Too late for that."
"message.gverbs.DUMMY.2217.01"	"gverbs.zil"	"2217"	"DUMMY"	"LTABLE"	"Have your eyes checked."
