source_file	line	top_kind	top_name	angle_parent	angle_path	paren_parent	english
"1actions.zil"	"1"	""	""	""	""	""	"1ACTIONS for\n\t        Zork I: The Great Underground Empire\n\t(c) Copyright 1983 Infocom, Inc. All Rights Reserved."
"1actions.zil"	"5"	""	""	""	""	""	"SUBTITLE THE WHITE HOUSE"
"1actions.zil"	"10"	"ROUTINE"	"WEST-HOUSE"	"TELL"	"ROUTINE/COND/TELL"	"<EQUAL?"	"You are standing in an open field west of a white house, with a boarded\nfront door."
"1actions.zil"	"14"	"ROUTINE"	"WEST-HOUSE"	"TELL"	"ROUTINE/COND/COND/TELL"	",WON-FLAG"	" A secret path leads southwest into the forest."
"1actions.zil"	"20"	"ROUTINE"	"EAST-HOUSE"	"TELL"	"ROUTINE/COND/TELL"	"<EQUAL?"	"You are behind the white house. A path leads into the forest\nto the east. In one corner of the house there is a small window\nwhich is "
"1actions.zil"	"24"	"ROUTINE"	"EAST-HOUSE"	"TELL"	"ROUTINE/COND/COND/TELL"	"<FSET?"	"open."
"1actions.zil"	"25"	"ROUTINE"	"EAST-HOUSE"	"TELL"	"ROUTINE/COND/COND/TELL"	"T"	"slightly ajar."
"1actions.zil"	"46"	"ROUTINE"	"BOARD-F"	"TELL"	"ROUTINE/COND/TELL"	"<VERB?"	"The boards are securely fastened."
"1actions.zil"	"54"	"ROUTINE"	"TEETH-F"	"JIGS-UP"	"ROUTINE/COND/COND/JIGS-UP"	"<AND"	"Well, you seem to have been brushing your teeth with some sort of\nglue. As a result, your mouth gets glued together (with your nose)\nand you die of respiratory failure."
"1actions.zil"	"59"	"ROUTINE"	"TEETH-F"	"TELL"	"ROUTINE/COND/COND/TELL"	"<NOT"	"Dental hygiene is highly recommended, but I'm not sure what you want\nto brush them with."
"1actions.zil"	"62"	"ROUTINE"	"TEETH-F"	"TELL"	"ROUTINE/COND/COND/TELL"	"T"	"A nice idea, but with a "
"1actions.zil"	"62"	"ROUTINE"	"TEETH-F"	"TELL"	"ROUTINE/COND/COND/TELL"	"T"	"?"
"1actions.zil"	"67"	"ROUTINE"	"GRANITE-WALL-F"	"TELL"	"ROUTINE/COND/COND/TELL"	"<VERB?"	"The west wall is solid granite here."
"1actions.zil"	"69"	"ROUTINE"	"GRANITE-WALL-F"	"TELL"	"ROUTINE/COND/COND/TELL"	"<VERB?"	"It's solid granite."
"1actions.zil"	"72"	"ROUTINE"	"GRANITE-WALL-F"	"TELL"	"ROUTINE/COND/COND/TELL"	"<VERB?"	"The east wall is solid granite here."
"1actions.zil"	"74"	"ROUTINE"	"GRANITE-WALL-F"	"TELL"	"ROUTINE/COND/COND/TELL"	"<VERB?"	"It's solid granite."
"1actions.zil"	"77"	"ROUTINE"	"GRANITE-WALL-F"	"TELL"	"ROUTINE/COND/COND/TELL"	"<VERB?"	"It only SAYS ""Granite Wall""."
"1actions.zil"	"78"	"ROUTINE"	"GRANITE-WALL-F"	"TELL"	"ROUTINE/COND/COND/TELL"	"T"	"The wall isn't granite."
"1actions.zil"	"80"	"ROUTINE"	"GRANITE-WALL-F"	"TELL"	"ROUTINE/COND/TELL"	"T"	"There is no granite wall here."
"1actions.zil"	"84"	"ROUTINE"	"SONGBIRD-F"	"TELL"	"ROUTINE/COND/TELL"	"<VERB?"	"The songbird is not here but is probably nearby."
"1actions.zil"	"86"	"ROUTINE"	"SONGBIRD-F"	"TELL"	"ROUTINE/COND/TELL"	"<VERB?"	"You can't hear the songbird now."
"1actions.zil"	"88"	"ROUTINE"	"SONGBIRD-F"	"TELL"	"ROUTINE/COND/TELL"	"<VERB?"	"It can't be followed."
"1actions.zil"	"90"	"ROUTINE"	"SONGBIRD-F"	"TELL"	"ROUTINE/COND/TELL"	"T"	"You can't see any songbird here."
"1actions.zil"	"95"	"ROUTINE"	"WHITE-HOUSE-F"	"TELL"	"ROUTINE/COND/COND/TELL"	"<VERB?"	"Why not find your brains?"
"1actions.zil"	"103"	"ROUTINE"	"WHITE-HOUSE-F"	"TELL"	"ROUTINE/COND/COND/COND/TELL"	"<EQUAL?"	"It seems to be to the west."
"1actions.zil"	"105"	"ROUTINE"	"WHITE-HOUSE-F"	"TELL"	"ROUTINE/COND/COND/COND/TELL"	"T"	"It was here just a minute ago...."
"1actions.zil"	"106"	"ROUTINE"	"WHITE-HOUSE-F"	"TELL"	"ROUTINE/COND/COND/TELL"	"T"	"You're not at the house."
"1actions.zil"	"109"	"ROUTINE"	"WHITE-HOUSE-F"	"TELL"	"ROUTINE/COND/TELL"	"<VERB?"	"It's right here! Are you blind or something?"
"1actions.zil"	"115"	"ROUTINE"	"WHITE-HOUSE-F"	"TELL"	"ROUTINE/COND/TELL"	"<VERB?"	"The house is a beautiful colonial house which is painted white.\nIt is clear that the owners must have been extremely wealthy."
"1actions.zil"	"122"	"ROUTINE"	"WHITE-HOUSE-F"	"TELL"	"ROUTINE/COND/COND/COND/TELL"	"T"	"The window is closed."
"1actions.zil"	"125"	"ROUTINE"	"WHITE-HOUSE-F"	"TELL"	"ROUTINE/COND/COND/TELL"	"T"	"I can't see how to get in from here."
"1actions.zil"	"127"	"ROUTINE"	"WHITE-HOUSE-F"	"TELL"	"ROUTINE/COND/TELL"	"<VERB?"	"You must be joking."
"1actions.zil"	"131"	"ROUTINE"	"GO-NEXT"	"ROUTINE"	"ROUTINE"	"TBL"	"AUX"
"1actions.zil"	"142"	"ROUTINE"	"FOREST-F"	"TELL"	"ROUTINE/COND/COND/TELL"	"<OR"	"You aren't even in the forest."
"1actions.zil"	"145"	"ROUTINE"	"FOREST-F"	"TELL"	"ROUTINE/COND/TELL"	"<VERB?"	"You will have to specify a direction."
"1actions.zil"	"147"	"ROUTINE"	"FOREST-F"	"TELL"	"ROUTINE/COND/TELL"	"<VERB?"	"You cannot see the forest for the trees."
"1actions.zil"	"149"	"ROUTINE"	"FOREST-F"	"TELL"	"ROUTINE/COND/TELL"	"<VERB?"	"The pines and the hemlocks seem to be murmuring."
"1actions.zil"	"154"	"ROUTINE"	"MOUNTAIN-RANGE-F"	"TELL"	"ROUTINE/COND/TELL"	"<VERB?"	"Don't you believe me? The mountains are impassable!"
"1actions.zil"	"157"	"ROUTINE"	"WATER-F"	"ROUTINE"	"ROUTINE"	"""AUX"""	"AUX"
"1actions.zil"	"187"	"ROUTINE"	"WATER-F"	"TELL"	"ROUTINE/COND/COND/TELL"	"<AND"	"There is now a puddle in the bottom of the "
"1actions.zil"	"188"	"ROUTINE"	"WATER-F"	"TELL"	"ROUTINE/COND/COND/TELL"	"<AND"	"."
"1actions.zil"	"192"	"ROUTINE"	"WATER-F"	"TELL"	"ROUTINE/COND/COND/TELL"	"<AND"	"The water leaks out of the "
"1actions.zil"	"193"	"ROUTINE"	"WATER-F"	"TELL"	"ROUTINE/COND/COND/TELL"	"<AND"	" and evaporates immediately."
"1actions.zil"	"197"	"ROUTINE"	"WATER-F"	"TELL"	"ROUTINE/COND/COND/COND/TELL"	"<NOT"	"The bottle is closed."
"1actions.zil"	"201"	"ROUTINE"	"WATER-F"	"TELL"	"ROUTINE/COND/COND/COND/TELL"	"<NOT"	"The bottle is now full of water."
"1actions.zil"	"203"	"ROUTINE"	"WATER-F"	"TELL"	"ROUTINE/COND/COND/COND/TELL"	"T"	"The water slips through your fingers."
"1actions.zil"	"209"	"ROUTINE"	"WATER-F"	"TELL"	"ROUTINE/COND/COND/TELL"	"<AND"	"It's in the bottle. Perhaps you should take that instead."
"1actions.zil"	"211"	"ROUTINE"	"WATER-F"	"TELL"	"ROUTINE/COND/COND/TELL"	"T"	"The water slips through your fingers."
"1actions.zil"	"217"	"ROUTINE"	"WATER-F"	"TELL"	"ROUTINE/COND/COND/TELL"	"ELSE"	"Nice try."
"1actions.zil"	"223"	"ROUTINE"	"WATER-F"	"TELL"	"ROUTINE/COND/COND/TELL"	"<AND"	"The bottle is closed."
"1actions.zil"	"227"	"ROUTINE"	"WATER-F"	"TELL"	"ROUTINE/COND/COND/TELL"	".AV"	"There is now a puddle in the bottom of the "
"1actions.zil"	"228"	"ROUTINE"	"WATER-F"	"TELL"	"ROUTINE/COND/COND/TELL"	".AV"	"."
"1actions.zil"	"232"	"ROUTINE"	"WATER-F"	"TELL"	"ROUTINE/COND/COND/TELL"	"T"	"The water spills to the floor and evaporates immediately."
"1actions.zil"	"236"	"ROUTINE"	"WATER-F"	"TELL"	"ROUTINE/COND/TELL"	"<VERB?"	"The water splashes on the walls and evaporates immediately."
"1actions.zil"	"245"	"ROUTINE"	"KITCHEN-WINDOW-F"	"OPEN-CLOSE"	"ROUTINE/COND/OPEN-CLOSE"	"<VERB?"	"With great effort, you open the window far enough to allow entry."
"1actions.zil"	"246"	"ROUTINE"	"KITCHEN-WINDOW-F"	"OPEN-CLOSE"	"ROUTINE/COND/OPEN-CLOSE"	"<VERB?"	"The window closes (more easily than it opened)."
"1actions.zil"	"250"	"ROUTINE"	"KITCHEN-WINDOW-F"	"TELL"	"ROUTINE/COND/TELL"	"<AND"	"The window is slightly ajar, but not enough to allow entry."
"1actions.zil"	"258"	"ROUTINE"	"KITCHEN-WINDOW-F"	"TELL"	"ROUTINE/COND/TELL"	"<VERB?"	"You can see "
"1actions.zil"	"260"	"ROUTINE"	"KITCHEN-WINDOW-F"	"TELL"	"ROUTINE/COND/COND/TELL"	"<EQUAL?"	"a clear area leading towards a forest."
"1actions.zil"	"262"	"ROUTINE"	"KITCHEN-WINDOW-F"	"TELL"	"ROUTINE/COND/COND/TELL"	"T"	"what appears to be a kitchen."
"1actions.zil"	"266"	"ROUTINE"	"GHOSTS-F"	"TELL"	"ROUTINE/COND/TELL"	"<VERB?"	"The spirits jeer loudly and ignore you."
"1actions.zil"	"269"	"ROUTINE"	"GHOSTS-F"	"TELL"	"ROUTINE/COND/TELL"	"<VERB?"	"Only the ceremony itself has any effect."
"1actions.zil"	"271"	"ROUTINE"	"GHOSTS-F"	"TELL"	"ROUTINE/COND/TELL"	"<AND"	"How can you attack a spirit with material objects?"
"1actions.zil"	"273"	"ROUTINE"	"GHOSTS-F"	"TELL"	"ROUTINE/COND/TELL"	"T"	"You seem unable to interact with these spirits."
"1actions.zil"	"287"	"ROUTINE"	"BASKET-F"	"TELL"	"ROUTINE/COND/COND/TELL"	"T"	"The basket is raised to the top of the shaft."
"1actions.zil"	"296"	"ROUTINE"	"BASKET-F"	"TELL"	"ROUTINE/COND/COND/TELL"	"T"	"The basket is lowered to the bottom of the shaft."
"1actions.zil"	"299"	"ROUTINE"	"BASKET-F"	"TELL"	"ROUTINE/COND/COND/COND/TELL"	"<AND"	"It is now pitch black."
"1actions.zil"	"303"	"ROUTINE"	"BASKET-F"	"TELL"	"ROUTINE/COND/TELL"	"<OR"	"The basket is at the other end of the chain."
"1actions.zil"	"306"	"ROUTINE"	"BASKET-F"	"TELL"	"ROUTINE/COND/TELL"	"<AND"	"The cage is securely fastened to the iron chain."
"1actions.zil"	"314"	"ROUTINE"	"BAT-F"	"TELL"	"ROUTINE/COND/COND/TELL"	"<EQUAL?"	"You can't reach him; he's on the ceiling."
"1actions.zil"	"320"	"ROUTINE"	"FLY-ME"	"TELL"	"ROUTINE/TELL"	""	"The bat grabs you by the scruff of your neck and lifts you away...."
"1actions.zil"	"329"	"ROUTINE"	"FWEEP"	"TELL"	"ROUTINE/REPEAT/COND/TELL"	"T"	"    Fweep!"
"1actions.zil"	"349"	"ROUTINE"	"BELL-F"	"TELL"	"ROUTINE/COND/COND/TELL"	"T"	"Ding, dong."
"1actions.zil"	"353"	"ROUTINE"	"HOT-BELL-F"	"TELL"	"ROUTINE/COND/TELL"	"<VERB?"	"The bell is very hot and cannot be taken."
"1actions.zil"	"356"	"ROUTINE"	"HOT-BELL-F"	"TELL"	"ROUTINE/COND/COND/TELL"	"<FSET?"	"The "
"1actions.zil"	"356"	"ROUTINE"	"HOT-BELL-F"	"TELL"	"ROUTINE/COND/COND/TELL"	"<FSET?"	" burns and is consumed."
"1actions.zil"	"359"	"ROUTINE"	"HOT-BELL-F"	"TELL"	"ROUTINE/COND/COND/TELL"	"<EQUAL?"	"The bell is too hot to touch."
"1actions.zil"	"361"	"ROUTINE"	"HOT-BELL-F"	"TELL"	"ROUTINE/COND/COND/TELL"	"T"	"The heat from the bell is too intense."
"1actions.zil"	"364"	"ROUTINE"	"HOT-BELL-F"	"TELL"	"ROUTINE/COND/TELL"	"<VERB?"	"The water cools the bell and is evaporated."
"1actions.zil"	"368"	"ROUTINE"	"HOT-BELL-F"	"TELL"	"ROUTINE/COND/TELL"	"<VERB?"	"The bell is too hot to reach."
"1actions.zil"	"372"	"ROUTINE"	"BOARDED-WINDOW-FCN"	"TELL"	"ROUTINE/COND/TELL"	"<VERB?"	"The windows are boarded and can't be opened."
"1actions.zil"	"374"	"ROUTINE"	"BOARDED-WINDOW-FCN"	"TELL"	"ROUTINE/COND/TELL"	"<VERB?"	"You can't break the windows open."
"1actions.zil"	"379"	"ROUTINE"	"NAILS-PSEUDO"	"TELL"	"ROUTINE/COND/TELL"	"<VERB?"	"The nails, deeply imbedded in the door, cannot be removed."
"1actions.zil"	"383"	"ROUTINE"	"CRACK-FCN"	"TELL"	"ROUTINE/COND/TELL"	"<VERB?"	"You can't fit through the crack."
"1actions.zil"	"388"	"ROUTINE"	"KITCHEN-FCN"	"TELL"	"ROUTINE/COND/TELL"	"<EQUAL?"	"You are in the kitchen of the white house. A table seems to\nhave been used recently for the preparation of food. A passage\nleads to the west and a dark staircase can be seen leading\nupward. A dark chimney leads down and to the east is a small\nwindow which is "
"1actions.zil"	"394"	"ROUTINE"	"KITCHEN-FCN"	"TELL"	"ROUTINE/COND/COND/TELL"	"<FSET?"	"open."
"1actions.zil"	"396"	"ROUTINE"	"KITCHEN-FCN"	"TELL"	"ROUTINE/COND/COND/TELL"	"T"	"slightly ajar."
"1actions.zil"	"401"	"ROUTINE"	"KITCHEN-FCN"	"TELL"	"ROUTINE/COND/COND/TELL"	"<AND"	"There are no stairs leading down."
"1actions.zil"	"411"	"ROUTINE"	"STONE-BARROW-FCN"	"TELL"	"ROUTINE/COND/TELL"	"<AND"	"Inside the Barrow|\nAs you enter the barrow, the door closes inexorably behind you. Around\nyou it is dark, but ahead is an enormous cavern, brightly lit. Through\nits center runs a wide stream. Spanning the stream is a small wooden\nfootbridge, and beyond a path leads into a dark tunnel. Above the\nbridge, floating in the air, is a large sign. It reads:  All ye who\nstand before this bridge have completed a great and perilous adventure\nwhich has tested your wit and courage. You have mastered"
"1actions.zil"	"420"	"ROUTINE"	"STONE-BARROW-FCN"	"TELL"	"ROUTINE/COND/COND/TELL"	"<EQUAL?"	"\nthe first part of the ZORK trilogy. Those who pass over this bridge must be\nprepared to undertake an even greater adventure that will severely test your\nskill and bravery!|\n|\nThe ZORK trilogy continues with ""ZORK II: The Wizard of Frobozz"" and\nis completed in ""ZORK III: The Dungeon Master."""
"1actions.zil"	"428"	"ROUTINE"	"STONE-BARROW-FCN"	"TELL"	"ROUTINE/COND/COND/TELL"	"T"	"\nZORK: The Great Underground Empire.|"
"1actions.zil"	"434"	"ROUTINE"	"BARROW-DOOR-FCN"	"TELL"	"ROUTINE/COND/TELL"	"<VERB?"	"The door is too heavy."
"1actions.zil"	"445"	"ROUTINE"	"TROPHY-CASE-FCN"	"TELL"	"ROUTINE/COND/TELL"	"<AND"	"The trophy case is securely fastened to the wall."
"1actions.zil"	"449"	"ROUTINE"	"LIVING-ROOM-FCN"	"ROUTINE"	"ROUTINE"	"RARG"	"AUX"
"1actions.zil"	"452"	"ROUTINE"	"LIVING-ROOM-FCN"	"TELL"	"ROUTINE/COND/TELL"	"<EQUAL?"	"You are in the living room. There is a doorway to the east"
"1actions.zil"	"455"	"ROUTINE"	"LIVING-ROOM-FCN"	"TELL"	"ROUTINE/COND/COND/TELL"	",MAGIC-FLAG"	". To the\nwest is a cyclops-shaped opening in an old wooden door, above which is\nsome strange gothic lettering, "
"1actions.zil"	"460"	"ROUTINE"	"LIVING-ROOM-FCN"	"TELL"	"ROUTINE/COND/COND/TELL"	"T"	", a wooden\ndoor with strange gothic lettering to the west, which appears to be\nnailed shut, "
"1actions.zil"	"463"	"ROUTINE"	"LIVING-ROOM-FCN"	"TELL"	"ROUTINE/COND/TELL"	"<EQUAL?"	"a trophy case, "
"1actions.zil"	"467"	"ROUTINE"	"LIVING-ROOM-FCN"	"TELL"	"ROUTINE/COND/COND/TELL"	"<AND"	"and a rug lying beside an open trap door."
"1actions.zil"	"469"	"ROUTINE"	"LIVING-ROOM-FCN"	"TELL"	"ROUTINE/COND/COND/TELL"	".RUG?"	"and a closed trap door at your feet."
"1actions.zil"	"471"	"ROUTINE"	"LIVING-ROOM-FCN"	"TELL"	"ROUTINE/COND/COND/TELL"	"<FSET?"	"and an open trap door at your feet."
"1actions.zil"	"474"	"ROUTINE"	"LIVING-ROOM-FCN"	"TELL"	"ROUTINE/COND/COND/TELL"	"T"	"and a large oriental rug in the center of the room."
"1actions.zil"	"487"	"ROUTINE"	"TOUCH-ALL"	"ROUTINE"	"ROUTINE"	"OBJ"	"AUX"
"1actions.zil"	"496"	"ROUTINE"	"OTVAL-FROB"	"ROUTINE"	"ROUTINE"	"""OPTIONAL"""	"OPTIONAL"
"1actions.zil"	"496"	"ROUTINE"	"OTVAL-FROB"	"ROUTINE"	"ROUTINE"	"""OPTIONAL"""	"AUX"
"1actions.zil"	"511"	"ROUTINE"	"TRAP-DOOR-FCN"	"OPEN-CLOSE"	"ROUTINE/COND/OPEN-CLOSE"	"<AND"	"The door reluctantly opens to reveal a rickety staircase descending into\ndarkness."
"1actions.zil"	"513"	"ROUTINE"	"TRAP-DOOR-FCN"	"OPEN-CLOSE"	"ROUTINE/COND/OPEN-CLOSE"	"<AND"	"The door swings shut and closes."
"1actions.zil"	"517"	"ROUTINE"	"TRAP-DOOR-FCN"	"TELL"	"ROUTINE/COND/COND/TELL"	"<FSET?"	"You see a rickety staircase descending into darkness."
"1actions.zil"	"518"	"ROUTINE"	"TRAP-DOOR-FCN"	"TELL"	"ROUTINE/COND/COND/TELL"	"T"	"It's closed."
"1actions.zil"	"523"	"ROUTINE"	"TRAP-DOOR-FCN"	"TELL"	"ROUTINE/COND/COND/TELL"	"<AND"	"The door is locked from above."
"1actions.zil"	"527"	"ROUTINE"	"TRAP-DOOR-FCN"	"TELL"	"ROUTINE/COND/COND/TELL"	"<AND"	"The door closes and locks."
"1actions.zil"	"534"	"ROUTINE"	"CELLAR-FCN"	"TELL"	"ROUTINE/COND/TELL"	"<EQUAL?"	"You are in a dark and damp cellar with a narrow passageway leading\nnorth, and a crawlway to the south. On the west is the bottom of a\nsteep metal ramp which is unclimbable."
"1actions.zil"	"543"	"ROUTINE"	"CELLAR-FCN"	"TELL"	"ROUTINE/COND/COND/TELL"	"<AND"	"The trap door crashes shut, and you hear someone barring it."
"1actions.zil"	"547"	"ROUTINE"	"CHIMNEY-F"	"TELL"	"ROUTINE/COND/TELL"	"<VERB?"	"The chimney leads "
"1actions.zil"	"549"	"ROUTINE"	"CHIMNEY-F"	"TELL"	"ROUTINE/COND/COND/TELL"	"<==?"	"down"
"1actions.zil"	"550"	"ROUTINE"	"CHIMNEY-F"	"TELL"	"ROUTINE/COND/COND/TELL"	"T"	"up"
"1actions.zil"	"551"	"ROUTINE"	"CHIMNEY-F"	"TELL"	"ROUTINE/COND/TELL"	"<VERB?"	"ward, and looks climbable."
"1actions.zil"	"553"	"ROUTINE"	"UP-CHIMNEY-FUNCTION"	"ROUTINE"	"ROUTINE"	"""AUX"""	"AUX"
"1actions.zil"	"555"	"ROUTINE"	"UP-CHIMNEY-FUNCTION"	"TELL"	"ROUTINE/COND/TELL"	"<NOT"	"Going up empty-handed is a bad idea."
"1actions.zil"	"564"	"ROUTINE"	"UP-CHIMNEY-FUNCTION"	"TELL"	"ROUTINE/COND/TELL"	"T"	"You can't get up there with what you're carrying."
"1actions.zil"	"572"	"ROUTINE"	"TRAP-DOOR-EXIT"	"TELL"	"ROUTINE/COND/COND/TELL"	"T"	"The trap door is closed."
"1actions.zil"	"576"	"ROUTINE"	"TRAP-DOOR-EXIT"	"TELL"	"ROUTINE/COND/TELL"	"T"	"You can't go that way."
"1actions.zil"	"581"	"ROUTINE"	"RUG-FCN"	"TELL"	"ROUTINE/COND/TELL"	"<VERB?"	"The rug is too heavy to lift"
"1actions.zil"	"583"	"ROUTINE"	"RUG-FCN"	"TELL"	"ROUTINE/COND/COND/TELL"	",RUG-MOVED"	"."
"1actions.zil"	"586"	"ROUTINE"	"RUG-FCN"	"TELL"	"ROUTINE/COND/COND/TELL"	"T"	", but in trying to take it you have\nnoticed an irregularity beneath it."
"1actions.zil"	"591"	"ROUTINE"	"RUG-FCN"	"TELL"	"ROUTINE/COND/COND/TELL"	",RUG-MOVED"	"Having moved the carpet previously, you find it impossible to move\nit again."
"1actions.zil"	"595"	"ROUTINE"	"RUG-FCN"	"TELL"	"ROUTINE/COND/COND/TELL"	"T"	"With a great effort, the rug is moved to one side of the room, revealing\nthe dusty cover of a closed trap door."
"1actions.zil"	"602"	"ROUTINE"	"RUG-FCN"	"TELL"	"ROUTINE/COND/TELL"	"<VERB?"	"The rug is extremely heavy and cannot be carried."
"1actions.zil"	"607"	"ROUTINE"	"RUG-FCN"	"TELL"	"ROUTINE/COND/TELL"	"<AND"	"Underneath the rug is a closed trap door. As you drop the corner of the\nrug, the trap door is once again concealed from view."
"1actions.zil"	"613"	"ROUTINE"	"RUG-FCN"	"TELL"	"ROUTINE/COND/COND/TELL"	"<AND"	"As you sit, you notice an irregularity underneath it. Rather than be\nuncomfortable, you stand up again."
"1actions.zil"	"616"	"ROUTINE"	"RUG-FCN"	"TELL"	"ROUTINE/COND/COND/TELL"	"ELSE"	"I suppose you think it's a magic carpet?"
"1actions.zil"	"620"	""	""	""	""	""	"SUBTITLE TROLL"
"1actions.zil"	"634"	"ROUTINE"	"WEAPON-FUNCTION"	"TELL"	"ROUTINE/COND/COND/TELL"	"<IN?"	"The "
"1actions.zil"	"634"	"ROUTINE"	"WEAPON-FUNCTION"	"TELL"	"ROUTINE/COND/COND/TELL"	"<IN?"	" swings it out of your reach."
"1actions.zil"	"637"	"ROUTINE"	"WEAPON-FUNCTION"	"TELL"	"ROUTINE/COND/COND/TELL"	"T"	"The "
"1actions.zil"	"637"	"ROUTINE"	"WEAPON-FUNCTION"	"TELL"	"ROUTINE/COND/COND/TELL"	"T"	" seems white-hot. You can't hold on to it."
"1actions.zil"	"640"	"ROUTINE"	"TROLL-FCN"	"ROUTINE"	"ROUTINE"	"""OPTIONAL"""	"OPTIONAL"
"1actions.zil"	"643"	"ROUTINE"	"TROLL-FCN"	"TELL"	"ROUTINE/COND/TELL"	"<VERB?"	"The troll isn't much of a conversationalist."
"1actions.zil"	"651"	"ROUTINE"	"TROLL-FCN"	"PUTP"	"ROUTINE/COND/COND/PUTP"	"<AND"	"A nasty-looking troll, brandishing a bloody axe, blocks all passages out\nof the room."
"1actions.zil"	"655"	"ROUTINE"	"TROLL-FCN"	"TELL"	"ROUTINE/COND/COND/AND/TELL"	"<AND"	"The troll, angered and humiliated, recovers his weapon. He appears to have\nan axe to grind with you."
"1actions.zil"	"660"	"ROUTINE"	"TROLL-FCN"	"PUTP"	"ROUTINE/COND/COND/PUTP"	"<IN?"	"A pathetically babbling troll is here."
"1actions.zil"	"662"	"ROUTINE"	"TROLL-FCN"	"TELL"	"ROUTINE/COND/COND/TELL"	"<IN?"	"The troll, disarmed, cowers in terror, pleading for his life in\nthe guttural tongue of the trolls."
"1actions.zil"	"678"	"ROUTINE"	"TROLL-FCN"	"PUTP"	"ROUTINE/COND/PUTP"	"<EQUAL?"	"An unconscious troll is sprawled on the floor. All passages\nout of the room are open."
"1actions.zil"	"685"	"ROUTINE"	"TROLL-FCN"	"TELL"	"ROUTINE/COND/COND/TELL"	"<IN?"	"The troll stirs, quickly resuming a fighting stance."
"1actions.zil"	"688"	"ROUTINE"	"TROLL-FCN"	"PUTP"	"ROUTINE/COND/COND/PUTP"	"<IN?"	"A nasty-looking troll, brandishing a bloody axe, blocks\nall passages out of the room."
"1actions.zil"	"695"	"ROUTINE"	"TROLL-FCN"	"PUTP"	"ROUTINE/COND/COND/PUTP"	"<IN?"	"A nasty-looking troll, brandishing a bloody axe, blocks\nall passages out of the room."
"1actions.zil"	"699"	"ROUTINE"	"TROLL-FCN"	"PUTP"	"ROUTINE/COND/COND/PUTP"	"T"	"A troll is here."
"1actions.zil"	"718"	"ROUTINE"	"TROLL-FCN"	"TELL"	"ROUTINE/COND/COND/COND/COND/TELL"	"<AND"	"The troll scratches his head in confusion, then takes the axe."
"1actions.zil"	"724"	"ROUTINE"	"TROLL-FCN"	"TELL"	"ROUTINE/COND/COND/COND/COND/TELL"	"<EQUAL?"	"You would have to get the "
"1actions.zil"	"724"	"ROUTINE"	"TROLL-FCN"	"TELL"	"ROUTINE/COND/COND/COND/COND/TELL"	"<EQUAL?"	" first, and that seems unlikely."
"1actions.zil"	"728"	"ROUTINE"	"TROLL-FCN"	"TELL"	"ROUTINE/COND/COND/COND/COND/TELL"	"<VERB?"	"The troll, who is remarkably coordinated, catches the "
"1actions.zil"	"731"	"ROUTINE"	"TROLL-FCN"	"TELL"	"ROUTINE/COND/COND/COND/COND/TELL"	"T"	"The troll, who is not overly proud, graciously accepts the gift"
"1actions.zil"	"736"	"ROUTINE"	"TROLL-FCN"	"TELL"	"ROUTINE/COND/COND/COND/COND/TELL"	"<AND"	" and eats it hungrily. Poor troll, he dies from an internal hemorrhage\nand his carcass disappears in a sinister black fog."
"1actions.zil"	"744"	"ROUTINE"	"TROLL-FCN"	"TELL"	"ROUTINE/COND/COND/COND/COND/TELL"	"<EQUAL?"	" and, being for the moment sated, throws it back. Fortunately, the\ntroll has poor control, and the "
"1actions.zil"	"745"	"ROUTINE"	"TROLL-FCN"	"TELL"	"ROUTINE/COND/COND/COND/COND/TELL"	"<EQUAL?"	" falls to the floor. He does\nnot look pleased."
"1actions.zil"	"750"	"ROUTINE"	"TROLL-FCN"	"TELL"	"ROUTINE/COND/COND/COND/COND/TELL"	"T"	" and not having the most discriminating tastes, gleefully eats it."
"1actions.zil"	"754"	"ROUTINE"	"TROLL-FCN"	"TELL"	"ROUTINE/COND/COND/COND/TELL"	"<VERB?"	"The troll spits in your face, grunting ""Better luck next time"" in a\nrather barbarous accent."
"1actions.zil"	"758"	"ROUTINE"	"TROLL-FCN"	"TELL"	"ROUTINE/COND/COND/COND/TELL"	"<VERB?"	"The troll laughs at your puny gesture."
"1actions.zil"	"761"	"ROUTINE"	"TROLL-FCN"	"TELL"	"ROUTINE/COND/COND/TELL"	"<VERB?"	"Every so often the troll says something, probably uncomplimentary, in\nhis guttural tongue."
"1actions.zil"	"764"	"ROUTINE"	"TROLL-FCN"	"TELL"	"ROUTINE/COND/COND/TELL"	"<AND"	"Unfortunately, the troll can't hear you."
"1actions.zil"	"768"	""	""	""	""	""	"SUBTITLE GRATING/MAZE"
"1actions.zil"	"779"	"ROUTINE"	"LEAVES-APPEAR"	"TELL"	"ROUTINE/COND/COND/TELL"	"<VERB?"	"In disturbing the pile of leaves, a grating is revealed."
"1actions.zil"	"781"	"ROUTINE"	"LEAVES-APPEAR"	"TELL"	"ROUTINE/COND/COND/TELL"	"T"	"With the leaves moved, a grating is revealed."
"1actions.zil"	"788"	"ROUTINE"	"LEAF-PILE"	"TELL"	"ROUTINE/COND/TELL"	"<VERB?"	"There are 69,105 leaves here."
"1actions.zil"	"794"	"ROUTINE"	"LEAF-PILE"	"TELL"	"ROUTINE/COND/COND/TELL"	"<IN?"	"The leaves burn."
"1actions.zil"	"797"	"ROUTINE"	"LEAF-PILE"	"JIGS-UP"	"ROUTINE/COND/COND/JIGS-UP"	"T"	"The leaves burn, and so do you."
"1actions.zil"	"799"	"ROUTINE"	"LEAF-PILE"	"TELL"	"ROUTINE/COND/TELL"	"<VERB?"	"You rustle the leaves around, making quite a mess."
"1actions.zil"	"804"	"ROUTINE"	"LEAF-PILE"	"TELL"	"ROUTINE/COND/COND/TELL"	"<VERB?"	"Done."
"1actions.zil"	"812"	"ROUTINE"	"LEAF-PILE"	"TELL"	"ROUTINE/COND/TELL"	"<AND"	"Underneath the pile of leaves is a grating. As you release the leaves,\nthe grating is once again concealed from view."
"1actions.zil"	"821"	"ROUTINE"	"CLEARING-FCN"	"TELL"	"ROUTINE/COND/TELL"	"<EQUAL?"	"You are in a clearing, with a forest surrounding you on all sides. A\npath leads south."
"1actions.zil"	"826"	"ROUTINE"	"CLEARING-FCN"	"TELL"	"ROUTINE/COND/COND/TELL"	"<FSET?"	"There is an open grating, descending into darkness."
"1actions.zil"	"830"	"ROUTINE"	"CLEARING-FCN"	"TELL"	"ROUTINE/COND/COND/TELL"	",GRATE-REVEALED"	"There is a grating securely fastened into the ground."
"1actions.zil"	"838"	"ROUTINE"	"MAZE-11-FCN"	"TELL"	"ROUTINE/COND/TELL"	"<EQUAL?"	"You are in a small room near the maze. There are twisty passages\nin the immediate vicinity."
"1actions.zil"	"842"	"ROUTINE"	"MAZE-11-FCN"	"TELL"	"ROUTINE/COND/COND/TELL"	"<FSET?"	"Above you is an open grating with sunlight pouring in."
"1actions.zil"	"844"	"ROUTINE"	"MAZE-11-FCN"	"TELL"	"ROUTINE/COND/COND/TELL"	",GRUNLOCK"	"Above you is a grating."
"1actions.zil"	"847"	"ROUTINE"	"MAZE-11-FCN"	"TELL"	"ROUTINE/COND/COND/TELL"	"T"	"Above you is a grating locked with a skull-and-crossbones lock."
"1actions.zil"	"857"	"ROUTINE"	"GRATE-FUNCTION"	"TELL"	"ROUTINE/COND/COND/TELL"	"<EQUAL?"	"The grate is locked."
"1actions.zil"	"859"	"ROUTINE"	"GRATE-FUNCTION"	"TELL"	"ROUTINE/COND/COND/TELL"	"<EQUAL?"	"You can't lock it from this side."
"1actions.zil"	"863"	"ROUTINE"	"GRATE-FUNCTION"	"TELL"	"ROUTINE/COND/COND/TELL"	"<AND"	"The grate is unlocked."
"1actions.zil"	"866"	"ROUTINE"	"GRATE-FUNCTION"	"TELL"	"ROUTINE/COND/COND/TELL"	"<AND"	"You can't reach the lock from here."
"1actions.zil"	"869"	"ROUTINE"	"GRATE-FUNCTION"	"TELL"	"ROUTINE/COND/COND/TELL"	"T"	"Can you unlock a grating with a "
"1actions.zil"	"869"	"ROUTINE"	"GRATE-FUNCTION"	"TELL"	"ROUTINE/COND/COND/TELL"	"T"	"?"
"1actions.zil"	"871"	"ROUTINE"	"GRATE-FUNCTION"	"TELL"	"ROUTINE/COND/TELL"	"<VERB?"	"You can't pick the lock."
"1actions.zil"	"876"	"ROUTINE"	"GRATE-FUNCTION"	"COND"	"ROUTINE/COND/COND/OPEN-CLOSE/COND"	"<EQUAL?"	"The grating opens."
"1actions.zil"	"878"	"ROUTINE"	"GRATE-FUNCTION"	"COND"	"ROUTINE/COND/COND/OPEN-CLOSE/COND"	"T"	"The grating opens to reveal trees above you."
"1actions.zil"	"879"	"ROUTINE"	"GRATE-FUNCTION"	"OPEN-CLOSE"	"ROUTINE/COND/COND/OPEN-CLOSE"	",GRUNLOCK"	"The grating is closed."
"1actions.zil"	"884"	"ROUTINE"	"GRATE-FUNCTION"	"TELL"	"ROUTINE/COND/COND/COND/COND/TELL"	"<AND"	"A pile of leaves falls onto your head and to the ground."
"1actions.zil"	"889"	"ROUTINE"	"GRATE-FUNCTION"	"TELL"	"ROUTINE/COND/COND/TELL"	"T"	"The grating is locked."
"1actions.zil"	"892"	"ROUTINE"	"GRATE-FUNCTION"	"TELL"	"ROUTINE/COND/COND/TELL"	"<G?"	"It won't fit through the grating."
"1actions.zil"	"896"	"ROUTINE"	"GRATE-FUNCTION"	"TELL"	"ROUTINE/COND/COND/TELL"	"T"	"The "
"1actions.zil"	"896"	"ROUTINE"	"GRATE-FUNCTION"	"TELL"	"ROUTINE/COND/COND/TELL"	"T"	" goes through the grating into the darkness below."
"1actions.zil"	"900"	"ROUTINE"	"MAZE-DIODES"	"TELL"	"ROUTINE/TELL"	""	"You won't be able to get back up to the tunnel you are going through\nwhen it gets to the next room."
"1actions.zil"	"911"	"ROUTINE"	"RUSTY-KNIFE-FCN"	"TELL"	"ROUTINE/COND/AND/TELL"	"<VERB?"	"As you touch the rusty knife, your sword gives a single pulse of blinding\nblue light."
"1actions.zil"	"921"	"ROUTINE"	"RUSTY-KNIFE-FCN"	"JIGS-UP"	"ROUTINE/COND/JIGS-UP"	"<OR"	"As the knife approaches its victim, your mind is submerged by an\novermastering will. Slowly, your hand turns, until the rusty blade\nis an inch from your neck. The knife seems to sing as it savagely\nslits your throat."
"1actions.zil"	"934"	"ROUTINE"	"SKELETON"	"TELL"	"ROUTINE/COND/TELL"	"<VERB?"	"A ghost appears in the room and is appalled at your desecration of\nthe remains of a fellow adventurer. He casts a curse on your valuables\nand banishes them to the Land of the Living Dead. The ghost leaves,\nmuttering obscenities."
"1actions.zil"	"946"	"ROUTINE"	"TORCH-OBJECT"	"TELL"	"ROUTINE/COND/TELL"	"<VERB?"	"The torch is burning."
"1actions.zil"	"949"	"ROUTINE"	"TORCH-OBJECT"	"TELL"	"ROUTINE/COND/TELL"	"<AND"	"The water evaporates before it gets close."
"1actions.zil"	"952"	"ROUTINE"	"TORCH-OBJECT"	"TELL"	"ROUTINE/COND/TELL"	"<AND"	"You nearly burn your hand trying to extinguish the flame."
"1actions.zil"	"956"	""	""	""	""	""	"SUBTITLE MIRROR, MIRROR, ON THE WALL"
"1actions.zil"	"961"	"ROUTINE"	"MIRROR-ROOM"	"TELL"	"ROUTINE/COND/TELL"	"<EQUAL?"	"You are in a large square room with tall ceilings. On the south wall\nis an enormous mirror which fills the entire wall. There are exits\non the other three sides of the room."
"1actions.zil"	"966"	"ROUTINE"	"MIRROR-ROOM"	"TELL"	"ROUTINE/COND/COND/TELL"	",MIRROR-MUNG"	"Unfortunately, the mirror has been destroyed by your recklessness."
"1actions.zil"	"971"	"ROUTINE"	"MIRROR-MIRROR"	"ROUTINE"	"ROUTINE"	"""AUX"""	"AUX"
"1actions.zil"	"975"	"ROUTINE"	"MIRROR-MIRROR"	"TELL"	"ROUTINE/COND/COND/TELL"	"<AND"	"You feel a faint tingling transmitted through the "
"1actions.zil"	"975"	"ROUTINE"	"MIRROR-MIRROR"	"TELL"	"ROUTINE/COND/COND/TELL"	"<AND"	"."
"1actions.zil"	"993"	"ROUTINE"	"MIRROR-MIRROR"	"TELL"	"ROUTINE/COND/TELL"	"<AND"	"There is a rumble from deep within the earth and the room shakes."
"1actions.zil"	"996"	"ROUTINE"	"MIRROR-MIRROR"	"TELL"	"ROUTINE/COND/COND/TELL"	",MIRROR-MUNG"	"The mirror is broken into many pieces."
"1actions.zil"	"998"	"ROUTINE"	"MIRROR-MIRROR"	"TELL"	"ROUTINE/COND/COND/TELL"	"T"	"There is an ugly person staring back at you."
"1actions.zil"	"1002"	"ROUTINE"	"MIRROR-MIRROR"	"TELL"	"ROUTINE/COND/TELL"	"<VERB?"	"The mirror is many times your size. Give up."
"1actions.zil"	"1006"	"ROUTINE"	"MIRROR-MIRROR"	"TELL"	"ROUTINE/COND/COND/TELL"	",MIRROR-MUNG"	"Haven't you done enough damage already?"
"1actions.zil"	"1011"	"ROUTINE"	"MIRROR-MIRROR"	"TELL"	"ROUTINE/COND/COND/TELL"	"T"	"You have broken the mirror. I hope you have a seven years' supply of\ngood luck handy."
"1actions.zil"	"1016"	""	""	""	""	""	"SUBTITLE THE DOME"
"1actions.zil"	"1021"	"ROUTINE"	"TORCH-ROOM-FCN"	"TELL"	"ROUTINE/COND/TELL"	"<EQUAL?"	"This is a large room with a prominent doorway leading to a down\nstaircase. Above you is a large dome. Up around the edge of the\ndome (20 feet up) is a wooden railing. In the center of the room\nsits a white marble pedestal."
"1actions.zil"	"1027"	"ROUTINE"	"TORCH-ROOM-FCN"	"TELL"	"ROUTINE/COND/COND/TELL"	",DOME-FLAG"	"A piece of rope descends from the railing above, ending some\nfive feet above your head."
"1actions.zil"	"1033"	"ROUTINE"	"DOME-ROOM-FCN"	"TELL"	"ROUTINE/COND/TELL"	"<EQUAL?"	"You are at the periphery of a large dome, which forms the ceiling\nof another room below. Protecting you from a precipitous drop is a\nwooden railing which circles the dome."
"1actions.zil"	"1038"	"ROUTINE"	"DOME-ROOM-FCN"	"TELL"	"ROUTINE/COND/COND/TELL"	",DOME-FLAG"	"Hanging down from the railing is a rope which ends about ten feet\nfrom the floor below."
"1actions.zil"	"1043"	"ROUTINE"	"DOME-ROOM-FCN"	"TELL"	"ROUTINE/COND/COND/TELL"	",DEAD"	"As you enter the dome you feel a strong pull as if from a wind\ndrawing you over the railing and down."
"1actions.zil"	"1050"	"ROUTINE"	"DOME-ROOM-FCN"	"JIGS-UP"	"ROUTINE/COND/COND/JIGS-UP"	"<VERB?"	"I'm afraid that the leap you attempted has done you in."
"1actions.zil"	"1056"	""	""	""	""	""	"SUBTITLE LAND OF THE DEAD"
"1actions.zil"	"1061"	"ROUTINE"	"LLD-ROOM"	"TELL"	"ROUTINE/COND/TELL"	"<EQUAL?"	"You are outside a large gateway, on which is inscribed||\n  Abandon every hope\nall ye who enter here!||\nThe gate is open; through it you can see a desolation, with a pile of\nmangled bodies in one corner. Thousands of voices, lamenting some\nhideous fate, can be heard."
"1actions.zil"	"1069"	"ROUTINE"	"LLD-ROOM"	"TELL"	"ROUTINE/COND/COND/TELL"	"<AND"	"The way through the gate is barred by evil spirits, who jeer at your\nattempts to pass."
"1actions.zil"	"1078"	"ROUTINE"	"LLD-ROOM"	"TELL"	"ROUTINE/COND/COND/COND/COND/TELL"	"<AND"	"You must perform the ceremony."
"1actions.zil"	"1081"	"ROUTINE"	"LLD-ROOM"	"TELL"	"ROUTINE/COND/COND/COND/COND/TELL"	"T"	"You aren't equipped for an exorcism."
"1actions.zil"	"1090"	"ROUTINE"	"LLD-ROOM"	"TELL"	"ROUTINE/COND/COND/TELL"	"<AND"	"The bell suddenly becomes red hot and falls to the ground. The\nwraiths, as if paralyzed, stop their jeering and slowly turn to face\nyou. On their ashen faces, the expression of a long-forgotten terror\ntakes shape."
"1actions.zil"	"1096"	"ROUTINE"	"LLD-ROOM"	"TELL"	"ROUTINE/COND/COND/COND/TELL"	"<IN?"	"In your confusion, the candles drop to the ground (and they are out)."
"1actions.zil"	"1107"	"ROUTINE"	"LLD-ROOM"	"TELL"	"ROUTINE/COND/COND/TELL"	"<AND"	"Each word of the prayer reverberates through the hall in a deafening\nconfusion. As the last word fades, a voice, loud and commanding,\nspeaks: ""Begone, fiends!"" A heart-stopping scream fills the cavern,\nand the spirits, sensing a greater power, flee through the walls."
"1actions.zil"	"1121"	"ROUTINE"	"LLD-ROOM"	"TELL"	"ROUTINE/COND/COND/TELL"	"<AND"	"The flames flicker wildly and appear to dance. The earth beneath\nyour feet trembles, and your legs nearly buckle beneath you.\nThe spirits cower at your unearthly power."
"1actions.zil"	"1135"	"ROUTINE"	"I-XB"	"TELL"	"ROUTINE/OR/AND/TELL"	""	"The tension of this ceremony is broken, and the wraiths, amused but\nshaken at your clumsy attempt, resume their hideous jeering."
"1actions.zil"	"1147"	"ROUTINE"	"I-XBH"	"TELL"	"ROUTINE/COND/TELL"	"<EQUAL?"	"The bell appears to have cooled down."
"1actions.zil"	"1151"	""	""	""	""	""	"SUBTITLE FLOOD CONTROL DAM #3"
"1actions.zil"	"1159"	"ROUTINE"	"DAM-ROOM-FCN"	"TELL"	"ROUTINE/COND/TELL"	"<EQUAL?"	"You are standing on the top of the Flood Control Dam #3, which was\nquite a tourist attraction in times far distant. There are paths to\nthe north, south, and west, and a scramble down."
"1actions.zil"	"1164"	"ROUTINE"	"DAM-ROOM-FCN"	"TELL"	"ROUTINE/COND/COND/TELL"	"<AND"	"The water level behind the dam is low: The sluice gates have been\nopened. Water rushes through the dam and downstream."
"1actions.zil"	"1168"	"ROUTINE"	"DAM-ROOM-FCN"	"TELL"	"ROUTINE/COND/COND/TELL"	",GATES-OPEN"	"The sluice gates are open, and water rushes through the dam. The\nwater level behind the dam is still high."
"1actions.zil"	"1172"	"ROUTINE"	"DAM-ROOM-FCN"	"TELL"	"ROUTINE/COND/COND/TELL"	",LOW-TIDE"	"The sluice gates are closed. The water level in the reservoir is\nquite low, but the level is rising quickly."
"1actions.zil"	"1176"	"ROUTINE"	"DAM-ROOM-FCN"	"TELL"	"ROUTINE/COND/COND/TELL"	"T"	"The sluice gates on the dam are closed. Behind the dam, there can be\nseen a wide reservoir. Water is pouring over the top of the now\nabandoned dam."
"1actions.zil"	"1180"	"ROUTINE"	"DAM-ROOM-FCN"	"TELL"	"ROUTINE/COND/TELL"	"<EQUAL?"	"There is a control panel here, on which a large metal bolt is mounted.\nDirectly above the bolt is a small green plastic bubble"
"1actions.zil"	"1183"	"ROUTINE"	"DAM-ROOM-FCN"	"TELL"	"ROUTINE/COND/COND/TELL"	",GATE-FLAG"	" which is\nglowing serenely"
"1actions.zil"	"1185"	"ROUTINE"	"DAM-ROOM-FCN"	"TELL"	"ROUTINE/COND/TELL"	"<EQUAL?"	"."
"1actions.zil"	"1196"	"ROUTINE"	"BOLT-F"	"TELL"	"ROUTINE/COND/COND/COND/COND/TELL"	",GATES-OPEN"	"The sluice gates close and water starts to collect behind the dam."
"1actions.zil"	"1203"	"ROUTINE"	"BOLT-F"	"TELL"	"ROUTINE/COND/COND/COND/COND/TELL"	"T"	"The sluice gates open and water pours through the dam."
"1actions.zil"	"1208"	"ROUTINE"	"BOLT-F"	"TELL"	"ROUTINE/COND/COND/COND/TELL"	"T"	"The bolt won't turn with your best effort."
"1actions.zil"	"1211"	"ROUTINE"	"BOLT-F"	"TELL"	"ROUTINE/COND/COND/TELL"	"ELSE"	"The bolt won't turn using the "
"1actions.zil"	"1211"	"ROUTINE"	"BOLT-F"	"TELL"	"ROUTINE/COND/COND/TELL"	"ELSE"	"."
"1actions.zil"	"1216"	"ROUTINE"	"BOLT-F"	"TELL"	"ROUTINE/COND/TELL"	"<VERB?"	"Hmm. It appears the tube contained glue, not oil. Turning the bolt\nwon't get any easier...."
"1actions.zil"	"1224"	"ROUTINE"	"INTEGRAL-PART"	"TELL"	"ROUTINE/TELL"	""	"It is an integral part of the control panel."
"1actions.zil"	"1237"	"ROUTINE"	"I-RFILL"	"TELL"	"ROUTINE/COND/COND/TELL"	"<FSET?"	"The boat lifts gently out of the mud and is now floating on\nthe reservoir."
"1actions.zil"	"1241"	"ROUTINE"	"I-RFILL"	"JIGS-UP"	"ROUTINE/COND/COND/JIGS-UP"	"T"	"You are lifted up by the rising river! You try to swim, but the\ncurrents are too strong. You come closer, closer to the awesome\nstructure of Flood Control Dam #3. The dam beckons to you.\nThe roar of the water nearly deafens you, but you remain conscious\nas you tumble over the dam toward your certain doom among the rocks\nat its base."
"1actions.zil"	"1249"	"ROUTINE"	"I-RFILL"	"TELL"	"ROUTINE/COND/TELL"	"<EQUAL?"	"A sound, like that of flowing water, starts to come from below."
"1actions.zil"	"1252"	"ROUTINE"	"I-RFILL"	"TELL"	"ROUTINE/COND/TELL"	"<EQUAL?"	"All of a sudden, an alarmingly loud roaring sound fills the room.\nFilled with fear, you scramble away."
"1actions.zil"	"1257"	"ROUTINE"	"I-RFILL"	"TELL"	"ROUTINE/COND/TELL"	"<EQUAL?"	"You notice that the water level has risen to the point that it\nis impossible to cross."
"1actions.zil"	"1273"	"ROUTINE"	"I-REMPTY"	"TELL"	"ROUTINE/COND/TELL"	"<AND"	"The water level has dropped to the point at which the boat can no\nlonger stay afloat. It sinks into the mud."
"1actions.zil"	"1277"	"ROUTINE"	"I-REMPTY"	"TELL"	"ROUTINE/COND/TELL"	"<EQUAL?"	"The roar of rushing water is quieter now."
"1actions.zil"	"1280"	"ROUTINE"	"I-REMPTY"	"TELL"	"ROUTINE/COND/TELL"	"<EQUAL?"	"The water level is now quite low here and you could easily cross over\nto the other side."
"1actions.zil"	"1285"	"GLOBAL"	"DROWNINGS"	"TABLE"	"GLOBAL/TABLE"	""	"up to your ankles."
"1actions.zil"	"1286"	"GLOBAL"	"DROWNINGS"	"TABLE"	"GLOBAL/TABLE"	""	"up to your shin."
"1actions.zil"	"1287"	"GLOBAL"	"DROWNINGS"	"TABLE"	"GLOBAL/TABLE"	""	"up to your knees."
"1actions.zil"	"1288"	"GLOBAL"	"DROWNINGS"	"TABLE"	"GLOBAL/TABLE"	""	"up to your hips."
"1actions.zil"	"1289"	"GLOBAL"	"DROWNINGS"	"TABLE"	"GLOBAL/TABLE"	""	"up to your waist."
"1actions.zil"	"1290"	"GLOBAL"	"DROWNINGS"	"TABLE"	"GLOBAL/TABLE"	""	"up to your chest."
"1actions.zil"	"1291"	"GLOBAL"	"DROWNINGS"	"TABLE"	"GLOBAL/TABLE"	""	"up to your neck."
"1actions.zil"	"1292"	"GLOBAL"	"DROWNINGS"	"TABLE"	"GLOBAL/TABLE"	""	"over your head."
"1actions.zil"	"1293"	"GLOBAL"	"DROWNINGS"	"TABLE"	"GLOBAL/TABLE"	""	"high in your lungs."
"1actions.zil"	"1300"	"ROUTINE"	"BUTTON-F"	"TELL"	"ROUTINE/COND/TELL"	"<VERB?"	"They're greek to you."
"1actions.zil"	"1306"	"ROUTINE"	"BUTTON-F"	"TELL"	"ROUTINE/COND/COND/COND/TELL"	"<0?"	"There is a rumbling sound and a stream of water appears to burst\nfrom the east wall of the room (apparently, a leak has occurred in a\npipe)."
"1actions.zil"	"1314"	"ROUTINE"	"BUTTON-F"	"TELL"	"ROUTINE/COND/COND/COND/TELL"	"T"	"The blue button appears to be jammed."
"1actions.zil"	"1316"	"ROUTINE"	"BUTTON-F"	"TELL"	"ROUTINE/COND/COND/TELL"	"<EQUAL?"	"The lights within the room "
"1actions.zil"	"1319"	"ROUTINE"	"BUTTON-F"	"TELL"	"ROUTINE/COND/COND/COND/TELL"	"<FSET?"	"shut off."
"1actions.zil"	"1322"	"ROUTINE"	"BUTTON-F"	"TELL"	"ROUTINE/COND/COND/COND/TELL"	"T"	"come on."
"1actions.zil"	"1326"	"ROUTINE"	"BUTTON-F"	"TELL"	"ROUTINE/COND/COND/TELL"	"<EQUAL?"	"Click."
"1actions.zil"	"1330"	"ROUTINE"	"BUTTON-F"	"TELL"	"ROUTINE/COND/COND/TELL"	"<EQUAL?"	"Click."
"1actions.zil"	"1334"	"ROUTINE"	"TOOL-CHEST-FCN"	"TELL"	"ROUTINE/COND/TELL"	"<VERB?"	"The chests are all empty."
"1actions.zil"	"1338"	"ROUTINE"	"TOOL-CHEST-FCN"	"TELL"	"ROUTINE/COND/TELL"	"<VERB?"	"The chests are so rusty and corroded that they crumble when you\ntouch them."
"1actions.zil"	"1341"	"ROUTINE"	"TOOL-CHEST-FCN"	"TELL"	"ROUTINE/COND/TELL"	"<VERB?"	"The chests are already open."
"1actions.zil"	"1343"	"ROUTINE"	"I-MAINT-ROOM"	"ROUTINE"	"ROUTINE"	"""AUX"""	"AUX"
"1actions.zil"	"1345"	"ROUTINE"	"I-MAINT-ROOM"	"TELL"	"ROUTINE/COND/TELL"	".HERE?"	"The water level here is now "
"1actions.zil"	"1350"	"ROUTINE"	"I-MAINT-ROOM"	"MUNG-ROOM"	"ROUTINE/COND/MUNG-ROOM"	"<NOT"	"The room is full of water and cannot be entered."
"1actions.zil"	"1354"	"ROUTINE"	"I-MAINT-ROOM"	"JIGS-UP"	"ROUTINE/COND/COND/JIGS-UP"	".HERE?"	"I'm afraid you have done drowned yourself."
"1actions.zil"	"1358"	"ROUTINE"	"I-MAINT-ROOM"	"JIGS-UP"	"ROUTINE/COND/JIGS-UP"	"<AND"	"The rising water carries the boat over the dam, down the river, and over\nthe falls. Tsk, tsk."
"1actions.zil"	"1376"	"ROUTINE"	"FIX-MAINT-LEAK"	"TELL"	"ROUTINE/TELL"	""	"By some miracle of Zorkian technology, you have managed to stop the\nleak in the dam."
"1actions.zil"	"1384"	"ROUTINE"	"PUTTY-FCN"	"TELL"	"ROUTINE/COND/TELL"	"<OR"	"The all-purpose gunk isn't a lubricant."
"1actions.zil"	"1389"	"ROUTINE"	"TUBE-FUNCTION"	"TELL"	"ROUTINE/COND/TELL"	"<AND"	"The tube refuses to accept anything."
"1actions.zil"	"1394"	"ROUTINE"	"TUBE-FUNCTION"	"TELL"	"ROUTINE/COND/COND/TELL"	"<AND"	"The viscous material oozes into your hand."
"1actions.zil"	"1396"	"ROUTINE"	"TUBE-FUNCTION"	"TELL"	"ROUTINE/COND/COND/TELL"	"<FSET?"	"The tube is apparently empty."
"1actions.zil"	"1398"	"ROUTINE"	"TUBE-FUNCTION"	"TELL"	"ROUTINE/COND/COND/TELL"	"T"	"The tube is closed."
"1actions.zil"	"1402"	"ROUTINE"	"DAM-FUNCTION"	"TELL"	"ROUTINE/COND/TELL"	"<VERB?"	"Sounds reasonable, but this isn't how."
"1actions.zil"	"1406"	"ROUTINE"	"DAM-FUNCTION"	"TELL"	"ROUTINE/COND/COND/TELL"	"<EQUAL?"	"Are you the little Dutch boy, then? Sorry, this is a big dam."
"1actions.zil"	"1409"	"ROUTINE"	"DAM-FUNCTION"	"TELL"	"ROUTINE/COND/COND/TELL"	"T"	"With a "
"1actions.zil"	"1409"	"ROUTINE"	"DAM-FUNCTION"	"TELL"	"ROUTINE/COND/COND/TELL"	"T"	"? Do you know how big this dam is? You could only\nstop a tiny leak with that."
"1actions.zil"	"1413"	"ROUTINE"	"WITH-TELL"	"TELL"	"ROUTINE/TELL"	""	"With a "
"1actions.zil"	"1413"	"ROUTINE"	"WITH-TELL"	"TELL"	"ROUTINE/TELL"	""	"?"
"1actions.zil"	"1419"	"ROUTINE"	"RESERVOIR-SOUTH-FCN"	"TELL"	"ROUTINE/COND/COND/TELL"	"<AND"	"You are in a long room, to the north of which was formerly a lake.\nHowever, with the water level lowered, there is merely a wide stream\nrunning through the center of the room."
"1actions.zil"	"1424"	"ROUTINE"	"RESERVOIR-SOUTH-FCN"	"TELL"	"ROUTINE/COND/COND/TELL"	",GATES-OPEN"	"You are in a long room. To the north is a large lake, too deep\nto cross. You notice, however, that the water level appears to be\ndropping at a rapid rate. Before long, it might be possible to cross\nto the other side from here."
"1actions.zil"	"1430"	"ROUTINE"	"RESERVOIR-SOUTH-FCN"	"TELL"	"ROUTINE/COND/COND/TELL"	",LOW-TIDE"	"You are in a long room, to the north of which is a wide area which\nwas formerly a reservoir, but now is merely a stream. You notice,\nhowever, that the level of the stream is rising quickly and that\nbefore long it will be impossible to cross here."
"1actions.zil"	"1436"	"ROUTINE"	"RESERVOIR-SOUTH-FCN"	"TELL"	"ROUTINE/COND/COND/TELL"	"T"	"You are in a long room on the south shore of a large lake, far\ntoo deep and wide for crossing."
"1actions.zil"	"1440"	"ROUTINE"	"RESERVOIR-SOUTH-FCN"	"TELL"	"ROUTINE/COND/TELL"	"<EQUAL?"	"There is a path along the stream to the east or west, a steep pathway\nclimbing southwest along the edge of a chasm, and a path leading into a\ncanyon to the southeast."
"1actions.zil"	"1450"	"ROUTINE"	"RESERVOIR-FCN"	"TELL"	"ROUTINE/COND/TELL"	"<AND"	"You notice that the water level here is rising rapidly. The currents\nare also becoming stronger. Staying here seems quite perilous!"
"1actions.zil"	"1455"	"ROUTINE"	"RESERVOIR-FCN"	"TELL"	"ROUTINE/COND/COND/TELL"	",LOW-TIDE"	"You are on what used to be a large lake, but which is now a large\nmud pile. There are ""shores"" to the north and south."
"1actions.zil"	"1459"	"ROUTINE"	"RESERVOIR-FCN"	"TELL"	"ROUTINE/COND/COND/TELL"	"T"	"You are on the lake. Beaches can be seen north and south.\nUpstream a small stream enters the lake through a narrow cleft\nin the rocks. The dam can be seen downstream."
"1actions.zil"	"1468"	"ROUTINE"	"RESERVOIR-NORTH-FCN"	"TELL"	"ROUTINE/COND/COND/TELL"	"<AND"	"You are in a large cavernous room, the south of which was formerly\na lake. However, with the water level lowered, there is merely\na wide stream running through there."
"1actions.zil"	"1473"	"ROUTINE"	"RESERVOIR-NORTH-FCN"	"TELL"	"ROUTINE/COND/COND/TELL"	",GATES-OPEN"	"You are in a large cavernous area. To the south is a wide lake,\nwhose water level appears to be falling rapidly."
"1actions.zil"	"1477"	"ROUTINE"	"RESERVOIR-NORTH-FCN"	"TELL"	"ROUTINE/COND/COND/TELL"	",LOW-TIDE"	"You are in a cavernous area, to the south of which is a very wide\nstream. The level of the stream is rising rapidly, and it appears\nthat before long it will be impossible to cross to the other side."
"1actions.zil"	"1482"	"ROUTINE"	"RESERVOIR-NORTH-FCN"	"TELL"	"ROUTINE/COND/COND/TELL"	"T"	"You are in a large cavernous room, north of a large lake."
"1actions.zil"	"1485"	"ROUTINE"	"RESERVOIR-NORTH-FCN"	"TELL"	"ROUTINE/COND/TELL"	"<EQUAL?"	"There is a slimy stairway leaving the room to the north."
"1actions.zil"	"1489"	""	""	""	""	""	"SUBTITLE WATER, WATER EVERYWHERE..."
"1actions.zil"	"1491"	"ROUTINE"	"BOTTLE-FUNCTION"	"ROUTINE"	"ROUTINE"	"""AUX"""	"AUX"
"1actions.zil"	"1495"	"ROUTINE"	"BOTTLE-FUNCTION"	"TELL"	"ROUTINE/COND/TELL"	"<AND"	"The bottle hits the far wall and shatters."
"1actions.zil"	"1499"	"ROUTINE"	"BOTTLE-FUNCTION"	"TELL"	"ROUTINE/COND/TELL"	"<VERB?"	"A brilliant maneuver destroys the bottle."
"1actions.zil"	"1504"	"ROUTINE"	"BOTTLE-FUNCTION"	"TELL"	"ROUTINE/COND/TELL"	"<AND"	"The water spills to the floor and evaporates."
"1actions.zil"	"1511"	""	""	""	""	""	"SUBTITLE CYCLOPS"
"1actions.zil"	"1515"	"ROUTINE"	"CYCLOPS-FCN"	"ROUTINE"	"ROUTINE"	"""AUX"""	"AUX"
"1actions.zil"	"1519"	"ROUTINE"	"CYCLOPS-FCN"	"TELL"	"ROUTINE/COND/COND/TELL"	",CYCLOPS-FLAG"	"No use talking to him. He's fast asleep."
"1actions.zil"	"1526"	"ROUTINE"	"CYCLOPS-FCN"	"TELL"	"ROUTINE/COND/COND/TELL"	"ELSE"	"The cyclops prefers eating to making conversation."
"1actions.zil"	"1530"	"ROUTINE"	"CYCLOPS-FCN"	"TELL"	"ROUTINE/COND/COND/TELL"	"<VERB?"	"The cyclops is sleeping like a baby, albeit a very ugly one."
"1actions.zil"	"1533"	"ROUTINE"	"CYCLOPS-FCN"	"TELL"	"ROUTINE/COND/COND/TELL"	"<VERB?"	"The cyclops yawns and stares at the thing that woke him up."
"1actions.zil"	"1542"	"ROUTINE"	"CYCLOPS-FCN"	"TELL"	"ROUTINE/COND/TELL"	"<VERB?"	"A hungry cyclops is standing at the foot of the stairs."
"1actions.zil"	"1548"	"ROUTINE"	"CYCLOPS-FCN"	"TELL"	"ROUTINE/COND/COND/COND/TELL"	"<NOT"	"The cyclops says ""Mmm Mmm. I love hot peppers! But oh, could I use\na drink. Perhaps I could drink the blood of that thing.""  From the\ngleam in his eye, it could be surmised that you are ""that thing""."
"1actions.zil"	"1562"	"ROUTINE"	"CYCLOPS-FCN"	"TELL"	"ROUTINE/COND/COND/COND/TELL"	"<L?"	"The cyclops takes the bottle, checks that it's open, and drinks the water.\nA moment later, he lets out a yawn that nearly blows you over, and then\nfalls fast asleep (what did you put in that drink, anyway?)."
"1actions.zil"	"1568"	"ROUTINE"	"CYCLOPS-FCN"	"TELL"	"ROUTINE/COND/COND/COND/TELL"	"T"	"The cyclops apparently is not thirsty and refuses your generous offer."
"1actions.zil"	"1571"	"ROUTINE"	"CYCLOPS-FCN"	"TELL"	"ROUTINE/COND/COND/TELL"	"<EQUAL?"	"The cyclops may be hungry, but there is a limit."
"1actions.zil"	"1574"	"ROUTINE"	"CYCLOPS-FCN"	"TELL"	"ROUTINE/COND/COND/TELL"	"T"	"The cyclops is not so stupid as to eat THAT!"
"1actions.zil"	"1579"	"ROUTINE"	"CYCLOPS-FCN"	"TELL"	"ROUTINE/COND/COND/TELL"	"<VERB?"	"""Do you think I'm as stupid as my father was?"", he says, dodging."
"1actions.zil"	"1582"	"ROUTINE"	"CYCLOPS-FCN"	"TELL"	"ROUTINE/COND/COND/TELL"	"T"	"The cyclops shrugs but otherwise ignores your pitiful attempt."
"1actions.zil"	"1588"	"ROUTINE"	"CYCLOPS-FCN"	"TELL"	"ROUTINE/COND/TELL"	"<VERB?"	"The cyclops doesn't take kindly to being grabbed."
"1actions.zil"	"1591"	"ROUTINE"	"CYCLOPS-FCN"	"TELL"	"ROUTINE/COND/TELL"	"<VERB?"	"You cannot tie the cyclops, though he is fit to be tied."
"1actions.zil"	"1594"	"ROUTINE"	"CYCLOPS-FCN"	"TELL"	"ROUTINE/COND/TELL"	"<VERB?"	"You can hear his stomach rumbling."
"1actions.zil"	"1604"	"ROUTINE"	"I-CYCLOPS"	"JIGS-UP"	"ROUTINE/COND/COND/JIGS-UP"	"<G?"	"The cyclops, tired of all of your games and trickery, grabs you firmly.\nAs he licks his chops, he says ""Mmm. Just like Mom used to make 'em.""\nIt's nice to be appreciated."
"1actions.zil"	"1619"	"ROUTINE"	"CYCLOPS-ROOM-FCN"	"TELL"	"ROUTINE/COND/TELL"	"<EQUAL?"	"This room has an exit on the northwest, and a staircase leading up."
"1actions.zil"	"1622"	"ROUTINE"	"CYCLOPS-ROOM-FCN"	"TELL"	"ROUTINE/COND/COND/TELL"	"<AND"	"The cyclops is sleeping blissfully at the foot of the stairs."
"1actions.zil"	"1625"	"ROUTINE"	"CYCLOPS-ROOM-FCN"	"TELL"	"ROUTINE/COND/COND/TELL"	",MAGIC-FLAG"	"The east wall, previously solid, now has a cyclops-sized opening in it."
"1actions.zil"	"1628"	"ROUTINE"	"CYCLOPS-ROOM-FCN"	"TELL"	"ROUTINE/COND/COND/TELL"	"<0?"	"A cyclops, who looks prepared to eat horses (much less mere\nadventurers), blocks the staircase. From his state of health, and\nthe bloodstains on the walls, you gather that he is not very\nfriendly, though he likes people."
"1actions.zil"	"1634"	"ROUTINE"	"CYCLOPS-ROOM-FCN"	"TELL"	"ROUTINE/COND/COND/TELL"	"<G?"	"The cyclops is standing in the corner, eyeing you closely. I don't\nthink he likes you very much. He looks extremely hungry, even for a\ncyclops."
"1actions.zil"	"1639"	"ROUTINE"	"CYCLOPS-ROOM-FCN"	"TELL"	"ROUTINE/COND/COND/TELL"	"<L?"	"The cyclops, having eaten the hot peppers, appears to be gasping.\nHis enflamed tongue protrudes from his man-sized mouth."
"1actions.zil"	"1646"	"GLOBAL"	"CYCLOMAD"	"TABLE"	"GLOBAL/TABLE"	""	"The cyclops seems somewhat agitated."
"1actions.zil"	"1647"	"GLOBAL"	"CYCLOMAD"	"TABLE"	"GLOBAL/TABLE"	""	"The cyclops appears to be getting more agitated."
"1actions.zil"	"1648"	"GLOBAL"	"CYCLOMAD"	"TABLE"	"GLOBAL/TABLE"	""	"The cyclops is moving about the room, looking for something."
"1actions.zil"	"1649"	"GLOBAL"	"CYCLOMAD"	"TABLE"	"GLOBAL/TABLE"	""	"The cyclops was looking for salt and pepper. No doubt they are\ncondiments for his upcoming snack."
"1actions.zil"	"1651"	"GLOBAL"	"CYCLOMAD"	"TABLE"	"GLOBAL/TABLE"	""	"The cyclops is moving toward you in an unfriendly manner."
"1actions.zil"	"1652"	"GLOBAL"	"CYCLOMAD"	"TABLE"	"GLOBAL/TABLE"	""	"You have two choices: 1. Leave  2. Become dinner."
"1actions.zil"	"1656"	""	""	""	""	""	"SUBTITLE LOUD LOUD LOUD"
"1actions.zil"	"1660"	"ROUTINE"	"LOUD-ROOM-FCN"	"ROUTINE"	"ROUTINE"	"RARG"	"AUX"
"1actions.zil"	"1663"	"ROUTINE"	"LOUD-ROOM-FCN"	"TELL"	"ROUTINE/COND/TELL"	"<EQUAL?"	"This is a large room with a ceiling which cannot be detected from\nthe ground. There is a narrow passage from east to west and a stone\nstairway leading upward."
"1actions.zil"	"1668"	"ROUTINE"	"LOUD-ROOM-FCN"	"TELL"	"ROUTINE/COND/COND/TELL"	"<OR"	" The room is eerie in its quietness."
"1actions.zil"	"1670"	"ROUTINE"	"LOUD-ROOM-FCN"	"TELL"	"ROUTINE/COND/COND/TELL"	"T"	" The room is deafeningly loud with an\nundetermined rushing sound. The sound seems to reverberate from all\nof the walls, making it difficult even to think."
"1actions.zil"	"1676"	"ROUTINE"	"LOUD-ROOM-FCN"	"TELL"	"ROUTINE/COND/TELL"	"<AND"	"It is unbearably loud here, with an ear-splitting roar seeming to\ncome from all around you. There is a pounding in your head which won't\nstop. With a tremendous effort, you scramble out of the room."
"1actions.zil"	"1691"	"ROUTINE"	"LOUD-ROOM-FCN"	"TELL"	"ROUTINE/COND/COND/COND/TELL"	",P-CONT"	"The rest of your commands have been lost in the noise."
"1actions.zil"	"1695"	"ROUTINE"	"LOUD-ROOM-FCN"	"TELL"	"ROUTINE/COND/COND/REPEAT/TELL"	"T"	">"
"1actions.zil"	"1698"	"ROUTINE"	"LOUD-ROOM-FCN"	"TELL"	"ROUTINE/COND/COND/REPEAT/COND/TELL"	"<0?"	"I beg your pardon?"
"1actions.zil"	"1718"	"ROUTINE"	"LOUD-ROOM-FCN"	"TELL"	"ROUTINE/COND/COND/REPEAT/COND/TELL"	"<EQUAL?"	"That's only your opinion."
"1actions.zil"	"1723"	"ROUTINE"	"LOUD-ROOM-FCN"	"TELL"	"ROUTINE/COND/COND/REPEAT/COND/TELL"	"<EQUAL?"	"The acoustics of the room change subtly."
"1actions.zil"	"1733"	"ROUTINE"	"DEEP-CANYON-F"	"TELL"	"ROUTINE/COND/TELL"	"<EQUAL?"	"You are on the south edge of a deep canyon. Passages lead off to the\neast, northwest and southwest. A stairway leads down."
"1actions.zil"	"1737"	"ROUTINE"	"DEEP-CANYON-F"	"TELL"	"ROUTINE/COND/COND/TELL"	"<AND"	" You can hear a loud roaring sound, like that of rushing water, from\nbelow."
"1actions.zil"	"1744"	"ROUTINE"	"DEEP-CANYON-F"	"TELL"	"ROUTINE/COND/COND/TELL"	"T"	" You can hear the sound of flowing water from below."
"1actions.zil"	"1752"	""	""	""	""	""	"SUBTITLE A SEEDY LOOKING GENTLEMAN..."
"1actions.zil"	"1760"	""	""	""	""	""	"SUBTITLE THINGS THIEF MIGHT DO"
"1actions.zil"	"1762"	""	""	""	""	""	"INTERACTION WITH ADVENTURER -- RETURNS T IF THIEF FINISHED."
"1actions.zil"	"1764"	"ROUTINE"	"THIEF-VS-ADVENTURER"	"ROUTINE"	"ROUTINE"	"HERE?"	"AUX"
"1actions.zil"	"1771"	"ROUTINE"	"THIEF-VS-ADVENTURER"	"TELL"	"ROUTINE/COND/COND/COND/TELL"	"<IN?"	"Someone carrying a large bag is casually leaning against one of the\nwalls here. He does not speak, but it is clear from his aspect that\nthe bag will be taken only over his dead body."
"1actions.zil"	"1789"	"ROUTINE"	"THIEF-VS-ADVENTURER"	"TELL"	"ROUTINE/COND/COND/TELL"	"<AND"	"Your opponent, determining discretion to be the better part of\nvalor, decides to terminate this little contretemps. With a rueful\nnod of his head, he steps backward into the gloom and disappears."
"1actions.zil"	"1800"	"ROUTINE"	"THIEF-VS-ADVENTURER"	"TELL"	"ROUTINE/COND/COND/TELL"	"<AND"	"The holder of the large bag just left, looking disgusted.\nFortunately, he took nothing."
"1actions.zil"	"1814"	"ROUTINE"	"THIEF-VS-ADVENTURER"	"TELL"	"ROUTINE/COND/COND/COND/TELL"	"<AND"	"A seedy-looking individual with a large bag just wandered through\nthe room. On the way through, he quietly abstracted some valuables from "
"1actions.zil"	"1817"	"ROUTINE"	"THIEF-VS-ADVENTURER"	"TELL"	"ROUTINE/COND/COND/COND/COND/TELL"	"<EQUAL?"	"the room"
"1actions.zil"	"1819"	"ROUTINE"	"THIEF-VS-ADVENTURER"	"TELL"	"ROUTINE/COND/COND/COND/COND/TELL"	"ELSE"	"your possession"
"1actions.zil"	"1820"	"ROUTINE"	"THIEF-VS-ADVENTURER"	"TELL"	"ROUTINE/COND/COND/COND/TELL"	"<AND"	", mumbling something about\n""Doing unto others before..."""
"1actions.zil"	"1827"	"ROUTINE"	"THIEF-VS-ADVENTURER"	"TELL"	"ROUTINE/COND/COND/COND/COND/TELL"	".ROBBED?"	"The thief just left, still carrying his large bag. You may\nnot have noticed that he "
"1actions.zil"	"1831"	"ROUTINE"	"THIEF-VS-ADVENTURER"	"TELL"	"ROUTINE/COND/COND/COND/COND/COND/TELL"	"<EQUAL?"	"robbed you blind first."
"1actions.zil"	"1834"	"ROUTINE"	"THIEF-VS-ADVENTURER"	"TELL"	"ROUTINE/COND/COND/COND/COND/COND/TELL"	"T"	"appropriated the valuables in the room."
"1actions.zil"	"1839"	"ROUTINE"	"THIEF-VS-ADVENTURER"	"TELL"	"ROUTINE/COND/COND/COND/COND/TELL"	"T"	"The thief, finding nothing of value, left disgusted."
"1actions.zil"	"1845"	"ROUTINE"	"THIEF-VS-ADVENTURER"	"TELL"	"ROUTINE/COND/COND/COND/TELL"	"T"	"A ""lean and hungry"" gentleman just wandered through, carrying a\nlarge bag. Finding nothing of value, he left disgruntled."
"1actions.zil"	"1857"	"ROUTINE"	"THIEF-VS-ADVENTURER"	"TELL"	"ROUTINE/COND/COND/COND/COND/TELL"	".ROBBED?"	"The thief just left, still carrying his large bag. You may\nnot have noticed that he "
"1actions.zil"	"1861"	"ROUTINE"	"THIEF-VS-ADVENTURER"	"TELL"	"ROUTINE/COND/COND/COND/COND/COND/TELL"	"<EQUAL?"	"robbed you blind first."
"1actions.zil"	"1864"	"ROUTINE"	"THIEF-VS-ADVENTURER"	"TELL"	"ROUTINE/COND/COND/COND/COND/COND/TELL"	"T"	"appropriated the valuables in the room."
"1actions.zil"	"1869"	"ROUTINE"	"THIEF-VS-ADVENTURER"	"TELL"	"ROUTINE/COND/COND/COND/COND/TELL"	"T"	"The thief, finding nothing of value, left disgusted."
"1actions.zil"	"1875"	"ROUTINE"	"STOLE-LIGHT?"	"ROUTINE"	"ROUTINE"	"""AUX"""	"AUX"
"1actions.zil"	"1879"	"ROUTINE"	"STOLE-LIGHT?"	"TELL"	"ROUTINE/COND/TELL"	"<AND"	"The thief seems to have left you in the dark."
"1actions.zil"	"1882"	""	""	""	""	""	"SNARF STILETTO IF DROPPED IT"
"1actions.zil"	"1886"	""	""	""	""	""	"PUT HIS BOOTY IN TREASURE ROOM"
"1actions.zil"	"1888"	"ROUTINE"	"HACK-TREASURES"	"ROUTINE"	"ROUTINE"	"""AUX"""	"AUX"
"1actions.zil"	"1897"	"ROUTINE"	"DEPOSIT-BOOTY"	"ROUTINE"	"ROUTINE"	"RM"	"AUX"
"1actions.zil"	"1911"	""	""	""	""	""	"TAKE ALL OF THE VALUABLES SOMEWHERE AND PUT THEM SOMEWHERE ELSE"
"1actions.zil"	"1913"	""	""	""	""	""	"MOVED TO DEMONS"
"1actions.zil"	"1915"	""	""	""	""	""	"ROB MAZE"
"1actions.zil"	"1917"	"ROUTINE"	"ROB-MAZE"	"ROUTINE"	"ROUTINE"	"RM"	"AUX"
"1actions.zil"	"1926"	"ROUTINE"	"ROB-MAZE"	"TELL"	"ROUTINE/REPEAT/COND/TELL"	"<AND"	"You hear, off in the distance, someone saying ""My, I wonder what\nthis fine "
"1actions.zil"	"1927"	"ROUTINE"	"ROB-MAZE"	"TELL"	"ROUTINE/REPEAT/COND/TELL"	"<AND"	" is doing here."""
"1actions.zil"	"1935"	""	""	""	""	""	"STEAL SOME JUNK - moved to DEMONS"
"1actions.zil"	"1937"	""	""	""	""	""	"DROP SOME JUNK - moved to DEMONS"
"1actions.zil"	"1943"	""	""	""	""	""	"ROBBER-FUNCTION -- more prosaic thiefly occupations"
"1actions.zil"	"1947"	"ROUTINE"	"ROBBER-FUNCTION"	"ROUTINE"	"ROUTINE"	"""OPTIONAL"""	"OPTIONAL"
"1actions.zil"	"1947"	"ROUTINE"	"ROBBER-FUNCTION"	"ROUTINE"	"ROUTINE"	"""OPTIONAL"""	"AUX"
"1actions.zil"	"1949"	"ROUTINE"	"ROBBER-FUNCTION"	"TELL"	"ROUTINE/COND/TELL"	"<VERB?"	"The thief is a strong, silent type."
"1actions.zil"	"1955"	"ROUTINE"	"ROBBER-FUNCTION"	"TELL"	"ROUTINE/COND/COND/TELL"	"<AND"	"The thief, being temporarily incapacitated, is unable to acknowledge\nyour greeting with his usual graciousness."
"1actions.zil"	"1963"	"ROUTINE"	"ROBBER-FUNCTION"	"TELL"	"ROUTINE/COND/COND/COND/TELL"	"<PROB"	"You evidently frightened the robber, though you didn't hit him. He\nflees"
"1actions.zil"	"1973"	"ROUTINE"	"ROBBER-FUNCTION"	"TELL"	"ROUTINE/COND/COND/COND/COND/TELL"	"<FIRST?"	", but the contents of his bag fall on the floor."
"1actions.zil"	"1975"	"ROUTINE"	"ROBBER-FUNCTION"	"TELL"	"ROUTINE/COND/COND/COND/COND/TELL"	"T"	"."
"1actions.zil"	"1982"	"ROUTINE"	"ROBBER-FUNCTION"	"TELL"	"ROUTINE/COND/COND/COND/TELL"	"T"	"You missed. The thief makes no attempt to take the knife, though it\nwould be a fine addition to the collection in his bag. He does seem\nangered by your attempt."
"1actions.zil"	"1998"	"ROUTINE"	"ROBBER-FUNCTION"	"TELL"	"ROUTINE/COND/COND/COND/TELL"	"<L?"	"Your proposed victim suddenly recovers consciousness."
"1actions.zil"	"2007"	"ROUTINE"	"ROBBER-FUNCTION"	"TELL"	"ROUTINE/COND/COND/COND/TELL"	"<G?"	"The thief is taken aback by your unexpected generosity, but accepts\nthe "
"1actions.zil"	"2008"	"ROUTINE"	"ROBBER-FUNCTION"	"TELL"	"ROUTINE/COND/COND/COND/TELL"	"<G?"	" and stops to admire its beauty."
"1actions.zil"	"2011"	"ROUTINE"	"ROBBER-FUNCTION"	"TELL"	"ROUTINE/COND/COND/COND/TELL"	"T"	"The thief places the "
"1actions.zil"	"2011"	"ROUTINE"	"ROBBER-FUNCTION"	"TELL"	"ROUTINE/COND/COND/COND/TELL"	"T"	" in his bag and thanks\nyou politely."
"1actions.zil"	"2015"	"ROUTINE"	"ROBBER-FUNCTION"	"TELL"	"ROUTINE/COND/COND/TELL"	"<VERB?"	"Once you got him, what would you do with him?"
"1actions.zil"	"2018"	"ROUTINE"	"ROBBER-FUNCTION"	"TELL"	"ROUTINE/COND/COND/TELL"	"<VERB?"	"The thief is a slippery character with beady eyes that flit back\nand forth. He carries, along with an unmistakable arrogance, a large bag\nover his shoulder and a vicious stiletto, whose blade is aimed\nmenacingly in your direction. I'd watch out if I were you."
"1actions.zil"	"2024"	"ROUTINE"	"ROBBER-FUNCTION"	"TELL"	"ROUTINE/COND/COND/TELL"	"<VERB?"	"The thief says nothing, as you have not been formally introduced."
"1actions.zil"	"2032"	"ROUTINE"	"ROBBER-FUNCTION"	"TELL"	"ROUTINE/COND/COND/COND/TELL"	"<IN?"	"The robber, somewhat surprised at this turn of events, nimbly\nretrieves his stiletto."
"1actions.zil"	"2044"	"ROUTINE"	"ROBBER-FUNCTION"	"TELL"	"ROUTINE/COND/COND/REPEAT/COND/TELL"	"<NOT"	"The chalice is now safe to take."
"1actions.zil"	"2051"	"ROUTINE"	"ROBBER-FUNCTION"	"TELL"	"ROUTINE/COND/COND/REPEAT/COND/COND/TELL"	"<NOT"	"As the thief dies, the power of his magic decreases, and his\ntreasures reappear:"
"1actions.zil"	"2053"	"ROUTINE"	"ROBBER-FUNCTION"	"TELL"	"ROUTINE/COND/COND/REPEAT/COND/TELL"	"<NOT"	"  A "
"1actions.zil"	"2056"	"ROUTINE"	"ROBBER-FUNCTION"	"TELL"	"ROUTINE/COND/COND/REPEAT/COND/COND/TELL"	"<AND"	", with "
"1actions.zil"	"2061"	"ROUTINE"	"ROBBER-FUNCTION"	"TELL"	"ROUTINE/COND/COND/TELL"	".X"	"His booty remains."
"1actions.zil"	"2080"	"ROUTINE"	"ROBBER-FUNCTION"	"TELL"	"ROUTINE/COND/COND/TELL"	"<EQUAL?"	"The robber revives, briefly feigning continued unconsciousness, and,\nwhen he sees his moment, scrambles away from you."
"1actions.zil"	"2087"	"GLOBAL"	"ROBBER-C-DESC"	"GLOBAL"	"GLOBAL"	""	"There is a suspicious-looking individual, holding a bag, leaning\nagainst one wall. He is armed with a vicious-looking stiletto."
"1actions.zil"	"2091"	"GLOBAL"	"ROBBER-U-DESC"	"GLOBAL"	"GLOBAL"	""	"There is a suspicious-looking individual lying unconscious on the\nground."
"1actions.zil"	"2098"	"ROUTINE"	"LARGE-BAG-F"	"TELL"	"ROUTINE/COND/COND/TELL"	"<EQUAL?"	"Sadly for you, the robber collapsed on top of the bag. Trying to take\nit would wake him."
"1actions.zil"	"2102"	"ROUTINE"	"LARGE-BAG-F"	"TELL"	"ROUTINE/COND/COND/TELL"	"T"	"The bag will be taken over his dead body."
"1actions.zil"	"2105"	"ROUTINE"	"LARGE-BAG-F"	"TELL"	"ROUTINE/COND/TELL"	"<AND"	"It would be a good trick."
"1actions.zil"	"2108"	"ROUTINE"	"LARGE-BAG-F"	"TELL"	"ROUTINE/COND/TELL"	"<VERB?"	"Getting close enough would be a good trick."
"1actions.zil"	"2111"	"ROUTINE"	"LARGE-BAG-F"	"TELL"	"ROUTINE/COND/TELL"	"<VERB?"	"The bag is underneath the thief, so one can't say what, if anything, is\ninside."
"1actions.zil"	"2114"	"ROUTINE"	"MOVE-ALL"	"ROUTINE"	"ROUTINE"	"FROM"	"AUX"
"1actions.zil"	"2132"	"ROUTINE"	"CHALICE-FCN"	"TELL"	"ROUTINE/COND/COND/TELL"	"<AND"	"You'd be stabbed in the back first."
"1actions.zil"	"2135"	"ROUTINE"	"CHALICE-FCN"	"TELL"	"ROUTINE/COND/TELL"	"<AND"	"You can't. It's not a very good chalice, is it?"
"1actions.zil"	"2138"	"ROUTINE"	"TREASURE-ROOM-FCN"	"ROUTINE"	"ROUTINE"	"RARG"	"AUX"
"1actions.zil"	"2144"	"ROUTINE"	"TREASURE-ROOM-FCN"	"TELL"	"ROUTINE/COND/COND/TELL"	"<NOT"	"You hear a scream of anguish as you violate the robber's hideaway.\nUsing passages unknown to you, he rushes to its defense."
"1actions.zil"	"2151"	"ROUTINE"	"THIEF-IN-TREASURE"	"ROUTINE"	"ROUTINE"	"""AUX"""	"AUX"
"1actions.zil"	"2155"	"ROUTINE"	"THIEF-IN-TREASURE"	"TELL"	"ROUTINE/COND/TELL"	"<AND"	"The thief gestures mysteriously, and the treasures in the room\nsuddenly vanish."
"1actions.zil"	"2165"	"ROUTINE"	"FRONT-DOOR-FCN"	"TELL"	"ROUTINE/COND/TELL"	"<VERB?"	"The door cannot be opened."
"1actions.zil"	"2168"	"ROUTINE"	"FRONT-DOOR-FCN"	"TELL"	"ROUTINE/COND/TELL"	"<VERB?"	"You cannot burn this door."
"1actions.zil"	"2170"	"ROUTINE"	"FRONT-DOOR-FCN"	"TELL"	"ROUTINE/COND/TELL"	"<VERB?"	"You can't seem to damage the door."
"1actions.zil"	"2172"	"ROUTINE"	"FRONT-DOOR-FCN"	"TELL"	"ROUTINE/COND/TELL"	"<VERB?"	"It won't open."
"1actions.zil"	"2176"	""	""	""	""	""	"SUBTITLE RANDOM FUNCTIONS"
"1actions.zil"	"2180"	"ROUTINE"	"BODY-FUNCTION"	"TELL"	"ROUTINE/COND/TELL"	"<VERB?"	"A force keeps you from taking the bodies."
"1actions.zil"	"2183"	"ROUTINE"	"BODY-FUNCTION"	"JIGS-UP"	"ROUTINE/COND/JIGS-UP"	"<VERB?"	"The voice of the guardian of the dungeon booms out from the darkness,\n""Your disrespect costs you your life!"" and places your head on a sharp\npole."
"1actions.zil"	"2189"	"ROUTINE"	"BLACK-BOOK"	"TELL"	"ROUTINE/COND/TELL"	"<VERB?"	"The book is already open to page 569."
"1actions.zil"	"2191"	"ROUTINE"	"BLACK-BOOK"	"TELL"	"ROUTINE/COND/TELL"	"<VERB?"	"As hard as you try, the book cannot be closed."
"1actions.zil"	"2197"	"ROUTINE"	"BLACK-BOOK"	"TELL"	"ROUTINE/COND/TELL"	"<OR"	"Beside page 569, there is only one other page with any legible printing on\nit. Most of it is unreadable, but the subject seems to be the banishment of\nevil. Apparently, certain noises, lights, and prayers are efficacious in this\nregard."
"1actions.zil"	"2204"	"ROUTINE"	"BLACK-BOOK"	"JIGS-UP"	"ROUTINE/COND/JIGS-UP"	"<VERB?"	"A booming voice says ""Wrong, cretin!"" and you notice that you have\nturned into a pile of dust. How, I can't imagine."
"1actions.zil"	"2211"	"ROUTINE"	"PAINTING-FCN"	"PUTP"	"ROUTINE/COND/PUTP"	"<VERB?"	"There is a worthless piece of canvas here."
"1actions.zil"	"2213"	"ROUTINE"	"PAINTING-FCN"	"TELL"	"ROUTINE/COND/TELL"	"<VERB?"	"Congratulations! Unlike the other vandals, who merely stole the\nartist's masterpieces, you have destroyed one."
"1actions.zil"	"2218"	""	""	""	""	""	"SUBTITLE LET THERE BE LIGHT SOURCES"
"1actions.zil"	"2223"	"GLOBAL"	"LAMP-TABLE"	"TABLE"	"GLOBAL/TABLE"	""	"The lamp appears a bit dimmer."
"1actions.zil"	"2225"	"GLOBAL"	"LAMP-TABLE"	"TABLE"	"GLOBAL/TABLE"	""	"The lamp is definitely dimmer now."
"1actions.zil"	"2227"	"GLOBAL"	"LAMP-TABLE"	"TABLE"	"GLOBAL/TABLE"	""	"The lamp is nearly out."
"1actions.zil"	"2233"	"ROUTINE"	"LANTERN"	"TELL"	"ROUTINE/COND/TELL"	"<VERB?"	"The lamp has smashed into the floor, and the light has gone out."
"1actions.zil"	"2239"	"ROUTINE"	"LANTERN"	"TELL"	"ROUTINE/COND/COND/TELL"	"<FSET?"	"A burned-out lamp won't light."
"1actions.zil"	"2245"	"ROUTINE"	"LANTERN"	"TELL"	"ROUTINE/COND/COND/TELL"	"<FSET?"	"The lamp has already burned out."
"1actions.zil"	"2250"	"ROUTINE"	"LANTERN"	"TELL"	"ROUTINE/COND/TELL"	"<VERB?"	"The lamp "
"1actions.zil"	"2252"	"ROUTINE"	"LANTERN"	"TELL"	"ROUTINE/COND/COND/TELL"	"<FSET?"	"has burned out."
"1actions.zil"	"2254"	"ROUTINE"	"LANTERN"	"TELL"	"ROUTINE/COND/COND/TELL"	"<FSET?"	"is on."
"1actions.zil"	"2256"	"ROUTINE"	"LANTERN"	"TELL"	"ROUTINE/COND/COND/TELL"	"T"	"is turned off."
"1actions.zil"	"2261"	"ROUTINE"	"MAILBOX-F"	"TELL"	"ROUTINE/COND/TELL"	"<AND"	"It is securely anchored."
"1actions.zil"	"2265"	"ROUTINE"	"MATCH-FUNCTION"	"ROUTINE"	"ROUTINE"	"""AUX"""	"AUX"
"1actions.zil"	"2271"	"ROUTINE"	"MATCH-FUNCTION"	"TELL"	"ROUTINE/COND/COND/TELL"	"<NOT"	"I'm afraid that you have run out of matches."
"1actions.zil"	"2274"	"ROUTINE"	"MATCH-FUNCTION"	"TELL"	"ROUTINE/COND/COND/TELL"	"<EQUAL?"	"This room is drafty, and the match goes out instantly."
"1actions.zil"	"2279"	"ROUTINE"	"MATCH-FUNCTION"	"TELL"	"ROUTINE/COND/COND/TELL"	"T"	"One of the matches starts to burn."
"1actions.zil"	"2285"	"ROUTINE"	"MATCH-FUNCTION"	"TELL"	"ROUTINE/COND/TELL"	"<AND"	"The match is out."
"1actions.zil"	"2289"	"ROUTINE"	"MATCH-FUNCTION"	"TELL"	"ROUTINE/COND/COND/TELL"	"<NOT"	"It's pitch black in here!"
"1actions.zil"	"2293"	"ROUTINE"	"MATCH-FUNCTION"	"TELL"	"ROUTINE/COND/TELL"	"<VERB?"	"You have "
"1actions.zil"	"2295"	"ROUTINE"	"MATCH-FUNCTION"	"TELL"	"ROUTINE/COND/COND/TELL"	"<NOT"	"no"
"1actions.zil"	"2297"	"ROUTINE"	"MATCH-FUNCTION"	"TELL"	"ROUTINE/COND/TELL"	"<VERB?"	" match"
"1actions.zil"	"2298"	"ROUTINE"	"MATCH-FUNCTION"	"TELL"	"ROUTINE/COND/COND/TELL"	"<NOT"	"es."
"1actions.zil"	"2298"	"ROUTINE"	"MATCH-FUNCTION"	"TELL"	"ROUTINE/COND/COND/TELL"	"T"	"."
"1actions.zil"	"2302"	"ROUTINE"	"MATCH-FUNCTION"	"TELL"	"ROUTINE/COND/COND/TELL"	"<FSET?"	"The match is burning."
"1actions.zil"	"2305"	"ROUTINE"	"MATCH-FUNCTION"	"TELL"	"ROUTINE/COND/COND/TELL"	"T"	"The matchbook isn't very interesting, except for what's written on it."
"1actions.zil"	"2309"	"ROUTINE"	"I-MATCH"	"TELL"	"ROUTINE/TELL"	""	"The match has gone out."
"1actions.zil"	"2315"	"ROUTINE"	"I-LANTERN"	"ROUTINE"	"ROUTINE"	"""AUX"""	"AUX"
"1actions.zil"	"2321"	"ROUTINE"	"I-CANDLES"	"ROUTINE"	"ROUTINE"	"""AUX"""	"AUX"
"1actions.zil"	"2335"	"ROUTINE"	"LIGHT-INT"	"TELL"	"ROUTINE/COND/COND/TELL"	"<0?"	"You'd better have more light than from the "
"1actions.zil"	"2335"	"ROUTINE"	"LIGHT-INT"	"TELL"	"ROUTINE/COND/COND/TELL"	"<0?"	"."
"1actions.zil"	"2351"	"ROUTINE"	"CANDLES-FCN"	"TELL"	"ROUTINE/COND/COND/COND/TELL"	"<FSET?"	"Alas, there's not much left of the candles. Certainly not enough to\nburn."
"1actions.zil"	"2355"	"ROUTINE"	"CANDLES-FCN"	"TELL"	"ROUTINE/COND/COND/COND/COND/TELL"	"<FSET?"	"(with the match)"
"1actions.zil"	"2360"	"ROUTINE"	"CANDLES-FCN"	"TELL"	"ROUTINE/COND/COND/COND/COND/TELL"	"T"	"You should say what to light them with."
"1actions.zil"	"2364"	"ROUTINE"	"CANDLES-FCN"	"TELL"	"ROUTINE/COND/COND/COND/TELL"	"<AND"	"The candles are "
"1actions.zil"	"2366"	"ROUTINE"	"CANDLES-FCN"	"TELL"	"ROUTINE/COND/COND/COND/COND/TELL"	"<FSET?"	"already lit."
"1actions.zil"	"2369"	"ROUTINE"	"CANDLES-FCN"	"TELL"	"ROUTINE/COND/COND/COND/COND/TELL"	"T"	"lit."
"1actions.zil"	"2374"	"ROUTINE"	"CANDLES-FCN"	"TELL"	"ROUTINE/COND/COND/COND/COND/TELL"	"<FSET?"	"You realize, just in time, that the candles are already lighted."
"1actions.zil"	"2377"	"ROUTINE"	"CANDLES-FCN"	"TELL"	"ROUTINE/COND/COND/COND/COND/TELL"	"T"	"The heat from the torch is so intense that the candles are vaporized."
"1actions.zil"	"2381"	"ROUTINE"	"CANDLES-FCN"	"TELL"	"ROUTINE/COND/COND/COND/TELL"	"T"	"You have to light them with something that's burning, you know."
"1actions.zil"	"2384"	"ROUTINE"	"CANDLES-FCN"	"TELL"	"ROUTINE/COND/COND/TELL"	"<VERB?"	"Let's see, how many objects in a pair? Don't tell me, I'll get it."
"1actions.zil"	"2388"	"ROUTINE"	"CANDLES-FCN"	"TELL"	"ROUTINE/COND/COND/COND/TELL"	"<FSET?"	"The flame is extinguished."
"1actions.zil"	"2393"	"ROUTINE"	"CANDLES-FCN"	"TELL"	"ROUTINE/COND/COND/COND/COND/TELL"	"<NOT"	" It's really dark in here...."
"1actions.zil"	"2396"	"ROUTINE"	"CANDLES-FCN"	"TELL"	"ROUTINE/COND/COND/COND/TELL"	"T"	"The candles are not lighted."
"1actions.zil"	"2398"	"ROUTINE"	"CANDLES-FCN"	"TELL"	"ROUTINE/COND/COND/TELL"	"<AND"	"That wouldn't be smart."
"1actions.zil"	"2400"	"ROUTINE"	"CANDLES-FCN"	"TELL"	"ROUTINE/COND/COND/TELL"	"<VERB?"	"The candles are "
"1actions.zil"	"2402"	"ROUTINE"	"CANDLES-FCN"	"TELL"	"ROUTINE/COND/COND/COND/TELL"	"<FSET?"	"burning."
"1actions.zil"	"2403"	"ROUTINE"	"CANDLES-FCN"	"TELL"	"ROUTINE/COND/COND/COND/TELL"	"T"	"out."
"1actions.zil"	"2409"	"GLOBAL"	"CANDLE-TABLE"	"TABLE"	"GLOBAL/TABLE"	""	"The candles grow shorter."
"1actions.zil"	"2411"	"GLOBAL"	"CANDLE-TABLE"	"TABLE"	"GLOBAL/TABLE"	""	"The candles are becoming quite short."
"1actions.zil"	"2413"	"GLOBAL"	"CANDLE-TABLE"	"TABLE"	"GLOBAL/TABLE"	""	"The candles won't last long now."
"1actions.zil"	"2424"	"ROUTINE"	"CAVE2-ROOM"	"TELL"	"ROUTINE/COND/COND/TELL"	"<AND"	"A gust of wind blows out your candles!"
"1actions.zil"	"2426"	"ROUTINE"	"CAVE2-ROOM"	"TELL"	"ROUTINE/COND/COND/COND/TELL"	"<NOT"	"It is now completely dark."
"1actions.zil"	"2430"	""	""	""	""	""	"SUBTITLE ASSORTED WEAPONS"
"1actions.zil"	"2432"	"ROUTINE"	"SWORD-FCN"	"ROUTINE"	"ROUTINE"	"""AUX"""	"AUX"
"1actions.zil"	"2439"	"ROUTINE"	"SWORD-FCN"	"TELL"	"ROUTINE/COND/COND/TELL"	"<EQUAL?"	"Your sword is glowing with a faint blue glow."
"1actions.zil"	"2442"	"ROUTINE"	"SWORD-FCN"	"TELL"	"ROUTINE/COND/COND/TELL"	"<EQUAL?"	"Your sword is glowing very brightly."
"1actions.zil"	"2444"	""	""	""	""	""	"SUBTITLE COAL MINE"
"1actions.zil"	"2446"	"ROUTINE"	"BOOM-ROOM"	"ROUTINE"	"ROUTINE"	"RARG"	"AUX"
"1actions.zil"	"2460"	"ROUTINE"	"BOOM-ROOM"	"TELL"	"ROUTINE/COND/COND/COND/TELL"	".DUMMY?"	"How sad for an aspiring adventurer to light a "
"1actions.zil"	"2460"	"ROUTINE"	"BOOM-ROOM"	"TELL"	"ROUTINE/COND/COND/COND/TELL"	".DUMMY?"	" in a room which\nreeks of gas. Fortunately, there is justice in the world."
"1actions.zil"	"2464"	"ROUTINE"	"BOOM-ROOM"	"TELL"	"ROUTINE/COND/COND/COND/TELL"	"T"	"Oh dear. It appears that the smell coming from this room was coal gas.\nI would have thought twice about carrying flaming objects in here."
"1actions.zil"	"2466"	"ROUTINE"	"BOOM-ROOM"	"JIGS-UP"	"ROUTINE/COND/COND/JIGS-UP"	"<OR"	"|\n      ** BOOOOOOOOOOOM **"
"1actions.zil"	"2469"	"ROUTINE"	"BAT-D"	"ROUTINE"	"ROUTINE"	"""OPTIONAL"""	"OPTIONAL"
"1actions.zil"	"2472"	"ROUTINE"	"BAT-D"	"TELL"	"ROUTINE/COND/TELL"	"<EQUAL?"	"In the corner of the room on the ceiling is a large vampire bat who\nis obviously deranged and holding his nose."
"1actions.zil"	"2476"	"ROUTINE"	"BAT-D"	"TELL"	"ROUTINE/COND/TELL"	"T"	"A large vampire bat, hanging from the ceiling, swoops down at you!"
"1actions.zil"	"2481"	"ROUTINE"	"BATS-ROOM"	"TELL"	"ROUTINE/COND/TELL"	"<EQUAL?"	"You are in a small room which has doors only to the east and south."
"1actions.zil"	"2491"	"ROUTINE"	"MACHINE-ROOM-FCN"	"TELL"	"ROUTINE/COND/TELL"	"<EQUAL?"	"This is a large, cold room whose sole exit is to the north. In one\ncorner there is a machine which is reminiscent of a clothes\ndryer. On its face is a switch which is labelled ""START"".\nThe switch does not appear to be manipulable by any human hand (unless the\nfingers are about 1/16 by 1/4 inch). On the front of the machine is a large\nlid, which is "
"1actions.zil"	"2498"	"ROUTINE"	"MACHINE-ROOM-FCN"	"TELL"	"ROUTINE/COND/COND/TELL"	"<FSET?"	"open."
"1actions.zil"	"2499"	"ROUTINE"	"MACHINE-ROOM-FCN"	"TELL"	"ROUTINE/COND/COND/TELL"	"T"	"closed."
"1actions.zil"	"2504"	"ROUTINE"	"MACHINE-F"	"TELL"	"ROUTINE/COND/TELL"	"<AND"	"It is far too large to carry."
"1actions.zil"	"2509"	"ROUTINE"	"MACHINE-F"	"TELL"	"ROUTINE/COND/COND/TELL"	"<FIRST?"	"The lid opens, revealing "
"1actions.zil"	"2511"	"ROUTINE"	"MACHINE-F"	"TELL"	"ROUTINE/COND/COND/TELL"	"<FIRST?"	"."
"1actions.zil"	"2514"	"ROUTINE"	"MACHINE-F"	"TELL"	"ROUTINE/COND/COND/TELL"	"T"	"The lid opens."
"1actions.zil"	"2518"	"ROUTINE"	"MACHINE-F"	"TELL"	"ROUTINE/COND/COND/TELL"	"<FSET?"	"The lid closes."
"1actions.zil"	"2526"	"ROUTINE"	"MACHINE-F"	"TELL"	"ROUTINE/COND/COND/TELL"	"<NOT"	"It's not clear how to turn it on with your bare hands."
"1actions.zil"	"2531"	"ROUTINE"	"MSWITCH-FUNCTION"	"ROUTINE"	"ROUTINE"	"""AUX"""	"AUX"
"1actions.zil"	"2536"	"ROUTINE"	"MSWITCH-FUNCTION"	"TELL"	"ROUTINE/COND/COND/COND/TELL"	"<FSET?"	"The machine doesn't seem to want to do anything."
"1actions.zil"	"2538"	"ROUTINE"	"MSWITCH-FUNCTION"	"TELL"	"ROUTINE/COND/COND/COND/TELL"	"T"	"The machine comes to life (figuratively) with a dazzling display of\ncolored lights and bizarre noises. After a few moments, the\nexcitement abates."
"1actions.zil"	"2551"	"ROUTINE"	"MSWITCH-FUNCTION"	"TELL"	"ROUTINE/COND/COND/TELL"	"T"	"It seems that a "
"1actions.zil"	"2551"	"ROUTINE"	"MSWITCH-FUNCTION"	"TELL"	"ROUTINE/COND/COND/TELL"	"T"	" won't do."
"1actions.zil"	"2556"	"ROUTINE"	"GUNK-FUNCTION"	"TELL"	"ROUTINE/TELL"	""	"The slag was rather insubstantial, and crumbles into dust at your touch."
"1actions.zil"	"2558"	"ROUTINE"	"NO-OBJS"	"ROUTINE"	"ROUTINE"	"RARG"	"AUX"
"1actions.zil"	"2583"	""	""	""	""	""	"SUBTITLE OLD MAN RIVER, THAT OLD MAN RIVER..."
"1actions.zil"	"2599"	"ROUTINE"	"SCEPTRE-FUNCTION"	"TELL"	"ROUTINE/COND/COND/COND/TELL"	"<NOT"	"Suddenly, the rainbow appears to become solid and, I venture,\nwalkable (I think the giveaway was the stairs and bannister)."
"1actions.zil"	"2604"	"ROUTINE"	"SCEPTRE-FUNCTION"	"TELL"	"ROUTINE/COND/COND/COND/COND/TELL"	"<AND"	"A shimmering pot of gold appears at the end of the rainbow."
"1actions.zil"	"2609"	"ROUTINE"	"SCEPTRE-FUNCTION"	"TELL"	"ROUTINE/COND/COND/COND/TELL"	"T"	"The rainbow seems to have become somewhat run-of-the-mill."
"1actions.zil"	"2615"	"ROUTINE"	"SCEPTRE-FUNCTION"	"JIGS-UP"	"ROUTINE/COND/COND/JIGS-UP"	"<EQUAL?"	"The structural integrity of the rainbow is severely compromised,\nleaving you hanging in midair, supported only by water vapor. Bye."
"1actions.zil"	"2619"	"ROUTINE"	"SCEPTRE-FUNCTION"	"TELL"	"ROUTINE/COND/COND/TELL"	"T"	"A dazzling display of color briefly emanates from the sceptre."
"1actions.zil"	"2624"	"ROUTINE"	"FALLS-ROOM"	"TELL"	"ROUTINE/COND/TELL"	"<EQUAL?"	"You are at the top of Aragain Falls, an enormous waterfall with a\ndrop of about 450 feet. The only path here is on the north end."
"1actions.zil"	"2628"	"ROUTINE"	"FALLS-ROOM"	"TELL"	"ROUTINE/COND/COND/TELL"	",RAINBOW-FLAG"	"A solid rainbow spans the falls."
"1actions.zil"	"2631"	"ROUTINE"	"FALLS-ROOM"	"TELL"	"ROUTINE/COND/COND/TELL"	"T"	"A beautiful rainbow can be seen over the falls and to the west."
"1actions.zil"	"2637"	"ROUTINE"	"RAINBOW-FCN"	"TELL"	"ROUTINE/COND/COND/TELL"	"<EQUAL?"	"From here?!?"
"1actions.zil"	"2645"	"ROUTINE"	"RAINBOW-FCN"	"TELL"	"ROUTINE/COND/COND/COND/TELL"	"T"	"You'll have to say which way..."
"1actions.zil"	"2647"	"ROUTINE"	"RAINBOW-FCN"	"TELL"	"ROUTINE/COND/COND/TELL"	"T"	"Can you walk on water vapor?"
"1actions.zil"	"2650"	"ROUTINE"	"RAINBOW-FCN"	"TELL"	"ROUTINE/COND/TELL"	"<VERB?"	"The Frigid River flows under the rainbow."
"1actions.zil"	"2652"	"ROUTINE"	"DBOAT-FUNCTION"	"ROUTINE"	"ROUTINE"	"""AUX"""	"AUX"
"1actions.zil"	"2658"	"ROUTINE"	"DBOAT-FUNCTION"	"TELL"	"ROUTINE/COND/TELL"	"<VERB?"	"No chance. Some moron punctured it."
"1actions.zil"	"2665"	"ROUTINE"	"FIX-BOAT"	"TELL"	"ROUTINE/TELL"	""	"Well done. The boat is repaired."
"1actions.zil"	"2674"	"ROUTINE"	"RIVER-FUNCTION"	"JIGS-UP"	"ROUTINE/COND/COND/COND/JIGS-UP"	"<EQUAL?"	"You splash around for a while, fighting the current, then you drown."
"1actions.zil"	"2677"	"ROUTINE"	"RIVER-FUNCTION"	"TELL"	"ROUTINE/COND/COND/COND/TELL"	"<EQUAL?"	"You should get in the boat then launch it."
"1actions.zil"	"2681"	"ROUTINE"	"RIVER-FUNCTION"	"TELL"	"ROUTINE/COND/COND/COND/TELL"	"<FSET?"	"The "
"1actions.zil"	"2681"	"ROUTINE"	"RIVER-FUNCTION"	"TELL"	"ROUTINE/COND/COND/COND/TELL"	"<FSET?"	" floats for a moment, then sinks."
"1actions.zil"	"2685"	"ROUTINE"	"RIVER-FUNCTION"	"TELL"	"ROUTINE/COND/COND/COND/TELL"	"T"	"The "
"1actions.zil"	"2685"	"ROUTINE"	"RIVER-FUNCTION"	"TELL"	"ROUTINE/COND/COND/COND/TELL"	"T"	" splashes into the water and is gone forever."
"1actions.zil"	"2688"	"ROUTINE"	"RIVER-FUNCTION"	"TELL"	"ROUTINE/COND/TELL"	"<VERB?"	"A look before leaping reveals that the river is wide and dangerous,\nwith swift currents and large, half-hidden rocks. You decide to forgo your\nswim."
"1actions.zil"	"2708"	"ROUTINE"	"I-RIVER"	"ROUTINE"	"ROUTINE"	"""AUX"""	"AUX"
"1actions.zil"	"2713"	"ROUTINE"	"I-RIVER"	"TELL"	"ROUTINE/COND/TELL"	"<SET"	"The flow of the river carries you downstream."
"1actions.zil"	"2718"	"ROUTINE"	"I-RIVER"	"JIGS-UP"	"ROUTINE/COND/JIGS-UP"	"T"	"Unfortunately, the magic boat doesn't provide protection from\nthe rocks and boulders one meets at the bottom of waterfalls.\nIncluding this one."
"1actions.zil"	"2722"	"ROUTINE"	"RBOAT-FUNCTION"	"ROUTINE"	"ROUTINE"	"""OPTIONAL"""	"OPTIONAL"
"1actions.zil"	"2722"	"ROUTINE"	"RBOAT-FUNCTION"	"ROUTINE"	"ROUTINE"	"""OPTIONAL"""	"AUX"
"1actions.zil"	"2736"	"ROUTINE"	"RBOAT-FUNCTION"	"TELL"	"ROUTINE/COND/COND/COND/TELL"	"T"	"Read the label for the boat's instructions."
"1actions.zil"	"2742"	"ROUTINE"	"RBOAT-FUNCTION"	"TELL"	"ROUTINE/COND/COND/COND/TELL"	"<OR"	"You are on the "
"1actions.zil"	"2744"	"ROUTINE"	"RBOAT-FUNCTION"	"TELL"	"ROUTINE/COND/COND/COND/COND/TELL"	"<EQUAL?"	"reservoir"
"1actions.zil"	"2746"	"ROUTINE"	"RBOAT-FUNCTION"	"TELL"	"ROUTINE/COND/COND/COND/COND/TELL"	"<EQUAL?"	"stream"
"1actions.zil"	"2747"	"ROUTINE"	"RBOAT-FUNCTION"	"TELL"	"ROUTINE/COND/COND/COND/COND/TELL"	"T"	"river"
"1actions.zil"	"2748"	"ROUTINE"	"RBOAT-FUNCTION"	"TELL"	"ROUTINE/COND/COND/COND/TELL"	"<OR"	", or have you forgotten?"
"1actions.zil"	"2753"	"ROUTINE"	"RBOAT-FUNCTION"	"TELL"	"ROUTINE/COND/COND/COND/TELL"	"<NOT"	"You can't launch it here."
"1actions.zil"	"2768"	"ROUTINE"	"RBOAT-FUNCTION"	"TELL"	"ROUTINE/COND/COND/TELL"	"<OR"	"It seems that the "
"1actions.zil"	"2771"	"ROUTINE"	"RBOAT-FUNCTION"	"TELL"	"ROUTINE/COND/COND/TELL"	"<OR"	" didn't agree with the boat, as evidenced\nby the loud hissing noise issuing therefrom. With a pathetic sputter, the\nboat deflates, leaving you without."
"1actions.zil"	"2778"	"ROUTINE"	"RBOAT-FUNCTION"	"JIGS-UP"	"ROUTINE/COND/COND/COND/COND/JIGS-UP"	"<==?"	"Another pathetic sputter, this time from you, heralds your drowning."
"1actions.zil"	"2781"	"ROUTINE"	"RBOAT-FUNCTION"	"JIGS-UP"	"ROUTINE/COND/COND/COND/COND/JIGS-UP"	"T"	"In other words, fighting the fierce currents of the Frigid River. You\nmanage to hold your own for a bit, but then you are carried over a\nwaterfall and into some nasty rocks. Ouch!"
"1actions.zil"	"2786"	"ROUTINE"	"RBOAT-FUNCTION"	"TELL"	"ROUTINE/COND/COND/TELL"	"<VERB?"	"You're not in the boat!"
"1actions.zil"	"2795"	"ROUTINE"	"RBOAT-FUNCTION"	"TELL"	"ROUTINE/COND/COND/TELL"	"<OR"	"Oops! Something sharp seems to have slipped and punctured the boat.\nThe boat deflates to the sounds of hissing, sputtering, and cursing."
"1actions.zil"	"2802"	"ROUTINE"	"RBOAT-FUNCTION"	"TELL"	"ROUTINE/COND/TELL"	"<VERB?"	"Inflating it further would probably burst it."
"1actions.zil"	"2806"	"ROUTINE"	"RBOAT-FUNCTION"	"TELL"	"ROUTINE/COND/COND/TELL"	"<EQUAL?"	"You can't deflate the boat while you're in it."
"1actions.zil"	"2809"	"ROUTINE"	"RBOAT-FUNCTION"	"TELL"	"ROUTINE/COND/COND/TELL"	"<NOT"	"The boat must be on the ground to be deflated."
"1actions.zil"	"2811"	"ROUTINE"	"RBOAT-FUNCTION"	"TELL"	"ROUTINE/COND/COND/TELL"	"T"	"The boat deflates."
"1actions.zil"	"2824"	"ROUTINE"	"IBOAT-FUNCTION"	"TELL"	"ROUTINE/COND/COND/TELL"	"<NOT"	"The boat must be on the ground to be inflated."
"1actions.zil"	"2827"	"ROUTINE"	"IBOAT-FUNCTION"	"TELL"	"ROUTINE/COND/COND/TELL"	"<EQUAL?"	"The boat inflates and appears seaworthy."
"1actions.zil"	"2830"	"ROUTINE"	"IBOAT-FUNCTION"	"TELL"	"ROUTINE/COND/COND/COND/TELL"	"<NOT"	"A tan label is lying inside the boat."
"1actions.zil"	"2837"	"ROUTINE"	"IBOAT-FUNCTION"	"TELL"	"ROUTINE/COND/COND/TELL"	"<EQUAL?"	"You don't have enough lung power to inflate it."
"1actions.zil"	"2840"	"ROUTINE"	"IBOAT-FUNCTION"	"TELL"	"ROUTINE/COND/COND/TELL"	"T"	"With a "
"1actions.zil"	"2840"	"ROUTINE"	"IBOAT-FUNCTION"	"TELL"	"ROUTINE/COND/COND/TELL"	"T"	"? Surely you jest!"
"1actions.zil"	"2848"	"ROUTINE"	"RIVR4-ROOM"	"TELL"	"ROUTINE/COND/COND/TELL"	"<AND"	"You notice something funny about the feel of the buoy."
"1actions.zil"	"2861"	"ROUTINE"	"SAND-FUNCTION"	"JIGS-UP"	"ROUTINE/COND/COND/JIGS-UP"	"<G?"	"The hole collapses, smothering you."
"1actions.zil"	"2865"	"ROUTINE"	"SAND-FUNCTION"	"TELL"	"ROUTINE/COND/COND/COND/TELL"	"<FSET?"	"You can see a scarab here in the sand."
"1actions.zil"	"2872"	"GLOBAL"	"BDIGS"	"TABLE"	"GLOBAL/TABLE"	""	"You seem to be digging a hole here."
"1actions.zil"	"2873"	"GLOBAL"	"BDIGS"	"TABLE"	"GLOBAL/TABLE"	""	"The hole is getting deeper, but that's about it."
"1actions.zil"	"2874"	"GLOBAL"	"BDIGS"	"TABLE"	"GLOBAL/TABLE"	""	"You are surrounded by a wall of sand on all sides."
"1actions.zil"	"2878"	""	""	""	""	""	"SUBTITLE TOITY POIPLE BOIDS A CHOIPIN' AN' A BOIPIN' ... "
"1actions.zil"	"2880"	"ROUTINE"	"TREE-ROOM"	"ROUTINE"	"ROUTINE"	"RARG"	"AUX"
"1actions.zil"	"2883"	"ROUTINE"	"TREE-ROOM"	"TELL"	"ROUTINE/COND/TELL"	"<EQUAL?"	"You are about 10 feet above the ground nestled among some large\nbranches. The nearest branch above you is above your reach."
"1actions.zil"	"2887"	"ROUTINE"	"TREE-ROOM"	"TELL"	"ROUTINE/COND/COND/TELL"	"<AND"	"On the ground below you can see:  "
"1actions.zil"	"2889"	"ROUTINE"	"TREE-ROOM"	"TELL"	"ROUTINE/COND/COND/TELL"	"<AND"	"."
"1actions.zil"	"2900"	"ROUTINE"	"TREE-ROOM"	"TELL"	"ROUTINE/COND/COND/COND/TELL"	"<AND"	"The nest falls to the ground, and the egg spills out of it, seriously\ndamaged."
"1actions.zil"	"2906"	"ROUTINE"	"TREE-ROOM"	"TELL"	"ROUTINE/COND/COND/COND/TELL"	"<EQUAL?"	"The egg falls to the ground and springs open, seriously damaged."
"1actions.zil"	"2913"	"ROUTINE"	"TREE-ROOM"	"TELL"	"ROUTINE/COND/COND/COND/TELL"	"<NOT"	"The "
"1actions.zil"	"2913"	"ROUTINE"	"TREE-ROOM"	"TELL"	"ROUTINE/COND/COND/COND/TELL"	"<NOT"	" falls to the ground."
"1actions.zil"	"2916"	"ROUTINE"	"TREE-ROOM"	"JIGS-UP"	"ROUTINE/COND/COND/COND/JIGS-UP"	"<VERB?"	"That was just a bit too far down."
"1actions.zil"	"2922"	"ROUTINE"	"EGG-OBJECT"	"TELL"	"ROUTINE/COND/COND/TELL"	"<FSET?"	"The egg is already open."
"1actions.zil"	"2924"	"ROUTINE"	"EGG-OBJECT"	"TELL"	"ROUTINE/COND/COND/TELL"	"<NOT"	"You have neither the tools nor the expertise."
"1actions.zil"	"2927"	"ROUTINE"	"EGG-OBJECT"	"TELL"	"ROUTINE/COND/COND/TELL"	"<EQUAL?"	"I doubt you could do that without damaging it."
"1actions.zil"	"2933"	"ROUTINE"	"EGG-OBJECT"	"TELL"	"ROUTINE/COND/COND/TELL"	"<OR"	"The egg is now open, but the clumsiness of your attempt has seriously\ncompromised its esthetic appeal."
"1actions.zil"	"2938"	"ROUTINE"	"EGG-OBJECT"	"TELL"	"ROUTINE/COND/COND/TELL"	"<FSET?"	"Not to say that using the "
"1actions.zil"	"2940"	"ROUTINE"	"EGG-OBJECT"	"TELL"	"ROUTINE/COND/COND/TELL"	"<FSET?"	" isn't original too..."
"1actions.zil"	"2942"	"ROUTINE"	"EGG-OBJECT"	"TELL"	"ROUTINE/COND/COND/TELL"	"T"	"The concept of using a "
"1actions.zil"	"2944"	"ROUTINE"	"EGG-OBJECT"	"TELL"	"ROUTINE/COND/COND/TELL"	"T"	" is certainly original."
"1actions.zil"	"2948"	"ROUTINE"	"EGG-OBJECT"	"TELL"	"ROUTINE/COND/TELL"	"<VERB?"	"There is a noticeable crunch from beneath you, and inspection reveals\nthat the egg is lying open, badly damaged."
"1actions.zil"	"2955"	"ROUTINE"	"EGG-OBJECT"	"TELL"	"ROUTINE/COND/TELL"	"<VERB?"	"Your rather indelicate handling of the egg has caused it some damage,\nalthough you have succeeded in opening it."
"1actions.zil"	"2960"	"ROUTINE"	"BAD-EGG"	"ROUTINE"	"ROUTINE"	"""AUX"""	"AUX"
"1actions.zil"	"2962"	"ROUTINE"	"BAD-EGG"	"TELL"	"ROUTINE/COND/TELL"	"<IN?"	" "
"1actions.zil"	"2975"	"ROUTINE"	"CANARY-OBJECT"	"TELL"	"ROUTINE/COND/COND/COND/TELL"	"<AND"	"The canary chirps, slightly off-key, an aria from a forgotten opera.\nFrom out of the greenery flies a lovely songbird. It perches on a\nlimb just over your head and opens its beak to sing. As it does so\na beautiful brass bauble drops from its mouth, bounces off the top of\nyour head, and lands glimmering in the grass. As the canary winds\ndown, the songbird flies away."
"1actions.zil"	"2987"	"ROUTINE"	"CANARY-OBJECT"	"TELL"	"ROUTINE/COND/COND/COND/TELL"	"T"	"The canary chirps blithely, if somewhat tinnily, for a short time."
"1actions.zil"	"2990"	"ROUTINE"	"CANARY-OBJECT"	"TELL"	"ROUTINE/COND/COND/TELL"	"T"	"There is an unpleasant grinding noise from inside the canary."
"1actions.zil"	"3002"	"ROUTINE"	"I-FOREST-ROOM"	"TELL"	"ROUTINE/COND/TELL"	"<PROB"	"You hear in the distance the chirping of a song bird."
"1actions.zil"	"3013"	"ROUTINE"	"WCLIF-OBJECT"	"TELL"	"ROUTINE/COND/TELL"	"<VERB?"	"The cliff is too steep for climbing."
"1actions.zil"	"3019"	"ROUTINE"	"CLIFF-OBJECT"	"TELL"	"ROUTINE/COND/TELL"	"<OR"	"That would be very unwise. Perhaps even fatal."
"1actions.zil"	"3023"	"ROUTINE"	"CLIFF-OBJECT"	"TELL"	"ROUTINE/COND/COND/TELL"	"<VERB?"	"The "
"1actions.zil"	"3023"	"ROUTINE"	"CLIFF-OBJECT"	"TELL"	"ROUTINE/COND/COND/TELL"	"<VERB?"	" tumbles into the river and is seen no more."
"1actions.zil"	"3028"	""	""	""	""	""	"SUBTITLE CHUTES AND LADDERS"
"1actions.zil"	"3030"	"ROUTINE"	"ROPE-FUNCTION"	"ROUTINE"	"ROUTINE"	"""AUX"""	"AUX"
"1actions.zil"	"3034"	"ROUTINE"	"ROPE-FUNCTION"	"TELL"	"ROUTINE/COND/COND/TELL"	"<VERB?"	"You can't tie the rope to that."
"1actions.zil"	"3039"	"ROUTINE"	"ROPE-FUNCTION"	"TELL"	"ROUTINE/COND/COND/COND/TELL"	",DOME-FLAG"	"The rope is already tied to it."
"1actions.zil"	"3042"	"ROUTINE"	"ROPE-FUNCTION"	"TELL"	"ROUTINE/COND/COND/COND/TELL"	"T"	"The rope drops over the side and comes within ten feet of the floor."
"1actions.zil"	"3057"	"ROUTINE"	"ROPE-FUNCTION"	"TELL"	"ROUTINE/COND/COND/COND/TELL"	"<L?"	"Your attempt to tie up the "
"1actions.zil"	"3057"	"ROUTINE"	"ROPE-FUNCTION"	"TELL"	"ROUTINE/COND/COND/COND/TELL"	"<L?"	" awakens him."
"1actions.zil"	"3061"	"ROUTINE"	"ROPE-FUNCTION"	"TELL"	"ROUTINE/COND/COND/COND/TELL"	"T"	"The "
"1actions.zil"	"3061"	"ROUTINE"	"ROPE-FUNCTION"	"TELL"	"ROUTINE/COND/COND/COND/TELL"	"T"	" struggles and you cannot tie him up."
"1actions.zil"	"3063"	"ROUTINE"	"ROPE-FUNCTION"	"TELL"	"ROUTINE/COND/COND/TELL"	"T"	"Why would you tie up a "
"1actions.zil"	"3063"	"ROUTINE"	"ROPE-FUNCTION"	"TELL"	"ROUTINE/COND/COND/TELL"	"T"	"?"
"1actions.zil"	"3068"	"ROUTINE"	"ROPE-FUNCTION"	"TELL"	"ROUTINE/COND/COND/TELL"	",DOME-FLAG"	"The rope is now untied."
"1actions.zil"	"3070"	"ROUTINE"	"ROPE-FUNCTION"	"TELL"	"ROUTINE/COND/COND/TELL"	"T"	"It is not tied to anything."
"1actions.zil"	"3075"	"ROUTINE"	"ROPE-FUNCTION"	"TELL"	"ROUTINE/COND/TELL"	"<AND"	"The rope drops gently to the floor below."
"1actions.zil"	"3078"	"ROUTINE"	"ROPE-FUNCTION"	"TELL"	"ROUTINE/COND/COND/TELL"	",DOME-FLAG"	"The rope is tied to the railing."
"1actions.zil"	"3084"	"ROUTINE"	"UNTIE-FROM"	"TELL"	"ROUTINE/COND/TELL"	"T"	"It's not attached to that!"
"1actions.zil"	"3093"	"ROUTINE"	"SLIDE-FUNCTION"	"TELL"	"ROUTINE/COND/COND/TELL"	"T"	"You tumble down the slide...."
"1actions.zil"	"3100"	"ROUTINE"	"SLIDER"	"TELL"	"ROUTINE/COND/TELL"	"<FSET?"	"The "
"1actions.zil"	"3100"	"ROUTINE"	"SLIDER"	"TELL"	"ROUTINE/COND/TELL"	"<FSET?"	" falls into the slide and is gone."
"1actions.zil"	"3109"	"ROUTINE"	"SANDWICH-BAG-FCN"	"TELL"	"ROUTINE/COND/TELL"	"<AND"	"It smells of hot peppers."
"1actions.zil"	"3111"	""	""	""	""	""	"MORE RANDOMNESS"
"1actions.zil"	"3113"	"ROUTINE"	"DEAD-FUNCTION"	"ROUTINE"	"ROUTINE"	"""OPTIONAL"""	"OPTIONAL"
"1actions.zil"	"3113"	"ROUTINE"	"DEAD-FUNCTION"	"ROUTINE"	"ROUTINE"	"""OPTIONAL"""	"AUX"
"1actions.zil"	"3117"	"ROUTINE"	"DEAD-FUNCTION"	"TELL"	"ROUTINE/COND/COND/TELL"	"<AND"	"You cannot enter in your condition."
"1actions.zil"	"3122"	"ROUTINE"	"DEAD-FUNCTION"	"TELL"	"ROUTINE/COND/TELL"	"<VERB?"	"All such attacks are vain in your condition."
"1actions.zil"	"3127"	"ROUTINE"	"DEAD-FUNCTION"	"TELL"	"ROUTINE/COND/TELL"	"<VERB?"	"Even such an action is beyond your capabilities."
"1actions.zil"	"3129"	"ROUTINE"	"DEAD-FUNCTION"	"TELL"	"ROUTINE/COND/TELL"	"<VERB?"	"Might as well. You've got an eternity."
"1actions.zil"	"3131"	"ROUTINE"	"DEAD-FUNCTION"	"TELL"	"ROUTINE/COND/TELL"	"<VERB?"	"You need no light to guide you."
"1actions.zil"	"3133"	"ROUTINE"	"DEAD-FUNCTION"	"TELL"	"ROUTINE/COND/TELL"	"<VERB?"	"You're dead! How can you think of your score?"
"1actions.zil"	"3135"	"ROUTINE"	"DEAD-FUNCTION"	"TELL"	"ROUTINE/COND/TELL"	"<VERB?"	"Your hand passes through its object."
"1actions.zil"	"3137"	"ROUTINE"	"DEAD-FUNCTION"	"TELL"	"ROUTINE/COND/TELL"	"<VERB?"	"You have no possessions."
"1actions.zil"	"3139"	"ROUTINE"	"DEAD-FUNCTION"	"TELL"	"ROUTINE/COND/TELL"	"<VERB?"	"You are dead."
"1actions.zil"	"3141"	"ROUTINE"	"DEAD-FUNCTION"	"TELL"	"ROUTINE/COND/TELL"	"<VERB?"	"The room looks strange and unearthly"
"1actions.zil"	"3143"	"ROUTINE"	"DEAD-FUNCTION"	"TELL"	"ROUTINE/COND/COND/TELL"	"<NOT"	"."
"1actions.zil"	"3145"	"ROUTINE"	"DEAD-FUNCTION"	"TELL"	"ROUTINE/COND/COND/TELL"	"T"	" and objects appear indistinct."
"1actions.zil"	"3149"	"ROUTINE"	"DEAD-FUNCTION"	"TELL"	"ROUTINE/COND/COND/TELL"	"<NOT"	"Although there is no light, the room seems dimly illuminated."
"1actions.zil"	"3162"	"ROUTINE"	"DEAD-FUNCTION"	"TELL"	"ROUTINE/COND/COND/TELL"	"<EQUAL?"	"From the distance the sound of a lone trumpet is heard. The room\nbecomes very bright and you feel disembodied. In a moment, the\nbrightness fades and you find yourself rising as if from a long\nsleep, deep in the woods. In the distance you can faintly hear a\nsongbird and the sounds of the forest."
"1actions.zil"	"3169"	"ROUTINE"	"DEAD-FUNCTION"	"TELL"	"ROUTINE/COND/COND/TELL"	"T"	"Your prayers are not heard."
"1actions.zil"	"3171"	"ROUTINE"	"DEAD-FUNCTION"	"TELL"	"ROUTINE/COND/TELL"	"T"	"You can't even do that."
"1actions.zil"	"3179"	"ROUTINE"	"LAKE-PSEUDO"	"TELL"	"ROUTINE/COND/TELL"	",LOW-TIDE"	"There's not much lake left...."
"1actions.zil"	"3181"	"ROUTINE"	"LAKE-PSEUDO"	"TELL"	"ROUTINE/COND/TELL"	"<VERB?"	"It's too wide to cross."
"1actions.zil"	"3183"	"ROUTINE"	"LAKE-PSEUDO"	"TELL"	"ROUTINE/COND/TELL"	"<VERB?"	"You can't swim in this lake."
"1actions.zil"	"3187"	"ROUTINE"	"STREAM-PSEUDO"	"TELL"	"ROUTINE/COND/TELL"	"<VERB?"	"You can't swim in the stream."
"1actions.zil"	"3189"	"ROUTINE"	"STREAM-PSEUDO"	"TELL"	"ROUTINE/COND/TELL"	"<VERB?"	"The other side is a sheer rock cliff."
"1actions.zil"	"3195"	"ROUTINE"	"CHASM-PSEUDO"	"TELL"	"ROUTINE/COND/TELL"	"<OR"	"You look before leaping, and realize that you would never survive."
"1actions.zil"	"3197"	"ROUTINE"	"CHASM-PSEUDO"	"TELL"	"ROUTINE/COND/TELL"	"<VERB?"	"It's too far to jump, and there's no bridge."
"1actions.zil"	"3200"	"ROUTINE"	"CHASM-PSEUDO"	"TELL"	"ROUTINE/COND/TELL"	"<AND"	"The "
"1actions.zil"	"3200"	"ROUTINE"	"CHASM-PSEUDO"	"TELL"	"ROUTINE/COND/TELL"	"<AND"	" drops out of sight into the chasm."
"1actions.zil"	"3205"	"ROUTINE"	"DOME-PSEUDO"	"TELL"	"ROUTINE/COND/TELL"	"<VERB?"	"No."
"1actions.zil"	"3213"	"ROUTINE"	"GATE-PSEUDO"	"TELL"	"ROUTINE/COND/TELL"	"T"	"The gate is protected by an invisible force. It makes your\nteeth ache to touch it."
"1actions.zil"	"3218"	"ROUTINE"	"DOOR-PSEUDO"	"TELL"	"ROUTINE/COND/TELL"	"<VERB?"	"The door won't budge."
"1actions.zil"	"3224"	"ROUTINE"	"PAINT-PSEUDO"	"TELL"	"ROUTINE/COND/TELL"	"<VERB?"	"Some paint chips away, revealing more paint."
"1actions.zil"	"3228"	"ROUTINE"	"GAS-PSEUDO"	"TELL"	"ROUTINE/COND/TELL"	"<VERB?"	"There is too much gas to blow away."
"1actions.zil"	"3230"	"ROUTINE"	"GAS-PSEUDO"	"TELL"	"ROUTINE/COND/TELL"	"<VERB?"	"It smells like coal gas in here."
"1actions.zil"	"3232"	""	""	""	""	""	"SUBTITLE MELEE"
"1actions.zil"	"3234"	""	""	""	""	""	"melee actions (object functions for villains called with these"
"1actions.zil"	"3244"	""	""	""	""	""	"blow results"
"1actions.zil"	"3256"	""	""	""	""	""	"tables of melee results"
"1actions.zil"	"3321"	""	""	""	""	""	"useful constants"
"1actions.zil"	"3329"	""	""	""	""	""	"I-FIGHT moved to DEMONS"
"1actions.zil"	"3331"	"ROUTINE"	"DO-FIGHT"	"ROUTINE"	"ROUTINE"	"LEN"	"AUX"
"1actions.zil"	"3361"	""	""	""	""	""	"takes a remark, defender, and good-guy's weapon"
"1actions.zil"	"3363"	"ROUTINE"	"REMARK"	"ROUTINE"	"ROUTINE"	"REMARK"	"AUX"
"1actions.zil"	"3372"	""	""	""	""	""	"Strength of the player is a basic value (S) adjusted by his P?STRENGTH\nproperty, which is normally 0"
"1actions.zil"	"3375"	"ROUTINE"	"FIGHT-STRENGTH"	"ROUTINE"	"ROUTINE"	"""OPTIONAL"""	"OPTIONAL"
"1actions.zil"	"3375"	"ROUTINE"	"FIGHT-STRENGTH"	"ROUTINE"	"ROUTINE"	"""OPTIONAL"""	"AUX"
"1actions.zil"	"3384"	"ROUTINE"	"VILLAIN-STRENGTH"	"ROUTINE"	"ROUTINE"	"OO"	"AUX"
"1actions.zil"	"3399"	""	""	""	""	""	"find a weapon (if any) in possession of argument"
"1actions.zil"	"3401"	"ROUTINE"	"FIND-WEAPON"	"ROUTINE"	"ROUTINE"	"O"	"AUX"
"1actions.zil"	"3414"	"ROUTINE"	"VILLAIN-BLOW"	"ROUTINE"	"ROUTINE"	"OO"	"AUX"
"1actions.zil"	"3419"	"ROUTINE"	"VILLAIN-BLOW"	"TELL"	"ROUTINE/COND/TELL"	"<FSET?"	"The "
"1actions.zil"	"3420"	"ROUTINE"	"VILLAIN-BLOW"	"TELL"	"ROUTINE/COND/TELL"	"<FSET?"	" slowly regains his feet."
"1actions.zil"	"3473"	"ROUTINE"	"VILLAIN-BLOW"	"TELL"	"ROUTINE/COND/COND/TELL"	"<SET"	"Fortunately, you still have a "
"1actions.zil"	"3473"	"ROUTINE"	"VILLAIN-BLOW"	"TELL"	"ROUTINE/COND/COND/TELL"	"<SET"	"."
"1actions.zil"	"3476"	"ROUTINE"	"HERO-BLOW"	"ROUTINE"	"ROUTINE"	"""AUX"""	"AUX"
"1actions.zil"	"3487"	"ROUTINE"	"HERO-BLOW"	"TELL"	"ROUTINE/COND/TELL"	"<FSET?"	"You are still recovering from that last blow, so your attack is\nineffective."
"1actions.zil"	"3498"	"ROUTINE"	"HERO-BLOW"	"JIGS-UP"	"ROUTINE/COND/COND/RETURN/JIGS-UP"	"<EQUAL?"	"Well, you really did it that time. Is suicide painless?"
"1actions.zil"	"3499"	"ROUTINE"	"HERO-BLOW"	"TELL"	"ROUTINE/COND/TELL"	"<0?"	"Attacking the "
"1actions.zil"	"3499"	"ROUTINE"	"HERO-BLOW"	"TELL"	"ROUTINE/COND/TELL"	"<0?"	" is pointless."
"1actions.zil"	"3503"	"ROUTINE"	"HERO-BLOW"	"TELL"	"ROUTINE/COND/TELL"	"<OR"	"The "
"1actions.zil"	"3504"	"ROUTINE"	"HERO-BLOW"	"TELL"	"ROUTINE/COND/COND/TELL"	"<L?"	"unconscious"
"1actions.zil"	"3505"	"ROUTINE"	"HERO-BLOW"	"TELL"	"ROUTINE/COND/COND/TELL"	"T"	"unarmed"
"1actions.zil"	"3506"	"ROUTINE"	"HERO-BLOW"	"TELL"	"ROUTINE/COND/TELL"	"<OR"	" "
"1actions.zil"	"3507"	"ROUTINE"	"HERO-BLOW"	"TELL"	"ROUTINE/COND/TELL"	"<OR"	" cannot defend himself: He dies."
"1actions.zil"	"3561"	"ROUTINE"	"WINNER-RESULT"	"JIGS-UP"	"ROUTINE/COND/JIGS-UP"	"<NOT"	"It appears that that last blow was too much for you. I'm afraid you\nare dead."
"1actions.zil"	"3571"	"ROUTINE"	"VILLAIN-RESULT"	"TELL"	"ROUTINE/COND/TELL"	"<0?"	"Almost as soon as the "
"1actions.zil"	"3571"	"ROUTINE"	"VILLAIN-RESULT"	"TELL"	"ROUTINE/COND/TELL"	"<0?"	" breathes his last breath, a cloud\nof sinister black fog envelops him, and when the fog lifts, the\ncarcass has disappeared."
"1actions.zil"	"3584"	"ROUTINE"	"WINNING?"	"ROUTINE"	"ROUTINE"	"V"	"AUX"
"1actions.zil"	"3593"	"ROUTINE"	"I-CURE"	"ROUTINE"	"ROUTINE"	"""AUX"""	"AUX"
"1actions.zil"	"3604"	""	""	""	""	""	"FIGHTS"
"1actions.zil"	"3606"	""	""	""	""	""	"messages for winner"
"1actions.zil"	"3614"	"GLOBAL"	"HERO-MELEE"	"LTABLE"	"GLOBAL/TABLE/LTABLE/LTABLE"	""	"Your "
"1actions.zil"	"3614"	"GLOBAL"	"HERO-MELEE"	"LTABLE"	"GLOBAL/TABLE/LTABLE/LTABLE"	""	" misses the "
"1actions.zil"	"3614"	"GLOBAL"	"HERO-MELEE"	"LTABLE"	"GLOBAL/TABLE/LTABLE/LTABLE"	""	" by an inch."
"1actions.zil"	"3615"	"GLOBAL"	"HERO-MELEE"	"LTABLE"	"GLOBAL/TABLE/LTABLE/LTABLE"	""	"A good slash, but it misses the "
"1actions.zil"	"3615"	"GLOBAL"	"HERO-MELEE"	"LTABLE"	"GLOBAL/TABLE/LTABLE/LTABLE"	""	" by a mile."
"1actions.zil"	"3616"	"GLOBAL"	"HERO-MELEE"	"LTABLE"	"GLOBAL/TABLE/LTABLE/LTABLE"	""	"You charge, but the "
"1actions.zil"	"3616"	"GLOBAL"	"HERO-MELEE"	"LTABLE"	"GLOBAL/TABLE/LTABLE/LTABLE"	""	" jumps nimbly aside."
"1actions.zil"	"3617"	"GLOBAL"	"HERO-MELEE"	"LTABLE"	"GLOBAL/TABLE/LTABLE/LTABLE"	""	"Clang! Crash! The "
"1actions.zil"	"3617"	"GLOBAL"	"HERO-MELEE"	"LTABLE"	"GLOBAL/TABLE/LTABLE/LTABLE"	""	" parries."
"1actions.zil"	"3618"	"GLOBAL"	"HERO-MELEE"	"LTABLE"	"GLOBAL/TABLE/LTABLE/LTABLE"	""	"A quick stroke, but the "
"1actions.zil"	"3618"	"GLOBAL"	"HERO-MELEE"	"LTABLE"	"GLOBAL/TABLE/LTABLE/LTABLE"	""	" is on guard."
"1actions.zil"	"3619"	"GLOBAL"	"HERO-MELEE"	"LTABLE"	"GLOBAL/TABLE/LTABLE/LTABLE"	""	"A good stroke, but it's too slow; the "
"1actions.zil"	"3619"	"GLOBAL"	"HERO-MELEE"	"LTABLE"	"GLOBAL/TABLE/LTABLE/LTABLE"	""	" dodges."
"1actions.zil"	"3621"	"GLOBAL"	"HERO-MELEE"	"LTABLE"	"GLOBAL/TABLE/LTABLE/LTABLE"	""	"Your "
"1actions.zil"	"3621"	"GLOBAL"	"HERO-MELEE"	"LTABLE"	"GLOBAL/TABLE/LTABLE/LTABLE"	""	" crashes down, knocking the "
"1actions.zil"	"3621"	"GLOBAL"	"HERO-MELEE"	"LTABLE"	"GLOBAL/TABLE/LTABLE/LTABLE"	""	" into dreamland."
"1actions.zil"	"3622"	"GLOBAL"	"HERO-MELEE"	"LTABLE"	"GLOBAL/TABLE/LTABLE/LTABLE"	""	"The "
"1actions.zil"	"3622"	"GLOBAL"	"HERO-MELEE"	"LTABLE"	"GLOBAL/TABLE/LTABLE/LTABLE"	""	" is battered into unconsciousness."
"1actions.zil"	"3623"	"GLOBAL"	"HERO-MELEE"	"LTABLE"	"GLOBAL/TABLE/LTABLE/LTABLE"	""	"A furious exchange, and the "
"1actions.zil"	"3623"	"GLOBAL"	"HERO-MELEE"	"LTABLE"	"GLOBAL/TABLE/LTABLE/LTABLE"	""	" is knocked out!"
"1actions.zil"	"3624"	"GLOBAL"	"HERO-MELEE"	"LTABLE"	"GLOBAL/TABLE/LTABLE/LTABLE"	""	"The haft of your "
"1actions.zil"	"3624"	"GLOBAL"	"HERO-MELEE"	"LTABLE"	"GLOBAL/TABLE/LTABLE/LTABLE"	""	" knocks out the "
"1actions.zil"	"3624"	"GLOBAL"	"HERO-MELEE"	"LTABLE"	"GLOBAL/TABLE/LTABLE/LTABLE"	""	"."
"1actions.zil"	"3625"	"GLOBAL"	"HERO-MELEE"	"LTABLE"	"GLOBAL/TABLE/LTABLE/LTABLE"	""	"The "
"1actions.zil"	"3625"	"GLOBAL"	"HERO-MELEE"	"LTABLE"	"GLOBAL/TABLE/LTABLE/LTABLE"	""	" is knocked out!"
"1actions.zil"	"3627"	"GLOBAL"	"HERO-MELEE"	"LTABLE"	"GLOBAL/TABLE/LTABLE/LTABLE"	""	"It's curtains for the "
"1actions.zil"	"3627"	"GLOBAL"	"HERO-MELEE"	"LTABLE"	"GLOBAL/TABLE/LTABLE/LTABLE"	""	" as your "
"1actions.zil"	"3627"	"GLOBAL"	"HERO-MELEE"	"LTABLE"	"GLOBAL/TABLE/LTABLE/LTABLE"	""	" removes his head."
"1actions.zil"	"3628"	"GLOBAL"	"HERO-MELEE"	"LTABLE"	"GLOBAL/TABLE/LTABLE/LTABLE"	""	"The fatal blow strikes the "
"1actions.zil"	"3628"	"GLOBAL"	"HERO-MELEE"	"LTABLE"	"GLOBAL/TABLE/LTABLE/LTABLE"	""	" square in the heart: He dies."
"1actions.zil"	"3629"	"GLOBAL"	"HERO-MELEE"	"LTABLE"	"GLOBAL/TABLE/LTABLE/LTABLE"	""	"The "
"1actions.zil"	"3629"	"GLOBAL"	"HERO-MELEE"	"LTABLE"	"GLOBAL/TABLE/LTABLE/LTABLE"	""	" takes a fatal blow and slumps to the floor dead."
"1actions.zil"	"3631"	"GLOBAL"	"HERO-MELEE"	"LTABLE"	"GLOBAL/TABLE/LTABLE/LTABLE"	""	"The "
"1actions.zil"	"3631"	"GLOBAL"	"HERO-MELEE"	"LTABLE"	"GLOBAL/TABLE/LTABLE/LTABLE"	""	" is struck on the arm; blood begins to trickle down."
"1actions.zil"	"3632"	"GLOBAL"	"HERO-MELEE"	"LTABLE"	"GLOBAL/TABLE/LTABLE/LTABLE"	""	"Your "
"1actions.zil"	"3632"	"GLOBAL"	"HERO-MELEE"	"LTABLE"	"GLOBAL/TABLE/LTABLE/LTABLE"	""	" pinks the "
"1actions.zil"	"3632"	"GLOBAL"	"HERO-MELEE"	"LTABLE"	"GLOBAL/TABLE/LTABLE/LTABLE"	""	" on the wrist, but it's not serious."
"1actions.zil"	"3633"	"GLOBAL"	"HERO-MELEE"	"LTABLE"	"GLOBAL/TABLE/LTABLE/LTABLE"	""	"Your stroke lands, but it was only the flat of the blade."
"1actions.zil"	"3634"	"GLOBAL"	"HERO-MELEE"	"LTABLE"	"GLOBAL/TABLE/LTABLE/LTABLE"	""	"The blow lands, making a shallow gash in the "
"1actions.zil"	"3634"	"GLOBAL"	"HERO-MELEE"	"LTABLE"	"GLOBAL/TABLE/LTABLE/LTABLE"	""	"'s arm!"
"1actions.zil"	"3636"	"GLOBAL"	"HERO-MELEE"	"LTABLE"	"GLOBAL/TABLE/LTABLE/LTABLE"	""	"The "
"1actions.zil"	"3636"	"GLOBAL"	"HERO-MELEE"	"LTABLE"	"GLOBAL/TABLE/LTABLE/LTABLE"	""	" receives a deep gash in his side."
"1actions.zil"	"3637"	"GLOBAL"	"HERO-MELEE"	"LTABLE"	"GLOBAL/TABLE/LTABLE/LTABLE"	""	"A savage blow on the thigh! The "
"1actions.zil"	"3637"	"GLOBAL"	"HERO-MELEE"	"LTABLE"	"GLOBAL/TABLE/LTABLE/LTABLE"	""	" is stunned but can still fight!"
"1actions.zil"	"3638"	"GLOBAL"	"HERO-MELEE"	"LTABLE"	"GLOBAL/TABLE/LTABLE/LTABLE"	""	"Slash! Your blow lands! That one hit an artery, it could be serious!"
"1actions.zil"	"3639"	"GLOBAL"	"HERO-MELEE"	"LTABLE"	"GLOBAL/TABLE/LTABLE/LTABLE"	""	"Slash! Your stroke connects! This could be serious!"
"1actions.zil"	"3641"	"GLOBAL"	"HERO-MELEE"	"LTABLE"	"GLOBAL/TABLE/LTABLE/LTABLE"	""	"The "
"1actions.zil"	"3641"	"GLOBAL"	"HERO-MELEE"	"LTABLE"	"GLOBAL/TABLE/LTABLE/LTABLE"	""	" is staggered, and drops to his knees."
"1actions.zil"	"3642"	"GLOBAL"	"HERO-MELEE"	"LTABLE"	"GLOBAL/TABLE/LTABLE/LTABLE"	""	"The "
"1actions.zil"	"3642"	"GLOBAL"	"HERO-MELEE"	"LTABLE"	"GLOBAL/TABLE/LTABLE/LTABLE"	""	" is momentarily disoriented and can't fight back."
"1actions.zil"	"3643"	"GLOBAL"	"HERO-MELEE"	"LTABLE"	"GLOBAL/TABLE/LTABLE/LTABLE"	""	"The force of your blow knocks the "
"1actions.zil"	"3643"	"GLOBAL"	"HERO-MELEE"	"LTABLE"	"GLOBAL/TABLE/LTABLE/LTABLE"	""	" back, stunned."
"1actions.zil"	"3644"	"GLOBAL"	"HERO-MELEE"	"LTABLE"	"GLOBAL/TABLE/LTABLE/LTABLE"	""	"The "
"1actions.zil"	"3644"	"GLOBAL"	"HERO-MELEE"	"LTABLE"	"GLOBAL/TABLE/LTABLE/LTABLE"	""	" is confused and can't fight back."
"1actions.zil"	"3645"	"GLOBAL"	"HERO-MELEE"	"LTABLE"	"GLOBAL/TABLE/LTABLE/LTABLE"	""	"The quickness of your thrust knocks the "
"1actions.zil"	"3645"	"GLOBAL"	"HERO-MELEE"	"LTABLE"	"GLOBAL/TABLE/LTABLE/LTABLE"	""	" back, stunned."
"1actions.zil"	"3647"	"GLOBAL"	"HERO-MELEE"	"LTABLE"	"GLOBAL/TABLE/LTABLE/LTABLE"	""	"The "
"1actions.zil"	"3647"	"GLOBAL"	"HERO-MELEE"	"LTABLE"	"GLOBAL/TABLE/LTABLE/LTABLE"	""	"'s weapon is knocked to the floor, leaving him unarmed."
"1actions.zil"	"3648"	"GLOBAL"	"HERO-MELEE"	"LTABLE"	"GLOBAL/TABLE/LTABLE/LTABLE"	""	"The "
"1actions.zil"	"3648"	"GLOBAL"	"HERO-MELEE"	"LTABLE"	"GLOBAL/TABLE/LTABLE/LTABLE"	""	" is disarmed by a subtle feint past his guard."
"1actions.zil"	"3652"	""	""	""	""	""	"messages for cyclops (note that he has no weapon"
"1actions.zil"	"3657"	"GLOBAL"	"CYCLOPS-MELEE"	"LTABLE"	"GLOBAL/TABLE/LTABLE/LTABLE"	""	"The Cyclops misses, but the backwash almost knocks you over."
"1actions.zil"	"3658"	"GLOBAL"	"CYCLOPS-MELEE"	"LTABLE"	"GLOBAL/TABLE/LTABLE/LTABLE"	""	"The Cyclops rushes you, but runs into the wall."
"1actions.zil"	"3660"	"GLOBAL"	"CYCLOPS-MELEE"	"LTABLE"	"GLOBAL/TABLE/LTABLE/LTABLE"	""	"The Cyclops sends you crashing to the floor, unconscious."
"1actions.zil"	"3662"	"GLOBAL"	"CYCLOPS-MELEE"	"LTABLE"	"GLOBAL/TABLE/LTABLE/LTABLE"	""	"The Cyclops breaks your neck with a massive smash."
"1actions.zil"	"3664"	"GLOBAL"	"CYCLOPS-MELEE"	"LTABLE"	"GLOBAL/TABLE/LTABLE/LTABLE"	""	"A quick punch, but it was only a glancing blow."
"1actions.zil"	"3665"	"GLOBAL"	"CYCLOPS-MELEE"	"LTABLE"	"GLOBAL/TABLE/LTABLE/LTABLE"	""	"A glancing blow from the Cyclops' fist."
"1actions.zil"	"3667"	"GLOBAL"	"CYCLOPS-MELEE"	"LTABLE"	"GLOBAL/TABLE/LTABLE/LTABLE"	""	"The monster smashes his huge fist into your chest, breaking several\nribs."
"1actions.zil"	"3669"	"GLOBAL"	"CYCLOPS-MELEE"	"LTABLE"	"GLOBAL/TABLE/LTABLE/LTABLE"	""	"The Cyclops almost knocks the wind out of you with a quick punch."
"1actions.zil"	"3671"	"GLOBAL"	"CYCLOPS-MELEE"	"LTABLE"	"GLOBAL/TABLE/LTABLE/LTABLE"	""	"The Cyclops lands a punch that knocks the wind out of you."
"1actions.zil"	"3672"	"GLOBAL"	"CYCLOPS-MELEE"	"LTABLE"	"GLOBAL/TABLE/LTABLE/LTABLE"	""	"Heedless of your weapons, the Cyclops tosses you against the rock\nwall of the room."
"1actions.zil"	"3675"	"GLOBAL"	"CYCLOPS-MELEE"	"LTABLE"	"GLOBAL/TABLE/LTABLE/LTABLE"	""	"The Cyclops grabs your "
"1actions.zil"	"3675"	"GLOBAL"	"CYCLOPS-MELEE"	"LTABLE"	"GLOBAL/TABLE/LTABLE/LTABLE"	""	", tastes it, and throws it to the\nground in disgust."
"1actions.zil"	"3677"	"GLOBAL"	"CYCLOPS-MELEE"	"LTABLE"	"GLOBAL/TABLE/LTABLE/LTABLE"	""	"The monster grabs you on the wrist, squeezes, and you drop your\n"
"1actions.zil"	"3678"	"GLOBAL"	"CYCLOPS-MELEE"	"LTABLE"	"GLOBAL/TABLE/LTABLE/LTABLE"	""	" in pain."
"1actions.zil"	"3680"	"GLOBAL"	"CYCLOPS-MELEE"	"LTABLE"	"GLOBAL/TABLE/LTABLE/LTABLE"	""	"The Cyclops seems unable to decide whether to broil or stew his\ndinner."
"1actions.zil"	"3683"	"GLOBAL"	"CYCLOPS-MELEE"	"LTABLE"	"GLOBAL/TABLE/LTABLE/LTABLE"	""	"The Cyclops, no sportsman, dispatches his unconscious victim."
"1actions.zil"	"3687"	""	""	""	""	""	"messages for troll"
"1actions.zil"	"3692"	"GLOBAL"	"TROLL-MELEE"	"LTABLE"	"GLOBAL/TABLE/LTABLE/LTABLE"	""	"The troll swings his axe, but it misses."
"1actions.zil"	"3693"	"GLOBAL"	"TROLL-MELEE"	"LTABLE"	"GLOBAL/TABLE/LTABLE/LTABLE"	""	"The troll's axe barely misses your ear."
"1actions.zil"	"3694"	"GLOBAL"	"TROLL-MELEE"	"LTABLE"	"GLOBAL/TABLE/LTABLE/LTABLE"	""	"The axe sweeps past as you jump aside."
"1actions.zil"	"3695"	"GLOBAL"	"TROLL-MELEE"	"LTABLE"	"GLOBAL/TABLE/LTABLE/LTABLE"	""	"The axe crashes against the rock, throwing sparks!"
"1actions.zil"	"3697"	"GLOBAL"	"TROLL-MELEE"	"LTABLE"	"GLOBAL/TABLE/LTABLE/LTABLE"	""	"The flat of the troll's axe hits you delicately on the head, knocking\nyou out."
"1actions.zil"	"3700"	"GLOBAL"	"TROLL-MELEE"	"LTABLE"	"GLOBAL/TABLE/LTABLE/LTABLE"	""	"The troll neatly removes your head."
"1actions.zil"	"3701"	"GLOBAL"	"TROLL-MELEE"	"LTABLE"	"GLOBAL/TABLE/LTABLE/LTABLE"	""	"The troll's axe stroke cleaves you from the nave to the chops."
"1actions.zil"	"3702"	"GLOBAL"	"TROLL-MELEE"	"LTABLE"	"GLOBAL/TABLE/LTABLE/LTABLE"	""	"The troll's axe removes your head."
"1actions.zil"	"3704"	"GLOBAL"	"TROLL-MELEE"	"LTABLE"	"GLOBAL/TABLE/LTABLE/LTABLE"	""	"The axe gets you right in the side. Ouch!"
"1actions.zil"	"3705"	"GLOBAL"	"TROLL-MELEE"	"LTABLE"	"GLOBAL/TABLE/LTABLE/LTABLE"	""	"The flat of the troll's axe skins across your forearm."
"1actions.zil"	"3706"	"GLOBAL"	"TROLL-MELEE"	"LTABLE"	"GLOBAL/TABLE/LTABLE/LTABLE"	""	"The troll's swing almost knocks you over as you barely parry\nin time."
"1actions.zil"	"3708"	"GLOBAL"	"TROLL-MELEE"	"LTABLE"	"GLOBAL/TABLE/LTABLE/LTABLE"	""	"The troll swings his axe, and it nicks your arm as you dodge."
"1actions.zil"	"3710"	"GLOBAL"	"TROLL-MELEE"	"LTABLE"	"GLOBAL/TABLE/LTABLE/LTABLE"	""	"The troll charges, and his axe slashes you on your "
"1actions.zil"	"3710"	"GLOBAL"	"TROLL-MELEE"	"LTABLE"	"GLOBAL/TABLE/LTABLE/LTABLE"	""	" arm."
"1actions.zil"	"3711"	"GLOBAL"	"TROLL-MELEE"	"LTABLE"	"GLOBAL/TABLE/LTABLE/LTABLE"	""	"An axe stroke makes a deep wound in your leg."
"1actions.zil"	"3712"	"GLOBAL"	"TROLL-MELEE"	"LTABLE"	"GLOBAL/TABLE/LTABLE/LTABLE"	""	"The troll's axe swings down, gashing your shoulder."
"1actions.zil"	"3714"	"GLOBAL"	"TROLL-MELEE"	"LTABLE"	"GLOBAL/TABLE/LTABLE/LTABLE"	""	"The troll hits you with a glancing blow, and you are momentarily\nstunned."
"1actions.zil"	"3716"	"GLOBAL"	"TROLL-MELEE"	"LTABLE"	"GLOBAL/TABLE/LTABLE/LTABLE"	""	"The troll swings; the blade turns on your armor but crashes\nbroadside into your head."
"1actions.zil"	"3718"	"GLOBAL"	"TROLL-MELEE"	"LTABLE"	"GLOBAL/TABLE/LTABLE/LTABLE"	""	"You stagger back under a hail of axe strokes."
"1actions.zil"	"3719"	"GLOBAL"	"TROLL-MELEE"	"LTABLE"	"GLOBAL/TABLE/LTABLE/LTABLE"	""	"The troll's mighty blow drops you to your knees."
"1actions.zil"	"3721"	"GLOBAL"	"TROLL-MELEE"	"LTABLE"	"GLOBAL/TABLE/LTABLE/LTABLE"	""	"The axe hits your "
"1actions.zil"	"3721"	"GLOBAL"	"TROLL-MELEE"	"LTABLE"	"GLOBAL/TABLE/LTABLE/LTABLE"	""	" and knocks it spinning."
"1actions.zil"	"3722"	"GLOBAL"	"TROLL-MELEE"	"LTABLE"	"GLOBAL/TABLE/LTABLE/LTABLE"	""	"The troll swings, you parry, but the force of his blow knocks your "
"1actions.zil"	"3722"	"GLOBAL"	"TROLL-MELEE"	"LTABLE"	"GLOBAL/TABLE/LTABLE/LTABLE"	""	" away."
"1actions.zil"	"3723"	"GLOBAL"	"TROLL-MELEE"	"LTABLE"	"GLOBAL/TABLE/LTABLE/LTABLE"	""	"The axe knocks your "
"1actions.zil"	"3723"	"GLOBAL"	"TROLL-MELEE"	"LTABLE"	"GLOBAL/TABLE/LTABLE/LTABLE"	""	" out of your hand. It falls to the floor."
"1actions.zil"	"3725"	"GLOBAL"	"TROLL-MELEE"	"LTABLE"	"GLOBAL/TABLE/LTABLE/LTABLE"	""	"The troll hesitates, fingering his axe."
"1actions.zil"	"3726"	"GLOBAL"	"TROLL-MELEE"	"LTABLE"	"GLOBAL/TABLE/LTABLE/LTABLE"	""	"The troll scratches his head ruminatively:  Might you be magically\nprotected, he wonders?"
"1actions.zil"	"3729"	"GLOBAL"	"TROLL-MELEE"	"LTABLE"	"GLOBAL/TABLE/LTABLE/LTABLE"	""	"Conquering his fears, the troll puts you to death."
"1actions.zil"	"3733"	""	""	""	""	""	"messages for thief"
"1actions.zil"	"3738"	"GLOBAL"	"THIEF-MELEE"	"LTABLE"	"GLOBAL/TABLE/LTABLE/LTABLE"	""	"The thief stabs nonchalantly with his stiletto and misses."
"1actions.zil"	"3739"	"GLOBAL"	"THIEF-MELEE"	"LTABLE"	"GLOBAL/TABLE/LTABLE/LTABLE"	""	"You dodge as the thief comes in low."
"1actions.zil"	"3740"	"GLOBAL"	"THIEF-MELEE"	"LTABLE"	"GLOBAL/TABLE/LTABLE/LTABLE"	""	"You parry a lightning thrust, and the thief salutes you with\na grim nod."
"1actions.zil"	"3742"	"GLOBAL"	"THIEF-MELEE"	"LTABLE"	"GLOBAL/TABLE/LTABLE/LTABLE"	""	"The thief tries to sneak past your guard, but you twist away."
"1actions.zil"	"3744"	"GLOBAL"	"THIEF-MELEE"	"LTABLE"	"GLOBAL/TABLE/LTABLE/LTABLE"	""	"Shifting in the midst of a thrust, the thief knocks you unconscious\nwith the haft of his stiletto."
"1actions.zil"	"3746"	"GLOBAL"	"THIEF-MELEE"	"LTABLE"	"GLOBAL/TABLE/LTABLE/LTABLE"	""	"The thief knocks you out."
"1actions.zil"	"3748"	"GLOBAL"	"THIEF-MELEE"	"LTABLE"	"GLOBAL/TABLE/LTABLE/LTABLE"	""	"Finishing you off, the thief inserts his blade into your heart."
"1actions.zil"	"3749"	"GLOBAL"	"THIEF-MELEE"	"LTABLE"	"GLOBAL/TABLE/LTABLE/LTABLE"	""	"The thief comes in from the side, feints, and inserts the blade\ninto your ribs."
"1actions.zil"	"3751"	"GLOBAL"	"THIEF-MELEE"	"LTABLE"	"GLOBAL/TABLE/LTABLE/LTABLE"	""	"The thief bows formally, raises his stiletto, and with a wry grin,\nends the battle and your life."
"1actions.zil"	"3754"	"GLOBAL"	"THIEF-MELEE"	"LTABLE"	"GLOBAL/TABLE/LTABLE/LTABLE"	""	"A quick thrust pinks your left arm, and blood starts to\ntrickle down."
"1actions.zil"	"3756"	"GLOBAL"	"THIEF-MELEE"	"LTABLE"	"GLOBAL/TABLE/LTABLE/LTABLE"	""	"The thief draws blood, raking his stiletto across your arm."
"1actions.zil"	"3757"	"GLOBAL"	"THIEF-MELEE"	"LTABLE"	"GLOBAL/TABLE/LTABLE/LTABLE"	""	"The stiletto flashes faster than you can follow, and blood wells\nfrom your leg."
"1actions.zil"	"3759"	"GLOBAL"	"THIEF-MELEE"	"LTABLE"	"GLOBAL/TABLE/LTABLE/LTABLE"	""	"The thief slowly approaches, strikes like a snake, and leaves\nyou wounded."
"1actions.zil"	"3762"	"GLOBAL"	"THIEF-MELEE"	"LTABLE"	"GLOBAL/TABLE/LTABLE/LTABLE"	""	"The thief strikes like a snake! The resulting wound is serious."
"1actions.zil"	"3763"	"GLOBAL"	"THIEF-MELEE"	"LTABLE"	"GLOBAL/TABLE/LTABLE/LTABLE"	""	"The thief stabs a deep cut in your upper arm."
"1actions.zil"	"3764"	"GLOBAL"	"THIEF-MELEE"	"LTABLE"	"GLOBAL/TABLE/LTABLE/LTABLE"	""	"The stiletto touches your forehead, and the blood obscures your\nvision."
"1actions.zil"	"3766"	"GLOBAL"	"THIEF-MELEE"	"LTABLE"	"GLOBAL/TABLE/LTABLE/LTABLE"	""	"The thief strikes at your wrist, and suddenly your grip is slippery\nwith blood."
"1actions.zil"	"3769"	"GLOBAL"	"THIEF-MELEE"	"LTABLE"	"GLOBAL/TABLE/LTABLE/LTABLE"	""	"The butt of his stiletto cracks you on the skull, and you stagger\nback."
"1actions.zil"	"3771"	"GLOBAL"	"THIEF-MELEE"	"LTABLE"	"GLOBAL/TABLE/LTABLE/LTABLE"	""	"The thief rams the haft of his blade into your stomach, leaving\nyou out of breath."
"1actions.zil"	"3773"	"GLOBAL"	"THIEF-MELEE"	"LTABLE"	"GLOBAL/TABLE/LTABLE/LTABLE"	""	"The thief attacks, and you fall back desperately."
"1actions.zil"	"3775"	"GLOBAL"	"THIEF-MELEE"	"LTABLE"	"GLOBAL/TABLE/LTABLE/LTABLE"	""	"A long, theatrical slash. You catch it on your "
"1actions.zil"	"3775"	"GLOBAL"	"THIEF-MELEE"	"LTABLE"	"GLOBAL/TABLE/LTABLE/LTABLE"	""	", but the\nthief twists his knife, and the "
"1actions.zil"	"3776"	"GLOBAL"	"THIEF-MELEE"	"LTABLE"	"GLOBAL/TABLE/LTABLE/LTABLE"	""	" goes flying."
"1actions.zil"	"3777"	"GLOBAL"	"THIEF-MELEE"	"LTABLE"	"GLOBAL/TABLE/LTABLE/LTABLE"	""	"The thief neatly flips your "
"1actions.zil"	"3777"	"GLOBAL"	"THIEF-MELEE"	"LTABLE"	"GLOBAL/TABLE/LTABLE/LTABLE"	""	" out of your hands, and it drops\nto the floor."
"1actions.zil"	"3779"	"GLOBAL"	"THIEF-MELEE"	"LTABLE"	"GLOBAL/TABLE/LTABLE/LTABLE"	""	"You parry a low thrust, and your "
"1actions.zil"	"3779"	"GLOBAL"	"THIEF-MELEE"	"LTABLE"	"GLOBAL/TABLE/LTABLE/LTABLE"	""	" slips out of your hand."
"1actions.zil"	"3781"	"GLOBAL"	"THIEF-MELEE"	"LTABLE"	"GLOBAL/TABLE/LTABLE/LTABLE"	""	"The thief, a man of superior breeding, pauses for a moment to consider the propriety of finishing you off."
"1actions.zil"	"3782"	"GLOBAL"	"THIEF-MELEE"	"LTABLE"	"GLOBAL/TABLE/LTABLE/LTABLE"	""	"The thief amuses himself by searching your pockets."
"1actions.zil"	"3783"	"GLOBAL"	"THIEF-MELEE"	"LTABLE"	"GLOBAL/TABLE/LTABLE/LTABLE"	""	"The thief entertains himself by rifling your pack."
"1actions.zil"	"3785"	"GLOBAL"	"THIEF-MELEE"	"LTABLE"	"GLOBAL/TABLE/LTABLE/LTABLE"	""	"The thief, forgetting his essentially genteel upbringing, cuts your\nthroat."
"1actions.zil"	"3787"	"GLOBAL"	"THIEF-MELEE"	"LTABLE"	"GLOBAL/TABLE/LTABLE/LTABLE"	""	"The thief, a pragmatist, dispatches you as a threat to his\nlivelihood."
"1actions.zil"	"3791"	""	""	""	""	""	"each table entry is:"
"1actions.zil"	"3799"	""	""	""	""	""	"This table must be after TROLL-MELEE, THIEF-MELEE, CYCLOPS-MELEE defined!"
"1actions.zil"	"3806"	""	""	""	""	""	"DEMONS"
"1actions.zil"	"3808"	""	""	""	""	""	"Fighting demon"
"1actions.zil"	"3810"	"ROUTINE"	"I-FIGHT"	"ROUTINE"	"ROUTINE"	"""AUX"""	"AUX"
"1actions.zil"	"3843"	"ROUTINE"	"AWAKEN"	"ROUTINE"	"ROUTINE"	"O"	"AUX"
"1actions.zil"	"3849"	""	""	""	""	""	"SWORD demon"
"1actions.zil"	"3851"	"ROUTINE"	"I-SWORD"	"ROUTINE"	"ROUTINE"	"""AUX"""	"AUX"
"1actions.zil"	"3869"	"ROUTINE"	"I-SWORD"	"TELL"	"ROUTINE/COND/COND/TELL"	"<EQUAL?"	"Your sword has begun to glow very brightly."
"1actions.zil"	"3871"	"ROUTINE"	"I-SWORD"	"TELL"	"ROUTINE/COND/COND/TELL"	"<1?"	"Your sword is glowing with a faint blue glow."
"1actions.zil"	"3874"	"ROUTINE"	"I-SWORD"	"TELL"	"ROUTINE/COND/COND/TELL"	"<0?"	"Your sword is no longer glowing."
"1actions.zil"	"3881"	"ROUTINE"	"INFESTED?"	"ROUTINE"	"ROUTINE"	"R"	"AUX"
"1actions.zil"	"3888"	""	""	""	""	""	"THIEF demon"
"1actions.zil"	"3890"	"ROUTINE"	"I-THIEF"	"ROUTINE"	"ROUTINE"	"""AUX"""	"AUX"
"1actions.zil"	"3933"	"ROUTINE"	"DROP-JUNK"	"ROUTINE"	"ROUTINE"	"RM"	"AUX"
"1actions.zil"	"3944"	"ROUTINE"	"DROP-JUNK"	"TELL"	"ROUTINE/REPEAT/COND/COND/TELL"	"<AND"	"The robber, rummaging through his bag, dropped a few items he found\nvalueless."
"1actions.zil"	"3954"	"ROUTINE"	"STEAL-JUNK"	"ROUTINE"	"ROUTINE"	"RM"	"AUX"
"1actions.zil"	"3970"	"ROUTINE"	"STEAL-JUNK"	"TELL"	"ROUTINE/REPEAT/COND/COND/TELL"	"<EQUAL?"	"You suddenly notice that the "
"1actions.zil"	"3971"	"ROUTINE"	"STEAL-JUNK"	"TELL"	"ROUTINE/REPEAT/COND/COND/TELL"	"<EQUAL?"	" vanished."
"1actions.zil"	"3976"	"ROUTINE"	"ROB"	"ROUTINE"	"ROUTINE"	"WHAT"	"OPTIONAL"
"1actions.zil"	"3976"	"ROUTINE"	"ROB"	"ROUTINE"	"ROUTINE"	"WHAT"	"AUX"
"1actions.zil"	"3993"	"ROUTINE"	"V-DIAGNOSE"	"ROUTINE"	"ROUTINE"	"""AUX"""	"AUX"
"1actions.zil"	"3998"	"ROUTINE"	"V-DIAGNOSE"	"TELL"	"ROUTINE/COND/TELL"	"<0?"	"You are in perfect health."
"1actions.zil"	"4000"	"ROUTINE"	"V-DIAGNOSE"	"TELL"	"ROUTINE/COND/TELL"	"T"	"You have "
"1actions.zil"	"4001"	"ROUTINE"	"V-DIAGNOSE"	"TELL"	"ROUTINE/COND/COND/TELL"	"<1?"	"a light wound,"
"1actions.zil"	"4002"	"ROUTINE"	"V-DIAGNOSE"	"TELL"	"ROUTINE/COND/COND/TELL"	"<EQUAL?"	"a serious wound,"
"1actions.zil"	"4003"	"ROUTINE"	"V-DIAGNOSE"	"TELL"	"ROUTINE/COND/COND/TELL"	"<EQUAL?"	"several wounds,"
"1actions.zil"	"4004"	"ROUTINE"	"V-DIAGNOSE"	"TELL"	"ROUTINE/COND/COND/TELL"	"<G?"	"serious wounds,"
"1actions.zil"	"4006"	"ROUTINE"	"V-DIAGNOSE"	"TELL"	"ROUTINE/COND/TELL"	"<NOT"	" which will be cured after "
"1actions.zil"	"4010"	"ROUTINE"	"V-DIAGNOSE"	"TELL"	"ROUTINE/COND/TELL"	"<NOT"	" moves."
"1actions.zil"	"4012"	"ROUTINE"	"V-DIAGNOSE"	"TELL"	"ROUTINE/TELL"	""	"You can "
"1actions.zil"	"4013"	"ROUTINE"	"V-DIAGNOSE"	"TELL"	"ROUTINE/COND/TELL"	"<0?"	"expect death soon"
"1actions.zil"	"4014"	"ROUTINE"	"V-DIAGNOSE"	"TELL"	"ROUTINE/COND/TELL"	"<1?"	"be killed by one more light wound"
"1actions.zil"	"4015"	"ROUTINE"	"V-DIAGNOSE"	"TELL"	"ROUTINE/COND/TELL"	"<EQUAL?"	"be killed by a serious wound"
"1actions.zil"	"4016"	"ROUTINE"	"V-DIAGNOSE"	"TELL"	"ROUTINE/COND/TELL"	"<EQUAL?"	"survive one serious wound"
"1actions.zil"	"4018"	"ROUTINE"	"V-DIAGNOSE"	"TELL"	"ROUTINE/COND/TELL"	"<G?"	"survive several wounds"
"1actions.zil"	"4019"	"ROUTINE"	"V-DIAGNOSE"	"TELL"	"ROUTINE/TELL"	""	"."
"1actions.zil"	"4021"	"ROUTINE"	"V-DIAGNOSE"	"TELL"	"ROUTINE/COND/TELL"	"<NOT"	"You have been killed "
"1actions.zil"	"4022"	"ROUTINE"	"V-DIAGNOSE"	"TELL"	"ROUTINE/COND/COND/TELL"	"<1?"	"once"
"1actions.zil"	"4023"	"ROUTINE"	"V-DIAGNOSE"	"TELL"	"ROUTINE/COND/COND/TELL"	"T"	"twice"
"1actions.zil"	"4024"	"ROUTINE"	"V-DIAGNOSE"	"TELL"	"ROUTINE/COND/TELL"	"<NOT"	"."
"1actions.zil"	"4026"	"ROUTINE"	"V-SCORE"	"ROUTINE"	"ROUTINE"	"""OPTIONAL"""	"OPTIONAL"
"1actions.zil"	"4028"	"ROUTINE"	"V-SCORE"	"TELL"	"ROUTINE/TELL"	""	"Your score is "
"1actions.zil"	"4030"	"ROUTINE"	"V-SCORE"	"TELL"	"ROUTINE/TELL"	""	" (total of 350 points), in "
"1actions.zil"	"4032"	"ROUTINE"	"V-SCORE"	"TELL"	"ROUTINE/COND/TELL"	"<1?"	" move."
"1actions.zil"	"4032"	"ROUTINE"	"V-SCORE"	"TELL"	"ROUTINE/COND/TELL"	"ELSE"	" moves."
"1actions.zil"	"4034"	"ROUTINE"	"V-SCORE"	"TELL"	"ROUTINE/TELL"	""	"This gives you the rank of "
"1actions.zil"	"4035"	"ROUTINE"	"V-SCORE"	"TELL"	"ROUTINE/COND/TELL"	"<EQUAL?"	"Master Adventurer"
"1actions.zil"	"4036"	"ROUTINE"	"V-SCORE"	"TELL"	"ROUTINE/COND/TELL"	"<G?"	"Wizard"
"1actions.zil"	"4037"	"ROUTINE"	"V-SCORE"	"TELL"	"ROUTINE/COND/TELL"	"<G?"	"Master"
"1actions.zil"	"4038"	"ROUTINE"	"V-SCORE"	"TELL"	"ROUTINE/COND/TELL"	"<G?"	"Adventurer"
"1actions.zil"	"4039"	"ROUTINE"	"V-SCORE"	"TELL"	"ROUTINE/COND/TELL"	"<G?"	"Junior Adventurer"
"1actions.zil"	"4040"	"ROUTINE"	"V-SCORE"	"TELL"	"ROUTINE/COND/TELL"	"<G?"	"Novice Adventurer"
"1actions.zil"	"4041"	"ROUTINE"	"V-SCORE"	"TELL"	"ROUTINE/COND/TELL"	"<G?"	"Amateur Adventurer"
"1actions.zil"	"4042"	"ROUTINE"	"V-SCORE"	"TELL"	"ROUTINE/COND/TELL"	"T"	"Beginner"
"1actions.zil"	"4043"	"ROUTINE"	"V-SCORE"	"TELL"	"ROUTINE/TELL"	""	"."
"1actions.zil"	"4046"	"ROUTINE"	"JIGS-UP"	"ROUTINE"	"ROUTINE"	"DESC"	"OPTIONAL"
"1actions.zil"	"4049"	"ROUTINE"	"JIGS-UP"	"TELL"	"ROUTINE/COND/TELL"	",DEAD"	"|\nIt takes a talented person to be killed while already dead. YOU are such\na talent. Unfortunately, it takes a talented person to deal with it.\nI am not such a talent. Sorry."
"1actions.zil"	"4056"	"ROUTINE"	"JIGS-UP"	"TELL"	"ROUTINE/COND/TELL"	"<NOT"	"Bad luck, huh?"
"1actions.zil"	"4059"	"ROUTINE"	"JIGS-UP"	"TELL"	"ROUTINE/PROG/TELL"	""	"\n|    ****  You have died  ****\n|\n|"
"1actions.zil"	"4068"	"ROUTINE"	"JIGS-UP"	"TELL"	"ROUTINE/PROG/COND/TELL"	"<NOT"	"You clearly are a suicidal maniac.  We don't allow psychotics in the\ncave, since they may harm other adventurers.  Your remains will be\ninstalled in the Land of the Living Dead, where your fellow\nadventurers may gloat over them."
"1actions.zil"	"4078"	"ROUTINE"	"JIGS-UP"	"TELL"	"ROUTINE/PROG/COND/COND/TELL"	"<FSET?"	"As you take your last breath, you feel relieved of your burdens. The\nfeeling passes as you find yourself before the gates of Hell, where\nthe spirits jeer at you and deny you entry.  Your senses are\ndisturbed.  The objects in the dungeon appear indistinct, bleached of\ncolor, even unreal."
"1actions.zil"	"4091"	"ROUTINE"	"JIGS-UP"	"TELL"	"ROUTINE/PROG/COND/COND/TELL"	"T"	"Now, let's take a look here...\nWell, you probably deserve another chance.  I can't quite fix you\nup completely, but you can't have everything."
"1actions.zil"	"4101"	"ROUTINE"	"RANDOMIZE-OBJECTS"	"ROUTINE"	"ROUTINE"	"""AUX"""	"AUX"
"1actions.zil"	"4138"	"ROUTINE"	"BAG-OF-COINS-F"	"STUPID-CONTAINER"	"ROUTINE/STUPID-CONTAINER"	""	"coins"
"1actions.zil"	"4141"	"ROUTINE"	"TRUNK-F"	"STUPID-CONTAINER"	"ROUTINE/STUPID-CONTAINER"	""	"jewels"
"1actions.zil"	"4146"	"ROUTINE"	"STUPID-CONTAINER"	"TELL"	"ROUTINE/COND/TELL"	"<VERB?"	"The "
"1actions.zil"	"4146"	"ROUTINE"	"STUPID-CONTAINER"	"TELL"	"ROUTINE/COND/TELL"	"<VERB?"	" are safely inside; there's no need to do that."
"1actions.zil"	"4149"	"ROUTINE"	"STUPID-CONTAINER"	"TELL"	"ROUTINE/COND/TELL"	"<VERB?"	"There are lots of "
"1actions.zil"	"4149"	"ROUTINE"	"STUPID-CONTAINER"	"TELL"	"ROUTINE/COND/TELL"	"<VERB?"	" in there."
"1actions.zil"	"4152"	"ROUTINE"	"STUPID-CONTAINER"	"TELL"	"ROUTINE/COND/TELL"	"<AND"	"Don't be silly. It wouldn't be a "
"1actions.zil"	"4152"	"ROUTINE"	"STUPID-CONTAINER"	"TELL"	"ROUTINE/COND/TELL"	"<AND"	" anymore."
"1actions.zil"	"4156"	"ROUTINE"	"DUMB-CONTAINER"	"TELL"	"ROUTINE/COND/TELL"	"<VERB?"	"You can't do that."
"1actions.zil"	"4158"	"ROUTINE"	"DUMB-CONTAINER"	"TELL"	"ROUTINE/COND/TELL"	"<VERB?"	"It looks pretty much like a "
"1actions.zil"	"4158"	"ROUTINE"	"DUMB-CONTAINER"	"TELL"	"ROUTINE/COND/TELL"	"<VERB?"	"."
"1actions.zil"	"4164"	"ROUTINE"	"GARLIC-F"	"TELL"	"ROUTINE/COND/TELL"	"<VERB?"	"What the heck! You won't make friends this way, but nobody around\nhere is too friendly anyhow. Gulp!"
"1actions.zil"	"4169"	"ROUTINE"	"CHAIN-PSEUDO"	"TELL"	"ROUTINE/COND/TELL"	"<VERB?"	"The chain is secure."
"1actions.zil"	"4171"	"ROUTINE"	"CHAIN-PSEUDO"	"TELL"	"ROUTINE/COND/TELL"	"<VERB?"	"Perhaps you should do that to the basket."
"1actions.zil"	"4173"	"ROUTINE"	"CHAIN-PSEUDO"	"TELL"	"ROUTINE/COND/TELL"	"<VERB?"	"The chain secures a basket within the shaft."
"1dungeon.zil"	"1"	""	""	""	""	""	"1DUNGEON for\n\t        Zork I: The Great Underground Empire\n\t(c) Copyright 1983 Infocom, Inc. All Rights Reserved."
"1dungeon.zil"	"11"	""	""	""	""	""	"SUBTITLE OBJECTS"
"1dungeon.zil"	"16"	"OBJECT"	"BOARD"	"OBJECT"	"OBJECT"	"DESC"	"board"
"1dungeon.zil"	"23"	"OBJECT"	"TEETH"	"OBJECT"	"OBJECT"	"DESC"	"set of teeth"
"1dungeon.zil"	"31"	"OBJECT"	"WALL"	"OBJECT"	"OBJECT"	"DESC"	"surrounding wall"
"1dungeon.zil"	"37"	"OBJECT"	"GRANITE-WALL"	"OBJECT"	"OBJECT"	"DESC"	"granite wall"
"1dungeon.zil"	"44"	"OBJECT"	"SONGBIRD"	"OBJECT"	"OBJECT"	"DESC"	"songbird"
"1dungeon.zil"	"52"	"OBJECT"	"WHITE-HOUSE"	"OBJECT"	"OBJECT"	"DESC"	"white house"
"1dungeon.zil"	"59"	"OBJECT"	"FOREST"	"OBJECT"	"OBJECT"	"DESC"	"forest"
"1dungeon.zil"	"67"	"OBJECT"	"TREE"	"OBJECT"	"OBJECT"	"DESC"	"tree"
"1dungeon.zil"	"72"	"OBJECT"	"MOUNTAIN-RANGE"	"OBJECT"	"OBJECT"	"DESC"	"mountain range"
"1dungeon.zil"	"81"	"OBJECT"	"GLOBAL-WATER"	"OBJECT"	"OBJECT"	"DESC"	"water"
"1dungeon.zil"	"88"	"OBJECT"	"WATER"	"OBJECT"	"OBJECT"	"DESC"	"quantity of water"
"1dungeon.zil"	"97"	"OBJECT"	"KITCHEN-WINDOW"	"OBJECT"	"OBJECT"	"DESC"	"kitchen window"
"1dungeon.zil"	"105"	"OBJECT"	"CHIMNEY"	"OBJECT"	"OBJECT"	"DESC"	"chimney"
"1dungeon.zil"	"113"	"OBJECT"	"GHOSTS"	"OBJECT"	"OBJECT"	"DESC"	"number of ghosts"
"1dungeon.zil"	"121"	"OBJECT"	"SKULL"	"OBJECT"	"OBJECT"	"DESC"	"crystal skull"
"1dungeon.zil"	"123"	"OBJECT"	"SKULL"	"OBJECT"	"OBJECT"	"FDESC"	"Lying in one corner of the room is a beautifully carved crystal skull.\nIt appears to be grinning at you rather nastily."
"1dungeon.zil"	"133"	"OBJECT"	"LOWERED-BASKET"	"OBJECT"	"OBJECT"	"LDESC"	"From the chain is suspended a basket."
"1dungeon.zil"	"134"	"OBJECT"	"LOWERED-BASKET"	"OBJECT"	"OBJECT"	"DESC"	"basket"
"1dungeon.zil"	"141"	"OBJECT"	"RAISED-BASKET"	"OBJECT"	"OBJECT"	"DESC"	"basket"
"1dungeon.zil"	"144"	"OBJECT"	"RAISED-BASKET"	"OBJECT"	"OBJECT"	"LDESC"	"At the end of the chain is a basket."
"1dungeon.zil"	"151"	"OBJECT"	"LUNCH"	"OBJECT"	"OBJECT"	"DESC"	"lunch"
"1dungeon.zil"	"153"	"OBJECT"	"LUNCH"	"OBJECT"	"OBJECT"	"LDESC"	"A hot pepper sandwich is here."
"1dungeon.zil"	"159"	"OBJECT"	"BAT"	"OBJECT"	"OBJECT"	"DESC"	"bat"
"1dungeon.zil"	"168"	"OBJECT"	"BELL"	"OBJECT"	"OBJECT"	"DESC"	"brass bell"
"1dungeon.zil"	"175"	"OBJECT"	"HOT-BELL"	"OBJECT"	"OBJECT"	"DESC"	"red hot brass bell"
"1dungeon.zil"	"178"	"OBJECT"	"HOT-BELL"	"OBJECT"	"OBJECT"	"LDESC"	"On the ground is a red hot bell."
"1dungeon.zil"	"184"	"OBJECT"	"AXE"	"OBJECT"	"OBJECT"	"DESC"	"bloody axe"
"1dungeon.zil"	"193"	"OBJECT"	"BOLT"	"OBJECT"	"OBJECT"	"DESC"	"bolt"
"1dungeon.zil"	"201"	"OBJECT"	"BUBBLE"	"OBJECT"	"OBJECT"	"DESC"	"green bubble"
"1dungeon.zil"	"208"	"OBJECT"	"ALTAR"	"OBJECT"	"OBJECT"	"DESC"	"altar"
"1dungeon.zil"	"216"	"OBJECT"	"BOOK"	"OBJECT"	"OBJECT"	"DESC"	"black book"
"1dungeon.zil"	"219"	"OBJECT"	"BOOK"	"OBJECT"	"OBJECT"	"FDESC"	"On the altar is a large black book, open to page 569."
"1dungeon.zil"	"222"	"OBJECT"	"BOOK"	"OBJECT"	"OBJECT"	"TEXT"	"Commandment #12592|\n|\nOh ye who go about saying unto each:  ""Hello sailor"":|\nDost thou know the magnitude of thy sin before the gods?|\nYea, verily, thou shalt be ground between two stones.|\nShall the angry gods cast thy body into the whirlpool?|\nSurely, thy eye shall be put out with a sharp stick!|\nEven unto the ends of the earth shalt thou wander and|\nUnto the land of the dead shalt thou be sent at last.|\nSurely thou shalt repent of thy cunning."
"1dungeon.zil"	"236"	"OBJECT"	"BROKEN-LAMP"	"OBJECT"	"OBJECT"	"DESC"	"broken lantern"
"1dungeon.zil"	"243"	"OBJECT"	"SCEPTRE"	"OBJECT"	"OBJECT"	"DESC"	"sceptre"
"1dungeon.zil"	"247"	"OBJECT"	"SCEPTRE"	"OBJECT"	"OBJECT"	"LDESC"	"An ornamented sceptre, tapering to a sharp point, is here."
"1dungeon.zil"	"249"	"OBJECT"	"SCEPTRE"	"OBJECT"	"OBJECT"	"FDESC"	"A sceptre, possibly that of ancient Egypt itself, is in the coffin. The\nsceptre is ornamented with colored enamel, and tapers to a sharp point."
"1dungeon.zil"	"259"	"OBJECT"	"TIMBERS"	"OBJECT"	"OBJECT"	"DESC"	"broken timber"
"1dungeon.zil"	"267"	"OBJECT"	"SLIDE"	"OBJECT"	"OBJECT"	"DESC"	"chute"
"1dungeon.zil"	"275"	"OBJECT"	"KITCHEN-TABLE"	"OBJECT"	"OBJECT"	"DESC"	"kitchen table"
"1dungeon.zil"	"282"	"OBJECT"	"ATTIC-TABLE"	"OBJECT"	"OBJECT"	"DESC"	"table"
"1dungeon.zil"	"290"	"OBJECT"	"SANDWICH-BAG"	"OBJECT"	"OBJECT"	"DESC"	"brown sack"
"1dungeon.zil"	"293"	"OBJECT"	"SANDWICH-BAG"	"OBJECT"	"OBJECT"	"FDESC"	"On the table is an elongated brown sack, smelling of hot peppers."
"1dungeon.zil"	"302"	"OBJECT"	"TOOL-CHEST"	"OBJECT"	"OBJECT"	"DESC"	"group of tool chests"
"1dungeon.zil"	"310"	"OBJECT"	"YELLOW-BUTTON"	"OBJECT"	"OBJECT"	"DESC"	"yellow button"
"1dungeon.zil"	"318"	"OBJECT"	"BROWN-BUTTON"	"OBJECT"	"OBJECT"	"DESC"	"brown button"
"1dungeon.zil"	"326"	"OBJECT"	"RED-BUTTON"	"OBJECT"	"OBJECT"	"DESC"	"red button"
"1dungeon.zil"	"334"	"OBJECT"	"BLUE-BUTTON"	"OBJECT"	"OBJECT"	"DESC"	"blue button"
"1dungeon.zil"	"342"	"OBJECT"	"TROPHY-CASE"	"OBJECT"	"OBJECT"	"DESC"	"trophy case"
"1dungeon.zil"	"351"	"OBJECT"	"RUG"	"OBJECT"	"OBJECT"	"DESC"	"carpet"
"1dungeon.zil"	"359"	"OBJECT"	"CHALICE"	"OBJECT"	"OBJECT"	"DESC"	"chalice"
"1dungeon.zil"	"362"	"OBJECT"	"CHALICE"	"OBJECT"	"OBJECT"	"LDESC"	"There is a silver chalice, intricately engraved, here."
"1dungeon.zil"	"371"	"OBJECT"	"GARLIC"	"OBJECT"	"OBJECT"	"DESC"	"clove of garlic"
"1dungeon.zil"	"380"	"OBJECT"	"TRIDENT"	"OBJECT"	"OBJECT"	"DESC"	"crystal trident"
"1dungeon.zil"	"382"	"OBJECT"	"TRIDENT"	"OBJECT"	"OBJECT"	"FDESC"	"On the shore lies Poseidon's own crystal trident."
"1dungeon.zil"	"391"	"OBJECT"	"CYCLOPS"	"OBJECT"	"OBJECT"	"DESC"	"cyclops"
"1dungeon.zil"	"399"	"OBJECT"	"DAM"	"OBJECT"	"OBJECT"	"DESC"	"dam"
"1dungeon.zil"	"407"	"OBJECT"	"TRAP-DOOR"	"OBJECT"	"OBJECT"	"DESC"	"trap door"
"1dungeon.zil"	"415"	"OBJECT"	"BOARDED-WINDOW"	"OBJECT"	"OBJECT"	"DESC"	"boarded window"
"1dungeon.zil"	"423"	"OBJECT"	"FRONT-DOOR"	"OBJECT"	"OBJECT"	"DESC"	"door"
"1dungeon.zil"	"431"	"OBJECT"	"BARROW-DOOR"	"OBJECT"	"OBJECT"	"DESC"	"stone door"
"1dungeon.zil"	"439"	"OBJECT"	"BARROW"	"OBJECT"	"OBJECT"	"DESC"	"stone barrow"
"1dungeon.zil"	"447"	"OBJECT"	"BOTTLE"	"OBJECT"	"OBJECT"	"DESC"	"glass bottle"
"1dungeon.zil"	"450"	"OBJECT"	"BOTTLE"	"OBJECT"	"OBJECT"	"FDESC"	"A bottle is sitting on the table."
"1dungeon.zil"	"457"	"OBJECT"	"CRACK"	"OBJECT"	"OBJECT"	"DESC"	"crack"
"1dungeon.zil"	"465"	"OBJECT"	"COFFIN"	"OBJECT"	"OBJECT"	"DESC"	"gold coffin"
"1dungeon.zil"	"468"	"OBJECT"	"COFFIN"	"OBJECT"	"OBJECT"	"LDESC"	"The solid-gold coffin used for the burial of Ramses II is here."
"1dungeon.zil"	"477"	"OBJECT"	"GRATE"	"OBJECT"	"OBJECT"	"DESC"	"grating"
"1dungeon.zil"	"485"	"OBJECT"	"PUMP"	"OBJECT"	"OBJECT"	"DESC"	"hand-held air pump"
"1dungeon.zil"	"491"	"OBJECT"	"DIAMOND"	"OBJECT"	"OBJECT"	"DESC"	"huge diamond"
"1dungeon.zil"	"493"	"OBJECT"	"DIAMOND"	"OBJECT"	"OBJECT"	"LDESC"	"There is an enormous diamond (perfectly cut) here."
"1dungeon.zil"	"501"	"OBJECT"	"JADE"	"OBJECT"	"OBJECT"	"DESC"	"jade figurine"
"1dungeon.zil"	"503"	"OBJECT"	"JADE"	"OBJECT"	"OBJECT"	"LDESC"	"There is an exquisite jade figurine here."
"1dungeon.zil"	"512"	"OBJECT"	"KNIFE"	"OBJECT"	"OBJECT"	"DESC"	"nasty knife"
"1dungeon.zil"	"514"	"OBJECT"	"KNIFE"	"OBJECT"	"OBJECT"	"FDESC"	"On a table is a nasty-looking knife."
"1dungeon.zil"	"520"	"OBJECT"	"BONES"	"OBJECT"	"OBJECT"	"DESC"	"skeleton"
"1dungeon.zil"	"528"	"OBJECT"	"BURNED-OUT-LANTERN"	"OBJECT"	"OBJECT"	"DESC"	"burned-out lantern"
"1dungeon.zil"	"530"	"OBJECT"	"BURNED-OUT-LANTERN"	"OBJECT"	"OBJECT"	"FDESC"	"The deceased adventurer's useless lantern is here."
"1dungeon.zil"	"537"	"OBJECT"	"BAG-OF-COINS"	"OBJECT"	"OBJECT"	"DESC"	"leather bag of coins"
"1dungeon.zil"	"539"	"OBJECT"	"BAG-OF-COINS"	"OBJECT"	"OBJECT"	"LDESC"	"An old leather bag, bulging with coins, is here."
"1dungeon.zil"	"549"	"OBJECT"	"LAMP"	"OBJECT"	"OBJECT"	"DESC"	"brass lantern"
"1dungeon.zil"	"552"	"OBJECT"	"LAMP"	"OBJECT"	"OBJECT"	"FDESC"	"A battery-powered brass lantern is on the trophy case."
"1dungeon.zil"	"553"	"OBJECT"	"LAMP"	"OBJECT"	"OBJECT"	"LDESC"	"There is a brass lantern (battery-powered) here."
"1dungeon.zil"	"560"	"OBJECT"	"EMERALD"	"OBJECT"	"OBJECT"	"DESC"	"large emerald"
"1dungeon.zil"	"569"	"OBJECT"	"ADVERTISEMENT"	"OBJECT"	"OBJECT"	"DESC"	"leaflet"
"1dungeon.zil"	"571"	"OBJECT"	"ADVERTISEMENT"	"OBJECT"	"OBJECT"	"LDESC"	"A small leaflet is on the ground."
"1dungeon.zil"	"573"	"OBJECT"	"ADVERTISEMENT"	"OBJECT"	"OBJECT"	"TEXT"	"""WELCOME TO ZORK!|\n|\nZORK is a game of adventure, danger, and low cunning. In it you\nwill explore some of the most amazing territory ever seen by mortals.\nNo computer should be without one!"""
"1dungeon.zil"	"583"	"OBJECT"	"LEAK"	"OBJECT"	"OBJECT"	"DESC"	"leak"
"1dungeon.zil"	"590"	"OBJECT"	"MACHINE"	"OBJECT"	"OBJECT"	"DESC"	"machine"
"1dungeon.zil"	"598"	"OBJECT"	"INFLATED-BOAT"	"OBJECT"	"OBJECT"	"DESC"	"magic boat"
"1dungeon.zil"	"609"	"OBJECT"	"MAILBOX"	"OBJECT"	"OBJECT"	"DESC"	"small mailbox"
"1dungeon.zil"	"618"	"OBJECT"	"MATCH"	"OBJECT"	"OBJECT"	"DESC"	"matchbook"
"1dungeon.zil"	"622"	"OBJECT"	"MATCH"	"OBJECT"	"OBJECT"	"LDESC"	"There is a matchbook whose cover says ""Visit Beautiful FCD#3"" here."
"1dungeon.zil"	"625"	"OBJECT"	"MATCH"	"OBJECT"	"OBJECT"	"TEXT"	"|\n(Close cover before striking)|\n|\nYOU too can make BIG MONEY in the exciting field of PAPER SHUFFLING!|\n|\nMr. Anderson of Muddle, Mass. says: ""Before I took this course I\nwas a lowly bit twiddler. Now with what I learned at GUE Tech\nI feel really important and can obfuscate and confuse with the best.""|\n|\nDr. Blank had this to say: ""Ten short days ago all I could look\nforward to was a dead-end job as a doctor. Now I have a promising\nfuture and make really big Zorkmids.""|\n|\nGUE Tech can't promise these fantastic results to everyone. But when\nyou earn your degree from GUE Tech, your future will be brighter."
"1dungeon.zil"	"644"	"OBJECT"	"MIRROR-2"	"OBJECT"	"OBJECT"	"DESC"	"mirror"
"1dungeon.zil"	"651"	"OBJECT"	"MIRROR-1"	"OBJECT"	"OBJECT"	"DESC"	"mirror"
"1dungeon.zil"	"659"	"OBJECT"	"PAINTING"	"OBJECT"	"OBJECT"	"DESC"	"painting"
"1dungeon.zil"	"663"	"OBJECT"	"PAINTING"	"OBJECT"	"OBJECT"	"FDESC"	"Fortunately, there is still one chance for you to be a vandal, for on\nthe far wall is a painting of unparalleled beauty."
"1dungeon.zil"	"665"	"OBJECT"	"PAINTING"	"OBJECT"	"OBJECT"	"LDESC"	"A painting by a neglected genius is here."
"1dungeon.zil"	"674"	"OBJECT"	"CANDLES"	"OBJECT"	"OBJECT"	"DESC"	"pair of candles"
"1dungeon.zil"	"677"	"OBJECT"	"CANDLES"	"OBJECT"	"OBJECT"	"FDESC"	"On the two ends of the altar are burning candles."
"1dungeon.zil"	"683"	"OBJECT"	"GUNK"	"OBJECT"	"OBJECT"	"DESC"	"small piece of vitreous slag"
"1dungeon.zil"	"692"	"OBJECT"	"BODIES"	"OBJECT"	"OBJECT"	"DESC"	"pile of bodies"
"1dungeon.zil"	"699"	"OBJECT"	"LEAVES"	"OBJECT"	"OBJECT"	"DESC"	"pile of leaves"
"1dungeon.zil"	"702"	"OBJECT"	"LEAVES"	"OBJECT"	"OBJECT"	"LDESC"	"On the ground is a pile of leaves."
"1dungeon.zil"	"708"	"OBJECT"	"PUNCTURED-BOAT"	"OBJECT"	"OBJECT"	"DESC"	"punctured boat"
"1dungeon.zil"	"717"	"OBJECT"	"INFLATABLE-BOAT"	"OBJECT"	"OBJECT"	"DESC"	"pile of plastic"
"1dungeon.zil"	"721"	"OBJECT"	"INFLATABLE-BOAT"	"OBJECT"	"OBJECT"	"LDESC"	"There is a folded pile of plastic here which has a small valve\nattached."
"1dungeon.zil"	"729"	"OBJECT"	"BAR"	"OBJECT"	"OBJECT"	"DESC"	"platinum bar"
"1dungeon.zil"	"731"	"OBJECT"	"BAR"	"OBJECT"	"OBJECT"	"LDESC"	"On the ground is a large platinum bar."
"1dungeon.zil"	"740"	"OBJECT"	"POT-OF-GOLD"	"OBJECT"	"OBJECT"	"DESC"	"pot of gold"
"1dungeon.zil"	"742"	"OBJECT"	"POT-OF-GOLD"	"OBJECT"	"OBJECT"	"FDESC"	"At the end of the rainbow is a pot of gold."
"1dungeon.zil"	"751"	"OBJECT"	"PRAYER"	"OBJECT"	"OBJECT"	"DESC"	"prayer"
"1dungeon.zil"	"754"	"OBJECT"	"PRAYER"	"OBJECT"	"OBJECT"	"TEXT"	"The prayer is inscribed in an ancient script, rarely used today. It seems\nto be a philippic against small insects, absent-mindedness, and the picking\nup and dropping of small objects. The final verse consigns trespassers to\nthe land of the dead. All evidence indicates that the beliefs of the ancient\nZorkers were obscure."
"1dungeon.zil"	"764"	"OBJECT"	"RAILING"	"OBJECT"	"OBJECT"	"DESC"	"wooden railing"
"1dungeon.zil"	"770"	"OBJECT"	"RAINBOW"	"OBJECT"	"OBJECT"	"DESC"	"rainbow"
"1dungeon.zil"	"776"	"OBJECT"	"RIVER"	"OBJECT"	"OBJECT"	"DESC"	"river"
"1dungeon.zil"	"786"	"OBJECT"	"BUOY"	"OBJECT"	"OBJECT"	"DESC"	"red buoy"
"1dungeon.zil"	"788"	"OBJECT"	"BUOY"	"OBJECT"	"OBJECT"	"FDESC"	"There is a red buoy here (probably a warning)."
"1dungeon.zil"	"801"	"OBJECT"	"ROPE"	"OBJECT"	"OBJECT"	"DESC"	"rope"
"1dungeon.zil"	"804"	"OBJECT"	"ROPE"	"OBJECT"	"OBJECT"	"FDESC"	"A large coil of rope is lying in the corner."
"1dungeon.zil"	"811"	"OBJECT"	"RUSTY-KNIFE"	"OBJECT"	"OBJECT"	"DESC"	"rusty knife"
"1dungeon.zil"	"814"	"OBJECT"	"RUSTY-KNIFE"	"OBJECT"	"OBJECT"	"FDESC"	"Beside the skeleton is a rusty knife."
"1dungeon.zil"	"820"	"OBJECT"	"SAND"	"OBJECT"	"OBJECT"	"DESC"	"sand"
"1dungeon.zil"	"828"	"OBJECT"	"BRACELET"	"OBJECT"	"OBJECT"	"DESC"	"sapphire-encrusted bracelet"
"1dungeon.zil"	"838"	"OBJECT"	"SCREWDRIVER"	"OBJECT"	"OBJECT"	"DESC"	"screwdriver"
"1dungeon.zil"	"845"	"OBJECT"	"KEYS"	"OBJECT"	"OBJECT"	"DESC"	"skeleton key"
"1dungeon.zil"	"852"	"OBJECT"	"SHOVEL"	"OBJECT"	"OBJECT"	"DESC"	"shovel"
"1dungeon.zil"	"860"	"OBJECT"	"COAL"	"OBJECT"	"OBJECT"	"DESC"	"small pile of coal"
"1dungeon.zil"	"868"	"OBJECT"	"LADDER"	"OBJECT"	"OBJECT"	"DESC"	"wooden ladder"
"1dungeon.zil"	"875"	"OBJECT"	"SCARAB"	"OBJECT"	"OBJECT"	"DESC"	"beautiful jeweled scarab"
"1dungeon.zil"	"885"	"OBJECT"	"LARGE-BAG"	"OBJECT"	"OBJECT"	"DESC"	"large bag"
"1dungeon.zil"	"893"	"OBJECT"	"STILETTO"	"OBJECT"	"OBJECT"	"DESC"	"stiletto"
"1dungeon.zil"	"901"	"OBJECT"	"MACHINE-SWITCH"	"OBJECT"	"OBJECT"	"DESC"	"switch"
"1dungeon.zil"	"909"	"OBJECT"	"WOODEN-DOOR"	"OBJECT"	"OBJECT"	"DESC"	"wooden door"
"1dungeon.zil"	"913"	"OBJECT"	"WOODEN-DOOR"	"OBJECT"	"OBJECT"	"TEXT"	"The engravings translate to ""This space intentionally left blank."""
"1dungeon.zil"	"919"	"OBJECT"	"SWORD"	"OBJECT"	"OBJECT"	"DESC"	"sword"
"1dungeon.zil"	"923"	"OBJECT"	"SWORD"	"OBJECT"	"OBJECT"	"FDESC"	"Above the trophy case hangs an elvish sword of great antiquity."
"1dungeon.zil"	"931"	"OBJECT"	"MAP"	"OBJECT"	"OBJECT"	"DESC"	"ancient map"
"1dungeon.zil"	"934"	"OBJECT"	"MAP"	"OBJECT"	"OBJECT"	"FDESC"	"In the trophy case is an ancient parchment which appears to be a map."
"1dungeon.zil"	"937"	"OBJECT"	"MAP"	"OBJECT"	"OBJECT"	"TEXT"	"The map shows a forest with three clearings. The largest clearing contains\na house. Three paths leave the large clearing. One of these paths, leading\nsouthwest, is marked ""To Stone Barrow""."
"1dungeon.zil"	"945"	"OBJECT"	"BOAT-LABEL"	"OBJECT"	"OBJECT"	"DESC"	"tan label"
"1dungeon.zil"	"949"	"OBJECT"	"BOAT-LABEL"	"OBJECT"	"OBJECT"	"TEXT"	"  !!!!FROBOZZ MAGIC BOAT COMPANY!!!!|\n|\nHello, Sailor!|\n|\nInstructions for use:|\n|\n   To get into a body of water, say ""Launch"".|\n   To get to shore, say ""Land"" or the direction in which you want\nto maneuver the boat.|\n|\nWarranty:|\n|\n  This boat is guaranteed against all defects for a period of 76\nmilliseconds from date of purchase or until first used, whichever comes first.|\n|\nWarning:|\n   This boat is made of thin plastic.|\n   Good Luck!"
"1dungeon.zil"	"972"	"OBJECT"	"THIEF"	"OBJECT"	"OBJECT"	"DESC"	"thief"
"1dungeon.zil"	"976"	"OBJECT"	"THIEF"	"OBJECT"	"OBJECT"	"LDESC"	"There is a suspicious-looking individual, holding a large bag, leaning\nagainst one wall. He is armed with a deadly stiletto."
"1dungeon.zil"	"984"	"OBJECT"	"PEDESTAL"	"OBJECT"	"OBJECT"	"DESC"	"pedestal"
"1dungeon.zil"	"993"	"OBJECT"	"TORCH"	"OBJECT"	"OBJECT"	"DESC"	"torch"
"1dungeon.zil"	"996"	"OBJECT"	"TORCH"	"OBJECT"	"OBJECT"	"FDESC"	"Sitting on the pedestal is a flaming torch, made of ivory."
"1dungeon.zil"	"1005"	"OBJECT"	"GUIDE"	"OBJECT"	"OBJECT"	"DESC"	"tour guidebook"
"1dungeon.zil"	"1008"	"OBJECT"	"GUIDE"	"OBJECT"	"OBJECT"	"FDESC"	"Some guidebooks entitled ""Flood Control Dam #3"" are on the reception\ndesk."
"1dungeon.zil"	"1011"	"OBJECT"	"GUIDE"	"OBJECT"	"OBJECT"	"TEXT"	"""\tFlood Control Dam #3|\n|\nFCD#3 was constructed in year 783 of the Great Underground Empire to\nharness the mighty Frigid River. This work was supported by a grant of\n37 million zorkmids from your omnipotent local tyrant Lord Dimwit\nFlathead the Excessive. This impressive structure is composed of\n370,000 cubic feet of concrete, is 256 feet tall at the center, and 193\nfeet wide at the top. The lake created behind the dam has a volume\nof 1.7 billion cubic feet, an area of 12 million square feet, and a\nshore line of 36 thousand feet.|\n|\nThe construction of FCD#3 took 112 days from ground breaking to\nthe dedication. It required a work force of 384 slaves, 34 slave\ndrivers, 12 engineers, 2 turtle doves, and a partridge in a pear\ntree. The work was managed by a command team composed of 2345\nbureaucrats, 2347 secretaries (at least two of whom could type),\n12,256 paper shufflers, 52,469 rubber stampers, 245,193 red tape\nprocessors, and nearly one million dead trees.|\n|\nWe will now point out some of the more interesting features\nof FCD#3 as we conduct you on a guided tour of the facilities:|\n|\n        1) You start your tour here in the Dam Lobby. You will notice\non your right that...."
"1dungeon.zil"	"1040"	"OBJECT"	"TROLL"	"OBJECT"	"OBJECT"	"DESC"	"troll"
"1dungeon.zil"	"1044"	"OBJECT"	"TROLL"	"OBJECT"	"OBJECT"	"LDESC"	"A nasty-looking troll, brandishing a bloody axe, blocks all passages\nout of the room."
"1dungeon.zil"	"1052"	"OBJECT"	"TRUNK"	"OBJECT"	"OBJECT"	"DESC"	"trunk of jewels"
"1dungeon.zil"	"1055"	"OBJECT"	"TRUNK"	"OBJECT"	"OBJECT"	"FDESC"	"Lying half buried in the mud is an old trunk, bulging with jewels."
"1dungeon.zil"	"1056"	"OBJECT"	"TRUNK"	"OBJECT"	"OBJECT"	"LDESC"	"There is an old trunk here, bulging with assorted jewels."
"1dungeon.zil"	"1065"	"OBJECT"	"TUBE"	"OBJECT"	"OBJECT"	"DESC"	"tube"
"1dungeon.zil"	"1069"	"OBJECT"	"TUBE"	"OBJECT"	"OBJECT"	"LDESC"	"There is an object which looks like a tube of toothpaste here."
"1dungeon.zil"	"1073"	"OBJECT"	"TUBE"	"OBJECT"	"OBJECT"	"TEXT"	"---> Frobozz Magic Gunk Company <---|\n\t  All-Purpose Gunk"
"1dungeon.zil"	"1080"	"OBJECT"	"PUTTY"	"OBJECT"	"OBJECT"	"DESC"	"viscous material"
"1dungeon.zil"	"1089"	"OBJECT"	"ENGRAVINGS"	"OBJECT"	"OBJECT"	"DESC"	"wall with engravings"
"1dungeon.zil"	"1091"	"OBJECT"	"ENGRAVINGS"	"OBJECT"	"OBJECT"	"LDESC"	"There are old engravings on the walls here."
"1dungeon.zil"	"1093"	"OBJECT"	"ENGRAVINGS"	"OBJECT"	"OBJECT"	"TEXT"	"The engravings were incised in the living rock of the cave wall by\nan unknown hand. They depict, in symbolic form, the beliefs of the\nancient Zorkers. Skillfully interwoven with the bas reliefs are excerpts\nillustrating the major religious tenets of that time. Unfortunately, a\nlater age seems to have considered them blasphemous and just as skillfully\nexcised them."
"1dungeon.zil"	"1104"	"OBJECT"	"OWNERS-MANUAL"	"OBJECT"	"OBJECT"	"DESC"	"ZORK owner's manual"
"1dungeon.zil"	"1106"	"OBJECT"	"OWNERS-MANUAL"	"OBJECT"	"OBJECT"	"FDESC"	"Loosely attached to a wall is a small piece of paper."
"1dungeon.zil"	"1108"	"OBJECT"	"OWNERS-MANUAL"	"OBJECT"	"OBJECT"	"TEXT"	"Congratulations!|\n|\nYou are the privileged owner of ZORK I: The Great Underground Empire,\na self-contained and self-maintaining universe. If used and maintained\nin accordance with normal operating practices for small universes, ZORK\nwill provide many months of trouble-free operation."
"1dungeon.zil"	"1119"	"OBJECT"	"CLIMBABLE-CLIFF"	"OBJECT"	"OBJECT"	"DESC"	"cliff"
"1dungeon.zil"	"1127"	"OBJECT"	"WHITE-CLIFF"	"OBJECT"	"OBJECT"	"DESC"	"white cliffs"
"1dungeon.zil"	"1134"	"OBJECT"	"WRENCH"	"OBJECT"	"OBJECT"	"DESC"	"wrench"
"1dungeon.zil"	"1142"	"OBJECT"	"CONTROL-PANEL"	"OBJECT"	"OBJECT"	"DESC"	"control panel"
"1dungeon.zil"	"1149"	"OBJECT"	"NEST"	"OBJECT"	"OBJECT"	"DESC"	"bird's nest"
"1dungeon.zil"	"1151"	"OBJECT"	"NEST"	"OBJECT"	"OBJECT"	"FDESC"	"Beside you on the branch is a small bird's nest."
"1dungeon.zil"	"1158"	"OBJECT"	"EGG"	"OBJECT"	"OBJECT"	"DESC"	"jewel-encrusted egg"
"1dungeon.zil"	"1165"	"OBJECT"	"EGG"	"OBJECT"	"OBJECT"	"FDESC"	"In the bird's nest is a large egg encrusted with precious jewels,\napparently scavenged by a childless songbird. The egg is covered with\nfine gold inlay, and ornamented in lapis lazuli and mother-of-pearl.\nUnlike most eggs, this one is hinged and closed with a delicate looking\nclasp. The egg appears extremely fragile."
"1dungeon.zil"	"1174"	"OBJECT"	"BROKEN-EGG"	"OBJECT"	"OBJECT"	"DESC"	"broken jewel-encrusted egg"
"1dungeon.zil"	"1178"	"OBJECT"	"BROKEN-EGG"	"OBJECT"	"OBJECT"	"LDESC"	"There is a somewhat ruined egg here."
"1dungeon.zil"	"1183"	"OBJECT"	"BAUBLE"	"OBJECT"	"OBJECT"	"DESC"	"beautiful brass bauble"
"1dungeon.zil"	"1192"	"OBJECT"	"CANARY"	"OBJECT"	"OBJECT"	"DESC"	"golden clockwork canary"
"1dungeon.zil"	"1198"	"OBJECT"	"CANARY"	"OBJECT"	"OBJECT"	"FDESC"	"There is a golden clockwork canary nestled in the egg. It has ruby\neyes and a silver beak. Through a crystal window below its left\nwing you can see intricate machinery inside. It appears to have\nwound down."
"1dungeon.zil"	"1207"	"OBJECT"	"BROKEN-CANARY"	"OBJECT"	"OBJECT"	"DESC"	"broken clockwork canary"
"1dungeon.zil"	"1212"	"OBJECT"	"BROKEN-CANARY"	"OBJECT"	"OBJECT"	"FDESC"	"There is a golden clockwork canary nestled in the egg. It seems to\nhave recently had a bad experience. The mountings for its jewel-like\neyes are empty, and its silver beak is crumpled. Through a cracked\ncrystal window below its left wing you can see the remains of\nintricate machinery. It is not clear what result winding it would\nhave, as the mainspring seems sprung."
"1dungeon.zil"	"1221"	""	""	""	""	""	"SUBTITLE ROOMS"
"1dungeon.zil"	"1223"	""	""	""	""	""	"SUBTITLE CONDITIONAL EXIT FLAGS"
"1dungeon.zil"	"1237"	""	""	""	""	""	"SUBTITLE FOREST AND OUTSIDE OF HOUSE"
"1dungeon.zil"	"1241"	"ROOM"	"WEST-OF-HOUSE"	"ROOM"	"ROOM"	"DESC"	"West of House"
"1dungeon.zil"	"1247"	"ROOM"	"WEST-OF-HOUSE"	"ROOM"	"ROOM"	"EAST"	"The door is boarded and you can't remove the boards."
"1dungeon.zil"	"1257"	"ROOM"	"STONE-BARROW"	"ROOM"	"ROOM"	"LDESC"	"You are standing in front of a massive barrow of stone. In the east face\nis a huge stone door which is open. You cannot see into the dark of the tomb."
"1dungeon.zil"	"1259"	"ROOM"	"STONE-BARROW"	"ROOM"	"ROOM"	"DESC"	"Stone Barrow"
"1dungeon.zil"	"1267"	"ROOM"	"NORTH-OF-HOUSE"	"ROOM"	"ROOM"	"LDESC"	"You are facing the north side of a white house. There is no door here,\nand all the windows are boarded up. To the north a narrow path winds through\nthe trees."
"1dungeon.zil"	"1270"	"ROOM"	"NORTH-OF-HOUSE"	"ROOM"	"ROOM"	"DESC"	"North of House"
"1dungeon.zil"	"1276"	"ROOM"	"NORTH-OF-HOUSE"	"ROOM"	"ROOM"	"SOUTH"	"The windows are all boarded."
"1dungeon.zil"	"1283"	"ROOM"	"SOUTH-OF-HOUSE"	"ROOM"	"ROOM"	"LDESC"	"You are facing the south side of a white house. There is no door here,\nand all the windows are boarded."
"1dungeon.zil"	"1285"	"ROOM"	"SOUTH-OF-HOUSE"	"ROOM"	"ROOM"	"DESC"	"South of House"
"1dungeon.zil"	"1291"	"ROOM"	"SOUTH-OF-HOUSE"	"ROOM"	"ROOM"	"NORTH"	"The windows are all boarded."
"1dungeon.zil"	"1297"	"ROOM"	"EAST-OF-HOUSE"	"ROOM"	"ROOM"	"DESC"	"Behind House"
"1dungeon.zil"	"1312"	"ROOM"	"FOREST-1"	"ROOM"	"ROOM"	"LDESC"	"This is a forest, with trees in all directions. To the east,\nthere appears to be sunlight."
"1dungeon.zil"	"1314"	"ROOM"	"FOREST-1"	"ROOM"	"ROOM"	"DESC"	"Forest"
"1dungeon.zil"	"1315"	"ROOM"	"FOREST-1"	"ROOM"	"ROOM"	"UP"	"There is no tree here suitable for climbing."
"1dungeon.zil"	"1319"	"ROOM"	"FOREST-1"	"ROOM"	"ROOM"	"WEST"	"You would need a machete to go further west."
"1dungeon.zil"	"1326"	"ROOM"	"FOREST-2"	"ROOM"	"ROOM"	"LDESC"	"This is a dimly lit forest, with large trees all around."
"1dungeon.zil"	"1327"	"ROOM"	"FOREST-2"	"ROOM"	"ROOM"	"DESC"	"Forest"
"1dungeon.zil"	"1328"	"ROOM"	"FOREST-2"	"ROOM"	"ROOM"	"UP"	"There is no tree here suitable for climbing."
"1dungeon.zil"	"1329"	"ROOM"	"FOREST-2"	"ROOM"	"ROOM"	"NORTH"	"The forest becomes impenetrable to the north."
"1dungeon.zil"	"1339"	"ROOM"	"MOUNTAINS"	"ROOM"	"ROOM"	"LDESC"	"The forest thins out, revealing impassable mountains."
"1dungeon.zil"	"1340"	"ROOM"	"MOUNTAINS"	"ROOM"	"ROOM"	"DESC"	"Forest"
"1dungeon.zil"	"1341"	"ROOM"	"MOUNTAINS"	"ROOM"	"ROOM"	"UP"	"The mountains are impassable."
"1dungeon.zil"	"1343"	"ROOM"	"MOUNTAINS"	"ROOM"	"ROOM"	"EAST"	"The mountains are impassable."
"1dungeon.zil"	"1351"	"ROOM"	"FOREST-3"	"ROOM"	"ROOM"	"LDESC"	"This is a dimly lit forest, with large trees all around."
"1dungeon.zil"	"1352"	"ROOM"	"FOREST-3"	"ROOM"	"ROOM"	"DESC"	"Forest"
"1dungeon.zil"	"1353"	"ROOM"	"FOREST-3"	"ROOM"	"ROOM"	"UP"	"There is no tree here suitable for climbing."
"1dungeon.zil"	"1355"	"ROOM"	"FOREST-3"	"ROOM"	"ROOM"	"EAST"	"The rank undergrowth prevents eastward movement."
"1dungeon.zil"	"1356"	"ROOM"	"FOREST-3"	"ROOM"	"ROOM"	"SOUTH"	"Storm-tossed trees block your way."
"1dungeon.zil"	"1366"	"ROOM"	"PATH"	"ROOM"	"ROOM"	"LDESC"	"This is a path winding through a dimly lit forest. The path heads\nnorth-south here. One particularly large tree with some low branches\nstands at the edge of the path."
"1dungeon.zil"	"1369"	"ROOM"	"PATH"	"ROOM"	"ROOM"	"DESC"	"Forest Path"
"1dungeon.zil"	"1381"	"ROOM"	"UP-A-TREE"	"ROOM"	"ROOM"	"DESC"	"Up a Tree"
"1dungeon.zil"	"1383"	"ROOM"	"UP-A-TREE"	"ROOM"	"ROOM"	"UP"	"You cannot climb any higher."
"1dungeon.zil"	"1390"	"ROOM"	"GRATING-CLEARING"	"ROOM"	"ROOM"	"DESC"	"Clearing"
"1dungeon.zil"	"1391"	"ROOM"	"GRATING-CLEARING"	"ROOM"	"ROOM"	"NORTH"	"The forest becomes impenetrable to the north."
"1dungeon.zil"	"1405"	"ROUTINE"	"GRATING-EXIT"	"TELL"	"ROUTINE/COND/COND/TELL"	"T"	"The grating is closed!"
"1dungeon.zil"	"1408"	"ROUTINE"	"GRATING-EXIT"	"TELL"	"ROUTINE/COND/TELL"	"T"	"You can't go that way."
"1dungeon.zil"	"1413"	"ROOM"	"CLEARING"	"ROOM"	"ROOM"	"LDESC"	"You are in a small clearing in a well marked forest path that\nextends to the east and west."
"1dungeon.zil"	"1415"	"ROOM"	"CLEARING"	"ROOM"	"ROOM"	"DESC"	"Clearing"
"1dungeon.zil"	"1416"	"ROOM"	"CLEARING"	"ROOM"	"ROOM"	"UP"	"There is no tree here suitable for climbing."
"1dungeon.zil"	"1427"	""	""	""	""	""	"SUBTITLE HOUSE"
"1dungeon.zil"	"1431"	"ROOM"	"KITCHEN"	"ROOM"	"ROOM"	"DESC"	"Kitchen"
"1dungeon.zil"	"1437"	"ROOM"	"KITCHEN"	"ROOM"	"ROOM"	"DOWN"	"Only Santa Claus climbs down chimneys."
"1dungeon.zil"	"1445"	"ROOM"	"ATTIC"	"ROOM"	"ROOM"	"LDESC"	"This is the attic. The only exit is a stairway leading down."
"1dungeon.zil"	"1446"	"ROOM"	"ATTIC"	"ROOM"	"ROOM"	"DESC"	"Attic"
"1dungeon.zil"	"1453"	"ROOM"	"LIVING-ROOM"	"ROOM"	"ROOM"	"DESC"	"Living Room"
"1dungeon.zil"	"1455"	"ROOM"	"LIVING-ROOM"	"ROOM"	"ROOM"	"WEST"	"The door is nailed shut."
"1dungeon.zil"	"1460"	"ROOM"	"LIVING-ROOM"	"ROOM"	"ROOM"	"PSEUDO"	"NAILS"
"1dungeon.zil"	"1460"	"ROOM"	"LIVING-ROOM"	"ROOM"	"ROOM"	"PSEUDO"	"NAIL"
"1dungeon.zil"	"1464"	""	""	""	""	""	"SUBTITLE CELLAR AND VICINITY"
"1dungeon.zil"	"1468"	"ROOM"	"CELLAR"	"ROOM"	"ROOM"	"DESC"	"Cellar"
"1dungeon.zil"	"1473"	"ROOM"	"CELLAR"	"ROOM"	"ROOM"	"WEST"	"You try to ascend the ramp, but it is impossible, and you slide back down."
"1dungeon.zil"	"1482"	"ROOM"	"TROLL-ROOM"	"ROOM"	"ROOM"	"LDESC"	"This is a small room with passages to the east and south and a\nforbidding hole leading west. Bloodstains and deep scratches\n(perhaps made by an axe) mar the walls."
"1dungeon.zil"	"1485"	"ROOM"	"TROLL-ROOM"	"ROOM"	"ROOM"	"DESC"	"The Troll Room"
"1dungeon.zil"	"1488"	"ROOM"	"TROLL-ROOM"	"ROOM"	"ROOM"	"EAST"	"The troll fends you off with a menacing gesture."
"1dungeon.zil"	"1490"	"ROOM"	"TROLL-ROOM"	"ROOM"	"ROOM"	"WEST"	"The troll fends you off with a menacing gesture."
"1dungeon.zil"	"1497"	"ROOM"	"EAST-OF-CHASM"	"ROOM"	"ROOM"	"LDESC"	"You are on the east edge of a chasm, the bottom of which cannot be\nseen. A narrow passage goes north, and the path you are on continues\nto the east."
"1dungeon.zil"	"1500"	"ROOM"	"EAST-OF-CHASM"	"ROOM"	"ROOM"	"DESC"	"East of Chasm"
"1dungeon.zil"	"1503"	"ROOM"	"EAST-OF-CHASM"	"ROOM"	"ROOM"	"DOWN"	"The chasm probably leads straight to the infernal regions."
"1dungeon.zil"	"1505"	"ROOM"	"EAST-OF-CHASM"	"ROOM"	"ROOM"	"PSEUDO"	"CHASM"
"1dungeon.zil"	"1510"	"ROOM"	"GALLERY"	"ROOM"	"ROOM"	"LDESC"	"This is an art gallery. Most of the paintings have been stolen by\nvandals with exceptional taste. The vandals left through either the\nnorth or west exits."
"1dungeon.zil"	"1513"	"ROOM"	"GALLERY"	"ROOM"	"ROOM"	"DESC"	"Gallery"
"1dungeon.zil"	"1521"	"ROOM"	"STUDIO"	"ROOM"	"ROOM"	"LDESC"	"This appears to have been an artist's studio. The walls and floors are\nsplattered with paints of 69 different colors. Strangely enough, nothing\nof value is hanging here. At the south end of the room is an open door\n(also covered with paint). A dark and narrow chimney leads up from a\nfireplace; although you might be able to get up it, it seems unlikely\nyou could get back down."
"1dungeon.zil"	"1527"	"ROOM"	"STUDIO"	"ROOM"	"ROOM"	"DESC"	"Studio"
"1dungeon.zil"	"1532"	"ROOM"	"STUDIO"	"ROOM"	"ROOM"	"PSEUDO"	"DOOR"
"1dungeon.zil"	"1532"	"ROOM"	"STUDIO"	"ROOM"	"ROOM"	"PSEUDO"	"PAINT"
"1dungeon.zil"	"1536"	""	""	""	""	""	"SUBTITLE MAZE"
"1dungeon.zil"	"1540"	"ROOM"	"MAZE-1"	"ROOM"	"ROOM"	"LDESC"	"This is part of a maze of twisty little passages, all alike."
"1dungeon.zil"	"1541"	"ROOM"	"MAZE-1"	"ROOM"	"ROOM"	"DESC"	"Maze"
"1dungeon.zil"	"1550"	"ROOM"	"MAZE-2"	"ROOM"	"ROOM"	"LDESC"	"This is part of a maze of twisty little passages, all alike."
"1dungeon.zil"	"1551"	"ROOM"	"MAZE-2"	"ROOM"	"ROOM"	"DESC"	"Maze"
"1dungeon.zil"	"1559"	"ROOM"	"MAZE-3"	"ROOM"	"ROOM"	"LDESC"	"This is part of a maze of twisty little passages, all alike."
"1dungeon.zil"	"1560"	"ROOM"	"MAZE-3"	"ROOM"	"ROOM"	"DESC"	"Maze"
"1dungeon.zil"	"1568"	"ROOM"	"MAZE-4"	"ROOM"	"ROOM"	"LDESC"	"This is part of a maze of twisty little passages, all alike."
"1dungeon.zil"	"1569"	"ROOM"	"MAZE-4"	"ROOM"	"ROOM"	"DESC"	"Maze"
"1dungeon.zil"	"1577"	"ROOM"	"DEAD-END-1"	"ROOM"	"ROOM"	"DESC"	"Dead End"
"1dungeon.zil"	"1578"	"ROOM"	"DEAD-END-1"	"ROOM"	"ROOM"	"LDESC"	"You have come to a dead end in the maze."
"1dungeon.zil"	"1584"	"ROOM"	"MAZE-5"	"ROOM"	"ROOM"	"LDESC"	"This is part of a maze of twisty little passages, all alike.\nA skeleton, probably the remains of a luckless adventurer, lies here."
"1dungeon.zil"	"1586"	"ROOM"	"MAZE-5"	"ROOM"	"ROOM"	"DESC"	"Maze"
"1dungeon.zil"	"1594"	"ROOM"	"DEAD-END-2"	"ROOM"	"ROOM"	"DESC"	"Dead End"
"1dungeon.zil"	"1595"	"ROOM"	"DEAD-END-2"	"ROOM"	"ROOM"	"LDESC"	"You have come to a dead end in the maze."
"1dungeon.zil"	"1601"	"ROOM"	"MAZE-6"	"ROOM"	"ROOM"	"LDESC"	"This is part of a maze of twisty little passages, all alike."
"1dungeon.zil"	"1602"	"ROOM"	"MAZE-6"	"ROOM"	"ROOM"	"DESC"	"Maze"
"1dungeon.zil"	"1611"	"ROOM"	"MAZE-7"	"ROOM"	"ROOM"	"LDESC"	"This is part of a maze of twisty little passages, all alike."
"1dungeon.zil"	"1612"	"ROOM"	"MAZE-7"	"ROOM"	"ROOM"	"DESC"	"Maze"
"1dungeon.zil"	"1622"	"ROOM"	"MAZE-8"	"ROOM"	"ROOM"	"LDESC"	"This is part of a maze of twisty little passages, all alike."
"1dungeon.zil"	"1623"	"ROOM"	"MAZE-8"	"ROOM"	"ROOM"	"DESC"	"Maze"
"1dungeon.zil"	"1631"	"ROOM"	"DEAD-END-3"	"ROOM"	"ROOM"	"DESC"	"Dead End"
"1dungeon.zil"	"1632"	"ROOM"	"DEAD-END-3"	"ROOM"	"ROOM"	"LDESC"	"You have come to a dead end in the maze."
"1dungeon.zil"	"1638"	"ROOM"	"MAZE-9"	"ROOM"	"ROOM"	"LDESC"	"This is part of a maze of twisty little passages, all alike."
"1dungeon.zil"	"1639"	"ROOM"	"MAZE-9"	"ROOM"	"ROOM"	"DESC"	"Maze"
"1dungeon.zil"	"1650"	"ROOM"	"MAZE-10"	"ROOM"	"ROOM"	"LDESC"	"This is part of a maze of twisty little passages, all alike."
"1dungeon.zil"	"1651"	"ROOM"	"MAZE-10"	"ROOM"	"ROOM"	"DESC"	"Maze"
"1dungeon.zil"	"1659"	"ROOM"	"MAZE-11"	"ROOM"	"ROOM"	"LDESC"	"This is part of a maze of twisty little passages, all alike."
"1dungeon.zil"	"1660"	"ROOM"	"MAZE-11"	"ROOM"	"ROOM"	"DESC"	"Maze"
"1dungeon.zil"	"1669"	"ROOM"	"GRATING-ROOM"	"ROOM"	"ROOM"	"DESC"	"Grating Room"
"1dungeon.zil"	"1672"	"ROOM"	"GRATING-ROOM"	"ROOM"	"ROOM"	"UP"	"The grating is closed."
"1dungeon.zil"	"1679"	"ROOM"	"MAZE-12"	"ROOM"	"ROOM"	"LDESC"	"This is part of a maze of twisty little passages, all alike."
"1dungeon.zil"	"1680"	"ROOM"	"MAZE-12"	"ROOM"	"ROOM"	"DESC"	"Maze"
"1dungeon.zil"	"1690"	"ROOM"	"DEAD-END-4"	"ROOM"	"ROOM"	"DESC"	"Dead End"
"1dungeon.zil"	"1691"	"ROOM"	"DEAD-END-4"	"ROOM"	"ROOM"	"LDESC"	"You have come to a dead end in the maze."
"1dungeon.zil"	"1697"	"ROOM"	"MAZE-13"	"ROOM"	"ROOM"	"LDESC"	"This is part of a maze of twisty little passages, all alike."
"1dungeon.zil"	"1698"	"ROOM"	"MAZE-13"	"ROOM"	"ROOM"	"DESC"	"Maze"
"1dungeon.zil"	"1707"	"ROOM"	"MAZE-14"	"ROOM"	"ROOM"	"LDESC"	"This is part of a maze of twisty little passages, all alike."
"1dungeon.zil"	"1708"	"ROOM"	"MAZE-14"	"ROOM"	"ROOM"	"DESC"	"Maze"
"1dungeon.zil"	"1717"	"ROOM"	"MAZE-15"	"ROOM"	"ROOM"	"LDESC"	"This is part of a maze of twisty little passages, all alike."
"1dungeon.zil"	"1718"	"ROOM"	"MAZE-15"	"ROOM"	"ROOM"	"DESC"	"Maze"
"1dungeon.zil"	"1726"	""	""	""	""	""	"SUBTITLE CYCLOPS AND HIDEAWAY"
"1dungeon.zil"	"1730"	"ROOM"	"CYCLOPS-ROOM"	"ROOM"	"ROOM"	"DESC"	"Cyclops Room"
"1dungeon.zil"	"1733"	"ROOM"	"CYCLOPS-ROOM"	"ROOM"	"ROOM"	"EAST"	"The east wall is solid rock."
"1dungeon.zil"	"1735"	"ROOM"	"CYCLOPS-ROOM"	"ROOM"	"ROOM"	"UP"	"The cyclops doesn't look like he'll let you past."
"1dungeon.zil"	"1743"	"ROOM"	"STRANGE-PASSAGE"	"ROOM"	"ROOM"	"LDESC"	"This is a long passage. To the west is one entrance. On the\neast there is an old wooden door, with a large opening in it (about\ncyclops sized)."
"1dungeon.zil"	"1746"	"ROOM"	"STRANGE-PASSAGE"	"ROOM"	"ROOM"	"DESC"	"Strange Passage"
"1dungeon.zil"	"1755"	"ROOM"	"TREASURE-ROOM"	"ROOM"	"ROOM"	"LDESC"	"This is a large room, whose east wall is solid granite. A number\nof discarded bags, which crumble at your touch, are scattered about\non the floor. There is an exit down a staircase."
"1dungeon.zil"	"1758"	"ROOM"	"TREASURE-ROOM"	"ROOM"	"ROOM"	"DESC"	"Treasure Room"
"1dungeon.zil"	"1767"	""	""	""	""	""	"SUBTITLE RESERVOIR AREA"
"1dungeon.zil"	"1771"	"ROOM"	"RESERVOIR-SOUTH"	"ROOM"	"ROOM"	"DESC"	"Reservoir South"
"1dungeon.zil"	"1777"	"ROOM"	"RESERVOIR-SOUTH"	"ROOM"	"ROOM"	"NORTH"	"You would drown."
"1dungeon.zil"	"1781"	"ROOM"	"RESERVOIR-SOUTH"	"ROOM"	"ROOM"	"PSEUDO"	"LAKE"
"1dungeon.zil"	"1781"	"ROOM"	"RESERVOIR-SOUTH"	"ROOM"	"ROOM"	"PSEUDO"	"CHASM"
"1dungeon.zil"	"1785"	"ROOM"	"RESERVOIR"	"ROOM"	"ROOM"	"DESC"	"Reservoir"
"1dungeon.zil"	"1790"	"ROOM"	"RESERVOIR"	"ROOM"	"ROOM"	"DOWN"	"The dam blocks your way."
"1dungeon.zil"	"1793"	"ROOM"	"RESERVOIR"	"ROOM"	"ROOM"	"PSEUDO"	"STREAM"
"1dungeon.zil"	"1798"	"ROOM"	"RESERVOIR-NORTH"	"ROOM"	"ROOM"	"DESC"	"Reservoir North"
"1dungeon.zil"	"1801"	"ROOM"	"RESERVOIR-NORTH"	"ROOM"	"ROOM"	"SOUTH"	"You would drown."
"1dungeon.zil"	"1805"	"ROOM"	"RESERVOIR-NORTH"	"ROOM"	"ROOM"	"PSEUDO"	"LAKE"
"1dungeon.zil"	"1810"	"ROOM"	"STREAM-VIEW"	"ROOM"	"ROOM"	"LDESC"	"You are standing on a path beside a gently flowing stream. The path\nfollows the stream, which flows from west to east."
"1dungeon.zil"	"1812"	"ROOM"	"STREAM-VIEW"	"ROOM"	"ROOM"	"DESC"	"Stream View"
"1dungeon.zil"	"1814"	"ROOM"	"STREAM-VIEW"	"ROOM"	"ROOM"	"WEST"	"The stream emerges from a spot too small for you to enter."
"1dungeon.zil"	"1817"	"ROOM"	"STREAM-VIEW"	"ROOM"	"ROOM"	"PSEUDO"	"STREAM"
"1dungeon.zil"	"1822"	"ROOM"	"IN-STREAM"	"ROOM"	"ROOM"	"LDESC"	"You are on the gently flowing stream. The upstream route is too narrow\nto navigate, and the downstream route is invisible due to twisting\nwalls. There is a narrow beach to land on."
"1dungeon.zil"	"1825"	"ROOM"	"IN-STREAM"	"ROOM"	"ROOM"	"DESC"	"Stream"
"1dungeon.zil"	"1826"	"ROOM"	"IN-STREAM"	"ROOM"	"ROOM"	"UP"	"The channel is too narrow."
"1dungeon.zil"	"1827"	"ROOM"	"IN-STREAM"	"ROOM"	"ROOM"	"WEST"	"The channel is too narrow."
"1dungeon.zil"	"1833"	"ROOM"	"IN-STREAM"	"ROOM"	"ROOM"	"PSEUDO"	"STREAM"
"1dungeon.zil"	"1837"	""	""	""	""	""	"SUBTITLE MIRROR ROOMS AND VICINITY"
"1dungeon.zil"	"1841"	"ROOM"	"MIRROR-ROOM-1"	"ROOM"	"ROOM"	"DESC"	"Mirror Room"
"1dungeon.zil"	"1850"	"ROOM"	"MIRROR-ROOM-2"	"ROOM"	"ROOM"	"DESC"	"Mirror Room"
"1dungeon.zil"	"1860"	"ROOM"	"SMALL-CAVE"	"ROOM"	"ROOM"	"LDESC"	"This is a tiny cave with entrances west and north, and a staircase\nleading down."
"1dungeon.zil"	"1862"	"ROOM"	"SMALL-CAVE"	"ROOM"	"ROOM"	"DESC"	"Cave"
"1dungeon.zil"	"1873"	"ROOM"	"TINY-CAVE"	"ROOM"	"ROOM"	"LDESC"	"This is a tiny cave with entrances west and north, and a dark,\nforbidding staircase leading down."
"1dungeon.zil"	"1875"	"ROOM"	"TINY-CAVE"	"ROOM"	"ROOM"	"DESC"	"Cave"
"1dungeon.zil"	"1886"	"ROOM"	"COLD-PASSAGE"	"ROOM"	"ROOM"	"LDESC"	"This is a cold and damp corridor where a long east-west passageway\nturns into a southward path."
"1dungeon.zil"	"1888"	"ROOM"	"COLD-PASSAGE"	"ROOM"	"ROOM"	"DESC"	"Cold Passage"
"1dungeon.zil"	"1896"	"ROOM"	"NARROW-PASSAGE"	"ROOM"	"ROOM"	"LDESC"	"This is a long and narrow corridor where a long north-south passageway\nbriefly narrows even further."
"1dungeon.zil"	"1898"	"ROOM"	"NARROW-PASSAGE"	"ROOM"	"ROOM"	"DESC"	"Narrow Passage"
"1dungeon.zil"	"1906"	"ROOM"	"WINDING-PASSAGE"	"ROOM"	"ROOM"	"LDESC"	"This is a winding passage. It seems that there are only exits\non the east and north."
"1dungeon.zil"	"1908"	"ROOM"	"WINDING-PASSAGE"	"ROOM"	"ROOM"	"DESC"	"Winding Passage"
"1dungeon.zil"	"1916"	"ROOM"	"TWISTING-PASSAGE"	"ROOM"	"ROOM"	"LDESC"	"This is a winding passage. It seems that there are only exits\non the east and north."
"1dungeon.zil"	"1918"	"ROOM"	"TWISTING-PASSAGE"	"ROOM"	"ROOM"	"DESC"	"Twisting Passage"
"1dungeon.zil"	"1926"	"ROOM"	"ATLANTIS-ROOM"	"ROOM"	"ROOM"	"LDESC"	"This is an ancient room, long under water. There is an exit to\nthe south and a staircase leading up."
"1dungeon.zil"	"1928"	"ROOM"	"ATLANTIS-ROOM"	"ROOM"	"ROOM"	"DESC"	"Atlantis Room"
"1dungeon.zil"	"1936"	""	""	""	""	""	"SUBTITLE ROUND ROOM AND VICINITY"
"1dungeon.zil"	"1941"	"ROOM"	"EW-PASSAGE"	"ROOM"	"ROOM"	"LDESC"	"This is a narrow east-west passageway. There is a narrow stairway\nleading down at the north end of the room."
"1dungeon.zil"	"1943"	"ROOM"	"EW-PASSAGE"	"ROOM"	"ROOM"	"DESC"	"East-West Passage"
"1dungeon.zil"	"1955"	"ROOM"	"ROUND-ROOM"	"ROOM"	"ROOM"	"LDESC"	"This is a circular stone room with passages in all directions. Several\nof them have unfortunately been blocked by cave-ins."
"1dungeon.zil"	"1957"	"ROOM"	"ROUND-ROOM"	"ROOM"	"ROOM"	"DESC"	"Round Room"
"1dungeon.zil"	"1967"	"ROOM"	"DEEP-CANYON"	"ROOM"	"ROOM"	"DESC"	"Deep Canyon"
"1dungeon.zil"	"1979"	"ROOM"	"DAMP-CAVE"	"ROOM"	"ROOM"	"LDESC"	"This cave has exits to the west and east, and narrows to a crack toward\nthe south. The earth is particularly damp here."
"1dungeon.zil"	"1981"	"ROOM"	"DAMP-CAVE"	"ROOM"	"ROOM"	"DESC"	"Damp Cave"
"1dungeon.zil"	"1984"	"ROOM"	"DAMP-CAVE"	"ROOM"	"ROOM"	"SOUTH"	"It is too narrow for most insects."
"1dungeon.zil"	"1990"	"ROOM"	"LOUD-ROOM"	"ROOM"	"ROOM"	"DESC"	"Loud Room"
"1dungeon.zil"	"2001"	"ROOM"	"NS-PASSAGE"	"ROOM"	"ROOM"	"LDESC"	"This is a high north-south passage, which forks to the northeast."
"1dungeon.zil"	"2002"	"ROOM"	"NS-PASSAGE"	"ROOM"	"ROOM"	"DESC"	"North-South Passage"
"1dungeon.zil"	"2011"	"ROOM"	"CHASM-ROOM"	"ROOM"	"ROOM"	"LDESC"	"A chasm runs southwest to northeast and the path follows it. You are\non the south side of the chasm, where a crack opens into a passage."
"1dungeon.zil"	"2013"	"ROOM"	"CHASM-ROOM"	"ROOM"	"ROOM"	"DESC"	"Chasm"
"1dungeon.zil"	"2018"	"ROOM"	"CHASM-ROOM"	"ROOM"	"ROOM"	"DOWN"	"Are you out of your mind?"
"1dungeon.zil"	"2021"	"ROOM"	"CHASM-ROOM"	"ROOM"	"ROOM"	"PSEUDO"	"CHASM"
"1dungeon.zil"	"2025"	""	""	""	""	""	"SUBTITLE HADES ET AL"
"1dungeon.zil"	"2029"	"ROOM"	"ENTRANCE-TO-HADES"	"ROOM"	"ROOM"	"DESC"	"Entrance to Hades"
"1dungeon.zil"	"2032"	"ROOM"	"ENTRANCE-TO-HADES"	"ROOM"	"ROOM"	"IN"	"Some invisible force prevents you from passing through the gate."
"1dungeon.zil"	"2034"	"ROOM"	"ENTRANCE-TO-HADES"	"ROOM"	"ROOM"	"SOUTH"	"Some invisible force prevents you from passing through the gate."
"1dungeon.zil"	"2038"	"ROOM"	"ENTRANCE-TO-HADES"	"ROOM"	"ROOM"	"PSEUDO"	"GATE"
"1dungeon.zil"	"2038"	"ROOM"	"ENTRANCE-TO-HADES"	"ROOM"	"ROOM"	"PSEUDO"	"GATES"
"1dungeon.zil"	"2043"	"ROOM"	"LAND-OF-LIVING-DEAD"	"ROOM"	"ROOM"	"LDESC"	"You have entered the Land of the Living Dead. Thousands of lost souls\ncan be heard weeping and moaning. In the corner are stacked the remains\nof dozens of previous adventurers less fortunate than yourself.\nA passage exits to the north."
"1dungeon.zil"	"2047"	"ROOM"	"LAND-OF-LIVING-DEAD"	"ROOM"	"ROOM"	"DESC"	"Land of the Dead"
"1dungeon.zil"	"2055"	""	""	""	""	""	"SUBTITLE DOME, TEMPLE, EGYPT"
"1dungeon.zil"	"2060"	"ROOM"	"ENGRAVINGS-CAVE"	"ROOM"	"ROOM"	"LDESC"	"You have entered a low cave with passages leading northwest and east."
"1dungeon.zil"	"2061"	"ROOM"	"ENGRAVINGS-CAVE"	"ROOM"	"ROOM"	"DESC"	"Engravings Cave"
"1dungeon.zil"	"2069"	"ROOM"	"EGYPT-ROOM"	"ROOM"	"ROOM"	"LDESC"	"This is a room which looks like an Egyptian tomb. There is an\nascending staircase to the west."
"1dungeon.zil"	"2071"	"ROOM"	"EGYPT-ROOM"	"ROOM"	"ROOM"	"DESC"	"Egyptian Room"
"1dungeon.zil"	"2079"	"ROOM"	"DOME-ROOM"	"ROOM"	"ROOM"	"DESC"	"Dome Room"
"1dungeon.zil"	"2082"	"ROOM"	"DOME-ROOM"	"ROOM"	"ROOM"	"DOWN"	"You cannot go down without fracturing many bones."
"1dungeon.zil"	"2085"	"ROOM"	"DOME-ROOM"	"ROOM"	"ROOM"	"PSEUDO"	"DOME"
"1dungeon.zil"	"2089"	"ROOM"	"TORCH-ROOM"	"ROOM"	"ROOM"	"DESC"	"Torch Room"
"1dungeon.zil"	"2090"	"ROOM"	"TORCH-ROOM"	"ROOM"	"ROOM"	"UP"	"You cannot reach the rope."
"1dungeon.zil"	"2096"	"ROOM"	"TORCH-ROOM"	"ROOM"	"ROOM"	"PSEUDO"	"DOME"
"1dungeon.zil"	"2101"	"ROOM"	"NORTH-TEMPLE"	"ROOM"	"ROOM"	"LDESC"	"This is the north end of a large temple. On the east wall is an\nancient inscription, probably a prayer in a long-forgotten language.\nBelow the prayer is a staircase leading down. The west wall is solid\ngranite. The exit to the north end of the room is through huge\nmarble pillars."
"1dungeon.zil"	"2106"	"ROOM"	"NORTH-TEMPLE"	"ROOM"	"ROOM"	"DESC"	"Temple"
"1dungeon.zil"	"2120"	"ROOM"	"SOUTH-TEMPLE"	"ROOM"	"ROOM"	"LDESC"	"This is the south end of a large temple. In front of you is what\nappears to be an altar. In one corner is a small hole in the floor\nwhich leads into darkness. You probably could not get back up it."
"1dungeon.zil"	"2123"	"ROOM"	"SOUTH-TEMPLE"	"ROOM"	"ROOM"	"DESC"	"Altar"
"1dungeon.zil"	"2127"	"ROOM"	"SOUTH-TEMPLE"	"ROOM"	"ROOM"	"DOWN"	"You haven't a prayer of getting the coffin down there."
"1dungeon.zil"	"2133"	""	""	""	""	""	"SUBTITLE FLOOD CONTROL DAM #3"
"1dungeon.zil"	"2137"	"ROOM"	"DAM-ROOM"	"ROOM"	"ROOM"	"DESC"	"Dam"
"1dungeon.zil"	"2150"	"ROOM"	"DAM-LOBBY"	"ROOM"	"ROOM"	"LDESC"	"This room appears to have been the waiting room for groups touring\nthe dam. There are open doorways here to the north and east marked\n""Private"", and there is a path leading south over the top of the dam."
"1dungeon.zil"	"2153"	"ROOM"	"DAM-LOBBY"	"ROOM"	"ROOM"	"DESC"	"Dam Lobby"
"1dungeon.zil"	"2162"	"ROOM"	"MAINTENANCE-ROOM"	"ROOM"	"ROOM"	"LDESC"	"This is what appears to have been the maintenance room for Flood\nControl Dam #3. Apparently, this room has been ransacked recently, for\nmost of the valuable equipment is gone. On the wall in front of you is a\ngroup of buttons colored blue, yellow, brown, and red. There are doorways to\nthe west and south."
"1dungeon.zil"	"2167"	"ROOM"	"MAINTENANCE-ROOM"	"ROOM"	"ROOM"	"DESC"	"Maintenance Room"
"1dungeon.zil"	"2174"	""	""	""	""	""	"SUBTITLE RIVER AREA"
"1dungeon.zil"	"2179"	"ROOM"	"DAM-BASE"	"ROOM"	"ROOM"	"LDESC"	"You are at the base of Flood Control Dam #3, which looms above you\nand to the north. The river Frigid is flowing by here. Along the\nriver are the White Cliffs which seem to form giant walls stretching\nfrom north to south along the shores of the river as it winds its\nway downstream."
"1dungeon.zil"	"2184"	"ROOM"	"DAM-BASE"	"ROOM"	"ROOM"	"DESC"	"Dam Base"
"1dungeon.zil"	"2193"	"ROOM"	"RIVER-1"	"ROOM"	"ROOM"	"LDESC"	"You are on the Frigid River in the vicinity of the Dam. The river\nflows quietly here. There is a landing on the west shore."
"1dungeon.zil"	"2195"	"ROOM"	"RIVER-1"	"ROOM"	"ROOM"	"DESC"	"Frigid River"
"1dungeon.zil"	"2196"	"ROOM"	"RIVER-1"	"ROOM"	"ROOM"	"UP"	"You cannot go upstream due to strong currents."
"1dungeon.zil"	"2200"	"ROOM"	"RIVER-1"	"ROOM"	"ROOM"	"EAST"	"The White Cliffs prevent your landing here."
"1dungeon.zil"	"2207"	"ROOM"	"RIVER-2"	"ROOM"	"ROOM"	"LDESC"	"The river turns a corner here making it impossible to see the\nDam. The White Cliffs loom on the east bank and large rocks prevent\nlanding on the west."
"1dungeon.zil"	"2210"	"ROOM"	"RIVER-2"	"ROOM"	"ROOM"	"DESC"	"Frigid River"
"1dungeon.zil"	"2211"	"ROOM"	"RIVER-2"	"ROOM"	"ROOM"	"UP"	"You cannot go upstream due to strong currents."
"1dungeon.zil"	"2213"	"ROOM"	"RIVER-2"	"ROOM"	"ROOM"	"LAND"	"There is no safe landing spot here."
"1dungeon.zil"	"2214"	"ROOM"	"RIVER-2"	"ROOM"	"ROOM"	"EAST"	"The White Cliffs prevent your landing here."
"1dungeon.zil"	"2215"	"ROOM"	"RIVER-2"	"ROOM"	"ROOM"	"WEST"	"Just in time you steer away from the rocks."
"1dungeon.zil"	"2222"	"ROOM"	"RIVER-3"	"ROOM"	"ROOM"	"LDESC"	"The river descends here into a valley. There is a narrow beach on the\nwest shore below the cliffs. In the distance a faint rumbling can be\nheard."
"1dungeon.zil"	"2225"	"ROOM"	"RIVER-3"	"ROOM"	"ROOM"	"DESC"	"Frigid River"
"1dungeon.zil"	"2226"	"ROOM"	"RIVER-3"	"ROOM"	"ROOM"	"UP"	"You cannot go upstream due to strong currents."
"1dungeon.zil"	"2236"	"ROOM"	"WHITE-CLIFFS-NORTH"	"ROOM"	"ROOM"	"LDESC"	"You are on a narrow strip of beach which runs along the base of the\nWhite Cliffs. There is a narrow path heading south along the Cliffs\nand a tight passage leading west into the cliffs themselves."
"1dungeon.zil"	"2239"	"ROOM"	"WHITE-CLIFFS-NORTH"	"ROOM"	"ROOM"	"DESC"	"White Cliffs Beach"
"1dungeon.zil"	"2240"	"ROOM"	"WHITE-CLIFFS-NORTH"	"ROOM"	"ROOM"	"SOUTH"	"The path is too narrow."
"1dungeon.zil"	"2241"	"ROOM"	"WHITE-CLIFFS-NORTH"	"ROOM"	"ROOM"	"WEST"	"The path is too narrow."
"1dungeon.zil"	"2249"	"ROOM"	"WHITE-CLIFFS-SOUTH"	"ROOM"	"ROOM"	"LDESC"	"You are on a rocky, narrow strip of beach beside the Cliffs. A\nnarrow path leads north along the shore."
"1dungeon.zil"	"2251"	"ROOM"	"WHITE-CLIFFS-SOUTH"	"ROOM"	"ROOM"	"DESC"	"White Cliffs Beach"
"1dungeon.zil"	"2253"	"ROOM"	"WHITE-CLIFFS-SOUTH"	"ROOM"	"ROOM"	"NORTH"	"The path is too narrow."
"1dungeon.zil"	"2261"	"ROOM"	"RIVER-4"	"ROOM"	"ROOM"	"LDESC"	"The river is running faster here and the sound ahead appears to be\nthat of rushing water. On the east shore is a sandy beach. A small\narea of beach can also be seen below the cliffs on the west shore."
"1dungeon.zil"	"2264"	"ROOM"	"RIVER-4"	"ROOM"	"ROOM"	"DESC"	"Frigid River"
"1dungeon.zil"	"2265"	"ROOM"	"RIVER-4"	"ROOM"	"ROOM"	"UP"	"You cannot go upstream due to strong currents."
"1dungeon.zil"	"2267"	"ROOM"	"RIVER-4"	"ROOM"	"ROOM"	"LAND"	"You can land either to the east or the west."
"1dungeon.zil"	"2277"	"ROOM"	"RIVER-5"	"ROOM"	"ROOM"	"LDESC"	"The sound of rushing water is nearly unbearable here. On the east\nshore is a large landing area."
"1dungeon.zil"	"2279"	"ROOM"	"RIVER-5"	"ROOM"	"ROOM"	"DESC"	"Frigid River"
"1dungeon.zil"	"2280"	"ROOM"	"RIVER-5"	"ROOM"	"ROOM"	"UP"	"You cannot go upstream due to strong currents."
"1dungeon.zil"	"2289"	"ROOM"	"SHORE"	"ROOM"	"ROOM"	"LDESC"	"You are on the east shore of the river. The water here seems somewhat\ntreacherous. A path travels from north to south here, the south end\nquickly turning around a sharp corner."
"1dungeon.zil"	"2292"	"ROOM"	"SHORE"	"ROOM"	"ROOM"	"DESC"	"Shore"
"1dungeon.zil"	"2302"	"ROOM"	"SANDY-BEACH"	"ROOM"	"ROOM"	"LDESC"	"You are on a large sandy beach on the east shore of the river, which is\nflowing quickly by. A path runs beside the river to the south here, and\na passage is partially buried in sand to the northeast."
"1dungeon.zil"	"2305"	"ROOM"	"SANDY-BEACH"	"ROOM"	"ROOM"	"DESC"	"Sandy Beach"
"1dungeon.zil"	"2314"	"ROOM"	"SANDY-CAVE"	"ROOM"	"ROOM"	"LDESC"	"This is a sand-filled cave whose exit is to the southwest."
"1dungeon.zil"	"2315"	"ROOM"	"SANDY-CAVE"	"ROOM"	"ROOM"	"DESC"	"Sandy Cave"
"1dungeon.zil"	"2321"	"ROOM"	"ARAGAIN-FALLS"	"ROOM"	"ROOM"	"DESC"	"Aragain Falls"
"1dungeon.zil"	"2323"	"ROOM"	"ARAGAIN-FALLS"	"ROOM"	"ROOM"	"DOWN"	"It's a long way..."
"1dungeon.zil"	"2333"	"ROOM"	"ON-RAINBOW"	"ROOM"	"ROOM"	"LDESC"	"You are on top of a rainbow (I bet you never thought you would walk\non a rainbow), with a magnificent view of the Falls. The rainbow\ntravels east-west here."
"1dungeon.zil"	"2336"	"ROOM"	"ON-RAINBOW"	"ROOM"	"ROOM"	"DESC"	"On the Rainbow"
"1dungeon.zil"	"2345"	"ROOM"	"END-OF-RAINBOW"	"ROOM"	"ROOM"	"LDESC"	"You are on a small, rocky beach on the continuation of the Frigid\nRiver past the Falls. The beach is narrow due to the presence of the\nWhite Cliffs. The river canyon opens here and sunlight shines in\nfrom above. A rainbow crosses over the falls to the east and a narrow\npath continues to the southwest."
"1dungeon.zil"	"2350"	"ROOM"	"END-OF-RAINBOW"	"ROOM"	"ROOM"	"DESC"	"End of Rainbow"
"1dungeon.zil"	"2361"	"ROOM"	"CANYON-BOTTOM"	"ROOM"	"ROOM"	"LDESC"	"You are beneath the walls of the river canyon which may be climbable\nhere. The lesser part of the runoff of Aragain Falls flows by below.\nTo the north is a narrow path."
"1dungeon.zil"	"2364"	"ROOM"	"CANYON-BOTTOM"	"ROOM"	"ROOM"	"DESC"	"Canyon Bottom"
"1dungeon.zil"	"2373"	"ROOM"	"CLIFF-MIDDLE"	"ROOM"	"ROOM"	"LDESC"	"You are on a ledge about halfway up the wall of the river canyon.\nYou can see from here that the main flow from Aragain Falls twists\nalong a passage which it is impossible for you to enter. Below you is the\ncanyon bottom. Above you is more cliff, which appears\nclimbable."
"1dungeon.zil"	"2378"	"ROOM"	"CLIFF-MIDDLE"	"ROOM"	"ROOM"	"DESC"	"Rocky Ledge"
"1dungeon.zil"	"2387"	"ROOM"	"CANYON-VIEW"	"ROOM"	"ROOM"	"LDESC"	"You are at the top of the Great Canyon on its west wall. From here\nthere is a marvelous view of the canyon and parts of the Frigid River\nupstream. Across the canyon, the walls of the White Cliffs join the\nmighty ramparts of the Flathead Mountains to the east. Following the\nCanyon upstream to the north, Aragain Falls may be seen, complete with\nrainbow. The mighty Frigid River flows out from a great dark cavern. To\nthe west and south can be seen an immense forest, stretching for miles\naround. A path leads northwest. It is possible to climb down into\nthe canyon from here."
"1dungeon.zil"	"2396"	"ROOM"	"CANYON-VIEW"	"ROOM"	"ROOM"	"DESC"	"Canyon View"
"1dungeon.zil"	"2401"	"ROOM"	"CANYON-VIEW"	"ROOM"	"ROOM"	"SOUTH"	"Storm-tossed trees block your way."
"1dungeon.zil"	"2410"	"ROUTINE"	"CANYON-VIEW-F"	"JIGS-UP"	"ROUTINE/COND/JIGS-UP"	"<AND"	"Nice view, lousy place to jump."
"1dungeon.zil"	"2416"	""	""	""	""	""	"SUBTITLE COAL MINE AREA"
"1dungeon.zil"	"2422"	"ROOM"	"MINE-ENTRANCE"	"ROOM"	"ROOM"	"LDESC"	"You are standing at the entrance of what might have been a coal mine.\nThe shaft enters the west wall, and there is another exit on the south\nend of the room."
"1dungeon.zil"	"2425"	"ROOM"	"MINE-ENTRANCE"	"ROOM"	"ROOM"	"DESC"	"Mine Entrance"
"1dungeon.zil"	"2434"	"ROOM"	"SQUEEKY-ROOM"	"ROOM"	"ROOM"	"LDESC"	"You are in a small room. Strange squeaky sounds may be heard coming\nfrom the passage at the north end. You may also escape to the east."
"1dungeon.zil"	"2436"	"ROOM"	"SQUEEKY-ROOM"	"ROOM"	"ROOM"	"DESC"	"Squeaky Room"
"1dungeon.zil"	"2443"	"ROOM"	"BAT-ROOM"	"ROOM"	"ROOM"	"DESC"	"Bat Room"
"1dungeon.zil"	"2452"	"ROOM"	"SHAFT-ROOM"	"ROOM"	"ROOM"	"LDESC"	"This is a large room, in the middle of which is a small shaft\ndescending through the floor into darkness below. To the west and\nthe north are exits from this room. Constructed over the top of the\nshaft is a metal framework to which a heavy iron chain is attached."
"1dungeon.zil"	"2456"	"ROOM"	"SHAFT-ROOM"	"ROOM"	"ROOM"	"DESC"	"Shaft Room"
"1dungeon.zil"	"2457"	"ROOM"	"SHAFT-ROOM"	"ROOM"	"ROOM"	"DOWN"	"You wouldn't fit and would die if you could."
"1dungeon.zil"	"2461"	"ROOM"	"SHAFT-ROOM"	"ROOM"	"ROOM"	"PSEUDO"	"CHAIN"
"1dungeon.zil"	"2466"	"ROOM"	"SMELLY-ROOM"	"ROOM"	"ROOM"	"LDESC"	"This is a small nondescript room. However, from the direction\nof a small descending staircase a foul odor can be detected. To the\nsouth is a narrow tunnel."
"1dungeon.zil"	"2469"	"ROOM"	"SMELLY-ROOM"	"ROOM"	"ROOM"	"DESC"	"Smelly Room"
"1dungeon.zil"	"2474"	"ROOM"	"SMELLY-ROOM"	"ROOM"	"ROOM"	"PSEUDO"	"ODOR"
"1dungeon.zil"	"2474"	"ROOM"	"SMELLY-ROOM"	"ROOM"	"ROOM"	"PSEUDO"	"GAS"
"1dungeon.zil"	"2479"	"ROOM"	"GAS-ROOM"	"ROOM"	"ROOM"	"LDESC"	"This is a small room which smells strongly of coal gas. There is a\nshort climb up some stairs and a narrow tunnel leading east."
"1dungeon.zil"	"2481"	"ROOM"	"GAS-ROOM"	"ROOM"	"ROOM"	"DESC"	"Gas Room"
"1dungeon.zil"	"2487"	"ROOM"	"GAS-ROOM"	"ROOM"	"ROOM"	"PSEUDO"	"GAS"
"1dungeon.zil"	"2487"	"ROOM"	"GAS-ROOM"	"ROOM"	"ROOM"	"PSEUDO"	"ODOR"
"1dungeon.zil"	"2492"	"ROOM"	"LADDER-TOP"	"ROOM"	"ROOM"	"LDESC"	"This is a very small room. In the corner is a rickety wooden\nladder, leading downward. It might be safe to descend. There is\nalso a staircase leading upward."
"1dungeon.zil"	"2495"	"ROOM"	"LADDER-TOP"	"ROOM"	"ROOM"	"DESC"	"Ladder Top"
"1dungeon.zil"	"2504"	"ROOM"	"LADDER-BOTTOM"	"ROOM"	"ROOM"	"LDESC"	"This is a rather wide room. On one side is the bottom of a\nnarrow wooden ladder. To the west and the south are passages\nleaving the room."
"1dungeon.zil"	"2507"	"ROOM"	"LADDER-BOTTOM"	"ROOM"	"ROOM"	"DESC"	"Ladder Bottom"
"1dungeon.zil"	"2516"	"ROOM"	"DEAD-END-5"	"ROOM"	"ROOM"	"DESC"	"Dead End"
"1dungeon.zil"	"2517"	"ROOM"	"DEAD-END-5"	"ROOM"	"ROOM"	"LDESC"	"You have come to a dead end in the mine."
"1dungeon.zil"	"2524"	"ROOM"	"TIMBER-ROOM"	"ROOM"	"ROOM"	"LDESC"	"This is a long and narrow passage, which is cluttered with broken\ntimbers. A wide passage comes from the east and turns at the\nwest end of the room into a very narrow passageway. From the west\ncomes a strong draft."
"1dungeon.zil"	"2528"	"ROOM"	"TIMBER-ROOM"	"ROOM"	"ROOM"	"DESC"	"Timber Room"
"1dungeon.zil"	"2532"	"ROOM"	"TIMBER-ROOM"	"ROOM"	"ROOM"	"WEST"	"You cannot fit through this passage with that load."
"1dungeon.zil"	"2539"	"ROOM"	"LOWER-SHAFT"	"ROOM"	"ROOM"	"LDESC"	"This is a small drafty room in which is the bottom of a long\nshaft. To the south is a passageway and to the east a very narrow\npassage. In the shaft can be seen a heavy iron chain."
"1dungeon.zil"	"2542"	"ROOM"	"LOWER-SHAFT"	"ROOM"	"ROOM"	"DESC"	"Drafty Room"
"1dungeon.zil"	"2546"	"ROOM"	"LOWER-SHAFT"	"ROOM"	"ROOM"	"OUT"	"You cannot fit through this passage with that load."
"1dungeon.zil"	"2549"	"ROOM"	"LOWER-SHAFT"	"ROOM"	"ROOM"	"EAST"	"You cannot fit through this passage with that load."
"1dungeon.zil"	"2552"	"ROOM"	"LOWER-SHAFT"	"ROOM"	"ROOM"	"PSEUDO"	"CHAIN"
"1dungeon.zil"	"2556"	"ROOM"	"MACHINE-ROOM"	"ROOM"	"ROOM"	"DESC"	"Machine Room"
"1dungeon.zil"	"2563"	""	""	""	""	""	"SUBTITLE COAL MINE"
"1dungeon.zil"	"2567"	"ROOM"	"MINE-1"	"ROOM"	"ROOM"	"LDESC"	"This is a nondescript part of a coal mine."
"1dungeon.zil"	"2568"	"ROOM"	"MINE-1"	"ROOM"	"ROOM"	"DESC"	"Coal Mine"
"1dungeon.zil"	"2576"	"ROOM"	"MINE-2"	"ROOM"	"ROOM"	"LDESC"	"This is a nondescript part of a coal mine."
"1dungeon.zil"	"2577"	"ROOM"	"MINE-2"	"ROOM"	"ROOM"	"DESC"	"Coal Mine"
"1dungeon.zil"	"2585"	"ROOM"	"MINE-3"	"ROOM"	"ROOM"	"LDESC"	"This is a nondescript part of a coal mine."
"1dungeon.zil"	"2586"	"ROOM"	"MINE-3"	"ROOM"	"ROOM"	"DESC"	"Coal Mine"
"1dungeon.zil"	"2594"	"ROOM"	"MINE-4"	"ROOM"	"ROOM"	"LDESC"	"This is a nondescript part of a coal mine."
"1dungeon.zil"	"2595"	"ROOM"	"MINE-4"	"ROOM"	"ROOM"	"DESC"	"Coal Mine"
"1dungeon.zil"	"2604"	"ROOM"	"SLIDE-ROOM"	"ROOM"	"ROOM"	"LDESC"	"This is a small chamber, which appears to have been part of a\ncoal mine. On the south wall of the chamber the letters ""Granite\nWall"" are etched in the rock. To the east is a long passage, and\nthere is a steep metal slide twisting downward. To the north is\na small opening."
"1dungeon.zil"	"2609"	"ROOM"	"SLIDE-ROOM"	"ROOM"	"ROOM"	"DESC"	"Slide Room"
"gclock.zil"	"1"	""	""	""	""	""	"GCLOCK for\n\t\t\t    The Zork Trilogy\n\t (c) Copyright 1983 Infocom, Inc.  All Rights Reserved"
"gclock.zil"	"21"	"ROUTINE"	"QUEUE"	"ROUTINE"	"ROUTINE"	"RTN"	"AUX"
"gclock.zil"	"26"	"ROUTINE"	"INT"	"ROUTINE"	"ROUTINE"	"RTN"	"OPTIONAL"
"gclock.zil"	"43"	"ROUTINE"	"CLOCKER"	"ROUTINE"	"ROUTINE"	"""AUX"""	"AUX"
"gglobals.zil"	"1"	""	""	""	""	""	"Generic GLOBALS file for\n\t\t\t    The ZORK Trilogy\n\t\t       started on 7/28/83 by MARC"
"gglobals.zil"	"5"	""	""	""	""	""	"SUBTITLE GLOBAL OBJECTS"
"gglobals.zil"	"18"	"OBJECT"	"LOCAL-GLOBALS"	"OBJECT"	"OBJECT"	"FDESC"	"F"
"gglobals.zil"	"19"	"OBJECT"	"LOCAL-GLOBALS"	"OBJECT"	"OBJECT"	"LDESC"	"F"
"gglobals.zil"	"20"	"OBJECT"	"LOCAL-GLOBALS"	"OBJECT"	"OBJECT"	"PSEUDO"	"FOOBAR"
"gglobals.zil"	"35"	"OBJECT"	"INTNUM"	"OBJECT"	"OBJECT"	"DESC"	"number"
"gglobals.zil"	"39"	"OBJECT"	"PSEUDO-OBJECT"	"OBJECT"	"OBJECT"	"DESC"	"pseudo"
"gglobals.zil"	"45"	"OBJECT"	"IT"	"OBJECT"	"OBJECT"	"DESC"	"random object"
"gglobals.zil"	"49"	"OBJECT"	"NOT-HERE-OBJECT"	"OBJECT"	"OBJECT"	"DESC"	"such thing"
"gglobals.zil"	"52"	"ROUTINE"	"NOT-HERE-OBJECT-F"	"ROUTINE"	"ROUTINE"	"""AUX"""	"AUX"
"gglobals.zil"	"56"	"ROUTINE"	"NOT-HERE-OBJECT-F"	"TELL"	"ROUTINE/COND/TELL"	"<AND"	"Those things aren't here!"
"gglobals.zil"	"67"	"ROUTINE"	"NOT-HERE-OBJECT-F"	"TELL"	"ROUTINE/COND/TELL"	"<EQUAL?"	"You can't see any "
"gglobals.zil"	"69"	"ROUTINE"	"NOT-HERE-OBJECT-F"	"TELL"	"ROUTINE/COND/TELL"	"<EQUAL?"	" here!"
"gglobals.zil"	"71"	"ROUTINE"	"NOT-HERE-OBJECT-F"	"TELL"	"ROUTINE/COND/TELL"	"T"	"The "
"gglobals.zil"	"71"	"ROUTINE"	"NOT-HERE-OBJECT-F"	"TELL"	"ROUTINE/COND/TELL"	"T"	" seems confused. ""I don't see any "
"gglobals.zil"	"73"	"ROUTINE"	"NOT-HERE-OBJECT-F"	"TELL"	"ROUTINE/COND/TELL"	"T"	" here!"""
"gglobals.zil"	"85"	"ROUTINE"	"NULL-F"	"ROUTINE"	"ROUTINE"	"""OPTIONAL"""	"OPTIONAL"
"gglobals.zil"	"90"	""	""	""	""	""	"Objects shared by all three Zorks go here"
"gglobals.zil"	"99"	"OBJECT"	"BLESSINGS"	"OBJECT"	"OBJECT"	"DESC"	"blessings"
"gglobals.zil"	"106"	"OBJECT"	"STAIRS"	"OBJECT"	"OBJECT"	"DESC"	"stairs"
"gglobals.zil"	"113"	"ROUTINE"	"STAIRS-F"	"TELL"	"ROUTINE/COND/TELL"	"<VERB?"	"You should say whether you want to go up or down."
"gglobals.zil"	"118"	"OBJECT"	"SAILOR"	"OBJECT"	"OBJECT"	"DESC"	"sailor"
"gglobals.zil"	"126"	"ROUTINE"	"SAILOR-FCN"	"TELL"	"ROUTINE/COND/TELL"	"<VERB?"	"You can't talk to the sailor that way."
"gglobals.zil"	"135"	"ROUTINE"	"SAILOR-FCN"	"TELL"	"ROUTINE/COND/TELL"	"<VERB?"	"There is no sailor to be seen."
"gglobals.zil"	"157"	"ROUTINE"	"SAILOR-FCN"	"TELL"	"ROUTINE/COND/COND/COND/TELL"	"<0?"	"You seem to be repeating yourself."
"gglobals.zil"	"160"	"ROUTINE"	"SAILOR-FCN"	"TELL"	"ROUTINE/COND/COND/COND/TELL"	"<0?"	"I think that phrase is getting a bit worn out."
"gglobals.zil"	"162"	"ROUTINE"	"SAILOR-FCN"	"TELL"	"ROUTINE/COND/COND/COND/TELL"	"T"	"Nothing happens here."
"gglobals.zil"	"167"	"OBJECT"	"GROUND"	"OBJECT"	"OBJECT"	"DESC"	"ground"
"gglobals.zil"	"182"	"ROUTINE"	"GROUND-FUNCTION"	"TELL"	"ROUTINE/COND/TELL"	"<VERB?"	"The ground is too hard for digging here."
"gglobals.zil"	"188"	"OBJECT"	"GRUE"	"OBJECT"	"OBJECT"	"DESC"	"lurking grue"
"gglobals.zil"	"194"	"ROUTINE"	"GRUE-FUNCTION"	"TELL"	"ROUTINE/COND/TELL"	"<VERB?"	"The grue is a sinister, lurking presence in the dark places of the\nearth. Its favorite diet is adventurers, but its insatiable\nappetite is tempered by its fear of light. No grue has ever been\nseen by the light of day, and few have survived its fearsome jaws\nto tell the tale."
"gglobals.zil"	"201"	"ROUTINE"	"GRUE-FUNCTION"	"TELL"	"ROUTINE/COND/TELL"	"<VERB?"	"There is no grue here, but I'm sure there is at least one lurking\nin the darkness nearby. I wouldn't let my light go out if I were\nyou!"
"gglobals.zil"	"206"	"ROUTINE"	"GRUE-FUNCTION"	"TELL"	"ROUTINE/COND/TELL"	"<VERB?"	"It makes no sound but is always lurking in the darkness nearby."
"gglobals.zil"	"211"	"OBJECT"	"LUNGS"	"OBJECT"	"OBJECT"	"DESC"	"blast of air"
"gglobals.zil"	"217"	"OBJECT"	"ME"	"OBJECT"	"OBJECT"	"DESC"	"you"
"gglobals.zil"	"226"	"ROUTINE"	"CRETIN-FCN"	"TELL"	"ROUTINE/COND/TELL"	"<VERB?"	"Talking to yourself is said to be a sign of impending mental collapse."
"gglobals.zil"	"232"	"ROUTINE"	"CRETIN-FCN"	"TELL"	"ROUTINE/COND/TELL"	"<VERB?"	"Only you can do that."
"gglobals.zil"	"234"	"ROUTINE"	"CRETIN-FCN"	"TELL"	"ROUTINE/COND/TELL"	"<VERB?"	"You'll have to do that on your own."
"gglobals.zil"	"236"	"ROUTINE"	"CRETIN-FCN"	"TELL"	"ROUTINE/COND/TELL"	"<VERB?"	"Auto-cannibalism is not the answer."
"gglobals.zil"	"239"	"ROUTINE"	"CRETIN-FCN"	"JIGS-UP"	"ROUTINE/COND/COND/JIGS-UP"	"<AND"	"If you insist.... Poof, you're dead!"
"gglobals.zil"	"241"	"ROUTINE"	"CRETIN-FCN"	"TELL"	"ROUTINE/COND/COND/TELL"	"T"	"Suicide is not the answer."
"gglobals.zil"	"245"	"ROUTINE"	"CRETIN-FCN"	"TELL"	"ROUTINE/COND/COND/TELL"	"<==?"	"Why don't you just walk like normal people?"
"gglobals.zil"	"247"	"ROUTINE"	"CRETIN-FCN"	"TELL"	"ROUTINE/COND/TELL"	"<VERB?"	"How romantic!"
"gglobals.zil"	"252"	"ROUTINE"	"CRETIN-FCN"	"TELL"	"ROUTINE/COND/COND/COND/TELL"	"<EQUAL?"	"Your image in the mirror looks tired."
"gglobals.zil"	"265"	"ROUTINE"	"CRETIN-FCN"	"TELL"	"ROUTINE/COND/COND/COND/TELL"	"ELSE"	"That's difficult unless your eyes are prehensile."
"gglobals.zil"	"269"	"OBJECT"	"ADVENTURER"	"OBJECT"	"OBJECT"	"DESC"	"cretin"
"gglobals.zil"	"278"	"OBJECT"	"PATHOBJ"	"OBJECT"	"OBJECT"	"DESC"	"passage"
"gglobals.zil"	"284"	"ROUTINE"	"PATH-OBJECT"	"TELL"	"ROUTINE/COND/TELL"	"<VERB?"	"You must specify a direction to go."
"gglobals.zil"	"286"	"ROUTINE"	"PATH-OBJECT"	"TELL"	"ROUTINE/COND/TELL"	"<VERB?"	"I can't help you there...."
"gglobals.zil"	"288"	"ROUTINE"	"PATH-OBJECT"	"TELL"	"ROUTINE/COND/TELL"	"<VERB?"	"Not a chance."
"gglobals.zil"	"293"	"OBJECT"	"ZORKMID"	"OBJECT"	"OBJECT"	"DESC"	"zorkmid"
"gglobals.zil"	"299"	"ROUTINE"	"ZORKMID-FUNCTION"	"TELL"	"ROUTINE/COND/TELL"	"<VERB?"	"The zorkmid is the unit of currency of the Great Underground Empire."
"gglobals.zil"	"302"	"ROUTINE"	"ZORKMID-FUNCTION"	"TELL"	"ROUTINE/COND/TELL"	"<VERB?"	"The best way to find zorkmids is to go out and look for them."
"gglobals.zil"	"308"	"OBJECT"	"HANDS"	"OBJECT"	"OBJECT"	"DESC"	"pair of hands"
"gmacros.zil"	"1"	""	""	""	""	""	"GMACROS for\n\t\t\t    The Zork Trilogy\n\t (c) Copyright 1983 Infocom, Inc.  All Rights Reserved"
"gmacros.zil"	"9"	"DEFMAC"	"TELL"	"DEFMAC"	"DEFMAC"	"""ARGS"""	"ARGS"
"gmacros.zil"	"12"	"DEFMAC"	"TELL"	"FUNCTION"	"DEFMAC/FORM/MAPF/FUNCTION"	"""AUX"""	"AUX"
"gmacros.zil"	"18"	"DEFMAC"	"TELL"	"=?"	"DEFMAC/FORM/MAPF/FUNCTION/COND/COND/OR/=?"	"<OR"	"CRLF"
"gmacros.zil"	"19"	"DEFMAC"	"TELL"	"=?"	"DEFMAC/FORM/MAPF/FUNCTION/COND/COND/OR/=?"	"<OR"	"CR"
"gmacros.zil"	"27"	"DEFMAC"	"TELL"	"=?"	"DEFMAC/FORM/MAPF/FUNCTION/COND/COND/COND/OR/=?"	"<OR"	"DESC"
"gmacros.zil"	"28"	"DEFMAC"	"TELL"	"=?"	"DEFMAC/FORM/MAPF/FUNCTION/COND/COND/COND/OR/=?"	"<OR"	"D"
"gmacros.zil"	"29"	"DEFMAC"	"TELL"	"=?"	"DEFMAC/FORM/MAPF/FUNCTION/COND/COND/COND/OR/=?"	"<OR"	"OBJ"
"gmacros.zil"	"30"	"DEFMAC"	"TELL"	"=?"	"DEFMAC/FORM/MAPF/FUNCTION/COND/COND/COND/OR/=?"	"<OR"	"O"
"gmacros.zil"	"32"	"DEFMAC"	"TELL"	"=?"	"DEFMAC/FORM/MAPF/FUNCTION/COND/COND/COND/OR/=?"	"<OR"	"A"
"gmacros.zil"	"33"	"DEFMAC"	"TELL"	"=?"	"DEFMAC/FORM/MAPF/FUNCTION/COND/COND/COND/OR/=?"	"<OR"	"AN"
"gmacros.zil"	"35"	"DEFMAC"	"TELL"	"=?"	"DEFMAC/FORM/MAPF/FUNCTION/COND/COND/COND/OR/=?"	"<OR"	"NUM"
"gmacros.zil"	"36"	"DEFMAC"	"TELL"	"=?"	"DEFMAC/FORM/MAPF/FUNCTION/COND/COND/COND/OR/=?"	"<OR"	"N"
"gmacros.zil"	"38"	"DEFMAC"	"TELL"	"=?"	"DEFMAC/FORM/MAPF/FUNCTION/COND/COND/COND/OR/=?"	"<OR"	"CHAR"
"gmacros.zil"	"39"	"DEFMAC"	"TELL"	"=?"	"DEFMAC/FORM/MAPF/FUNCTION/COND/COND/COND/OR/=?"	"<OR"	"CHR"
"gmacros.zil"	"40"	"DEFMAC"	"TELL"	"=?"	"DEFMAC/FORM/MAPF/FUNCTION/COND/COND/COND/OR/=?"	"<OR"	"C"
"gmacros.zil"	"52"	"DEFMAC"	"VERB?"	"DEFMAC"	"DEFMAC"	"""ARGS"""	"ARGS"
"gmacros.zil"	"55"	"DEFMAC"	"PRSO?"	"DEFMAC"	"DEFMAC"	"""ARGS"""	"ARGS"
"gmacros.zil"	"58"	"DEFMAC"	"PRSI?"	"DEFMAC"	"DEFMAC"	"""ARGS"""	"ARGS"
"gmacros.zil"	"61"	"DEFMAC"	"ROOM?"	"DEFMAC"	"DEFMAC"	"""ARGS"""	"ARGS"
"gmacros.zil"	"64"	"DEFINE"	"MULTIFROB"	"DEFINE"	"DEFINE"	"X"	"AUX"
"gmacros.zil"	"78"	"DEFINE"	"MULTIFROB"	"STRING"	"DEFINE/REPEAT/REPEAT/SET/COND/FORM/COND/PARSE/STRING"	"<==?"	"V?"
"gmacros.zil"	"88"	"DEFMAC"	"BSET"	"DEFMAC"	"DEFMAC"	"'OBJ"	"ARGS"
"gmacros.zil"	"91"	"DEFMAC"	"BCLEAR"	"DEFMAC"	"DEFMAC"	"'OBJ"	"ARGS"
"gmacros.zil"	"94"	"DEFMAC"	"BSET?"	"DEFMAC"	"DEFMAC"	"'OBJ"	"ARGS"
"gmacros.zil"	"97"	"DEFINE"	"MULTIBITS"	"DEFINE"	"DEFINE"	"X"	"AUX"
"gmacros.zil"	"115"	"DEFMAC"	"PROB"	"DEFMAC"	"DEFMAC"	"'BASE?"	"OPTIONAL"
"gmacros.zil"	"128"	"ROUTINE"	"PICK-ONE"	"ROUTINE"	"ROUTINE"	"FROB"	"AUX"
"gmain.zil"	"1"	""	""	""	""	""	"Generic MAIN file for\n\t\t\t    The ZORK Trilogy\n\t\t       started on 7/28/83 by MARC"
"gmain.zil"	"34"	"ROUTINE"	"MAIN-LOOP"	"ROUTINE"	"ROUTINE"	"""AUX"""	"AUX"
"gmain.zil"	"38"	"ROUTINE"	"MAIN-LOOP-1"	"ROUTINE"	"ROUTINE"	"""AUX"""	"AUX"
"gmain.zil"	"87"	"ROUTINE"	"MAIN-LOOP-1"	"TELL"	"ROUTINE/COND/COND/COND/TELL"	"<NOT"	"It's too dark to see."
"gmain.zil"	"89"	"ROUTINE"	"MAIN-LOOP-1"	"TELL"	"ROUTINE/COND/COND/COND/TELL"	"T"	"It's not clear what you're referring to."
"gmain.zil"	"99"	"ROUTINE"	"MAIN-LOOP-1"	"TELL"	"ROUTINE/COND/COND/REPEAT/COND/COND/TELL"	"<G?"	"The "
"gmain.zil"	"101"	"ROUTINE"	"MAIN-LOOP-1"	"TELL"	"ROUTINE/COND/COND/REPEAT/COND/COND/COND/TELL"	"<NOT"	"other "
"gmain.zil"	"102"	"ROUTINE"	"MAIN-LOOP-1"	"TELL"	"ROUTINE/COND/COND/REPEAT/COND/COND/TELL"	"<G?"	"object"
"gmain.zil"	"104"	"ROUTINE"	"MAIN-LOOP-1"	"TELL"	"ROUTINE/COND/COND/REPEAT/COND/COND/COND/TELL"	"<NOT"	"s"
"gmain.zil"	"105"	"ROUTINE"	"MAIN-LOOP-1"	"TELL"	"ROUTINE/COND/COND/REPEAT/COND/COND/TELL"	"<G?"	" that you mentioned "
"gmain.zil"	"107"	"ROUTINE"	"MAIN-LOOP-1"	"TELL"	"ROUTINE/COND/COND/REPEAT/COND/COND/COND/TELL"	"<NOT"	"are"
"gmain.zil"	"108"	"ROUTINE"	"MAIN-LOOP-1"	"TELL"	"ROUTINE/COND/COND/REPEAT/COND/COND/COND/TELL"	"T"	"is"
"gmain.zil"	"109"	"ROUTINE"	"MAIN-LOOP-1"	"TELL"	"ROUTINE/COND/COND/REPEAT/COND/COND/TELL"	"<G?"	"n't here."
"gmain.zil"	"112"	"ROUTINE"	"MAIN-LOOP-1"	"TELL"	"ROUTINE/COND/COND/REPEAT/COND/COND/TELL"	"<NOT"	"There's nothing here you can take."
"gmain.zil"	"144"	"ROUTINE"	"MAIN-LOOP-1"	"TELL"	"ROUTINE/COND/COND/REPEAT/COND/COND/COND/TELL"	"ELSE"	": "
"gmain.zil"	"182"	"COND"	"(<GASSIGNED?"	"ROUTINE"	"COND/ROUTINE"	"A"	"OPTIONAL"
"gmain.zil"	"182"	"COND"	"(<GASSIGNED?"	"ROUTINE"	"COND/ROUTINE"	"A"	"AUX"
"gmain.zil"	"196"	"COND"	"(<GASSIGNED?"	"TELL"	"COND/ROUTINE/COND/TELL"	"<AND"	"I don't see what you are referring to."
"gmain.zil"	"235"	"COND"	"(<GASSIGNED?"	"ROUTINE"	"COND/PROG/ROUTINE"	"A"	"OPTIONAL"
"gmain.zil"	"235"	"COND"	"(<GASSIGNED?"	"ROUTINE"	"COND/PROG/ROUTINE"	"A"	"AUX"
"gmain.zil"	"238"	"COND"	"(<GASSIGNED?"	"TELL"	"COND/PROG/ROUTINE/COND/TELL"	",DEBUG"	"** PERFORM: PRSA = "
"gmain.zil"	"241"	"COND"	"(<GASSIGNED?"	"TELL"	"COND/PROG/ROUTINE/COND/COND/TELL"	"<AND"	" | PRSO = "
"gmain.zil"	"242"	"COND"	"(<GASSIGNED?"	"TELL"	"COND/PROG/ROUTINE/COND/COND/TELL"	".I"	" | PRSI = "
"gmain.zil"	"248"	"COND"	"(<GASSIGNED?"	"TELL"	"COND/PROG/ROUTINE/COND/TELL"	"<AND"	"I don't see what you are referring to."
"gmain.zil"	"258"	"COND"	"(<GASSIGNED?"	"D-APPLY"	"COND/PROG/ROUTINE/COND/AND/SET/D-APPLY"	"<AND"	"Not Here"
"gmain.zil"	"262"	"COND"	"(<GASSIGNED?"	"DD-APPLY"	"COND/PROG/ROUTINE/COND/COND/SET/DD-APPLY"	"<SET"	"Actor"
"gmain.zil"	"264"	"COND"	"(<GASSIGNED?"	"D-APPLY"	"COND/PROG/ROUTINE/COND/COND/SET/D-APPLY"	"<SET"	"Room (M-BEG)"
"gmain.zil"	"267"	"COND"	"(<GASSIGNED?"	"D-APPLY"	"COND/PROG/ROUTINE/COND/COND/SET/D-APPLY"	"<SET"	"Preaction"
"gmain.zil"	"269"	"COND"	"(<GASSIGNED?"	"D-APPLY"	"COND/PROG/ROUTINE/COND/COND/AND/SET/D-APPLY"	"<AND"	"PRSI"
"gmain.zil"	"275"	"COND"	"(<GASSIGNED?"	"DD-APPLY"	"COND/PROG/ROUTINE/COND/COND/AND/SET/DD-APPLY"	"<AND"	"Container"
"gmain.zil"	"280"	"COND"	"(<GASSIGNED?"	"D-APPLY"	"COND/PROG/ROUTINE/COND/COND/AND/SET/D-APPLY"	"<AND"	"PRSO"
"gmain.zil"	"290"	"COND"	"(<GASSIGNED?"	"DEFINE"	"COND/PROG/DEFINE"	"STR"	"OPTIONAL"
"gmain.zil"	"290"	"COND"	"(<GASSIGNED?"	"DEFINE"	"COND/PROG/DEFINE"	"STR"	"AUX"
"gmain.zil"	"295"	"COND"	"(<GASSIGNED?"	"TELL"	"COND/PROG/DEFINE/COND/COND/COND/TELL"	"<NOT"	"  Default ->"
"gmain.zil"	"296"	"COND"	"(<GASSIGNED?"	"TELL"	"COND/PROG/DEFINE/COND/COND/COND/TELL"	"T"	"  "
"gmain.zil"	"296"	"COND"	"(<GASSIGNED?"	"TELL"	"COND/PROG/DEFINE/COND/COND/COND/TELL"	"T"	" -> "
"gmain.zil"	"303"	"COND"	"(<GASSIGNED?"	"TELL"	"COND/PROG/DEFINE/COND/COND/COND/TELL"	"<==?"	"Fatal"
"gmain.zil"	"305"	"COND"	"(<GASSIGNED?"	"TELL"	"COND/PROG/DEFINE/COND/COND/COND/TELL"	"<NOT"	"Not handled"
"gmain.zil"	"306"	"COND"	"(<GASSIGNED?"	"TELL"	"COND/PROG/DEFINE/COND/COND/COND/TELL"	"T"	"Handled"
"gmain.zil"	"309"	"COND"	"(<GASSIGNED?"	"ROUTINE"	"COND/PROG/ROUTINE"	"STR"	"OPTIONAL"
"gmain.zil"	"310"	"COND"	"(<GASSIGNED?"	"TELL"	"COND/PROG/ROUTINE/COND/TELL"	",DEBUG"	"["
"gmain.zil"	"310"	"COND"	"(<GASSIGNED?"	"TELL"	"COND/PROG/ROUTINE/COND/TELL"	",DEBUG"	"=]"
"gparser.zil"	"1"	""	""	""	""	""	"Generic PARSER file for\n\t\t\t    The ZORK Trilogy\n\t\t       started on 7/28/83 by MARC"
"gparser.zil"	"7"	""	""	""	""	""	"Parser global variable convention:  All parser globals will\n  begin with 'P-'.  Local variables are not restricted in any\n  way.\n"
"gparser.zil"	"12"	"SETG"	"SIBREAKS"	"SETG"	"SETG"	""	".,"""
"gparser.zil"	"51"	""	""	""	""	""	"word pointer to unknown token in P-LEXV"
"gparser.zil"	"52"	""	""	""	""	""	"word pointer to sentence start in P-LEXV"
"gparser.zil"	"53"	""	""	""	""	""	"byte length of unparsed tokens in P-LEXV"
"gparser.zil"	"54"	""	""	""	""	""	"byte pointer to first free byte in OOPS-INBUF"
"gparser.zil"	"104"	""	""	""	""	""	" Grovel down the input finding the verb, prepositions, and noun clauses.\n   If the input is <direction> or <walk> <direction>, fall out immediately\n   setting PRSA to ,V?WALK and PRSO to <direction>.  Otherwise, perform\n   all required orphaning, syntax checking, and noun clause lookup."
"gparser.zil"	"109"	"ROUTINE"	"PARSER"	"ROUTINE"	"ROUTINE"	"""AUX"""	"AUX"
"gparser.zil"	"152"	"ROUTINE"	"PARSER"	"TELL"	"ROUTINE/COND/TELL"	"T"	">"
"gparser.zil"	"155"	"ROUTINE"	"PARSER"	"TELL"	"ROUTINE/COND/TELL"	"<ZERO?"	"I beg your pardon?"
"gparser.zil"	"162"	"ROUTINE"	"PARSER"	"TELL"	"ROUTINE/COND/COND/TELL"	"<NOT"	"I can't help your clumsiness."
"gparser.zil"	"169"	"ROUTINE"	"PARSER"	"TELL"	"ROUTINE/COND/COND/COND/TELL"	"<AND"	"Sorry, you can't correct mistakes in quoted text."
"gparser.zil"	"173"	"ROUTINE"	"PARSER"	"TELL"	"ROUTINE/COND/COND/COND/TELL"	"<G?"	"Warning: only the first word after OOPS is used."
"gparser.zil"	"186"	"ROUTINE"	"PARSER"	"TELL"	"ROUTINE/COND/COND/TELL"	"T"	"There was no word to replace!"
"gparser.zil"	"194"	"ROUTINE"	"PARSER"	"TELL"	"ROUTINE/COND/COND/TELL"	"<ZERO?"	"Beg pardon?"
"gparser.zil"	"197"	"ROUTINE"	"PARSER"	"TELL"	"ROUTINE/COND/COND/TELL"	",P-OFLAG"	"It's difficult to repeat fragments."
"gparser.zil"	"200"	"ROUTINE"	"PARSER"	"TELL"	"ROUTINE/COND/COND/TELL"	"<NOT"	"That would just repeat a mistake."
"gparser.zil"	"211"	"ROUTINE"	"PARSER"	"TELL"	"ROUTINE/COND/COND/COND/TELL"	"T"	"I couldn't understand that sentence."
"gparser.zil"	"332"	"ROUTINE"	"PARSER"	"TELL"	"ROUTINE/COND/REPEAT/COND/COND/COND/TELL"	"<EQUAL?"	"There were too many nouns in that sentence."
"gparser.zil"	"354"	"ROUTINE"	"PARSER"	"TELL"	"ROUTINE/COND/REPEAT/COND/COND/TELL"	"<AND"	"Please consult your manual for the correct way to talk to other people\nor creatures."
"gparser.zil"	"387"	"ROUTINE"	"STUFF"	"ROUTINE"	"ROUTINE"	"SRC"	"OPTIONAL"
"gparser.zil"	"387"	"ROUTINE"	"STUFF"	"ROUTINE"	"ROUTINE"	"SRC"	"AUX"
"gparser.zil"	"402"	"ROUTINE"	"INBUF-STUFF"	"ROUTINE"	"ROUTINE"	"SRC"	"AUX"
"gparser.zil"	"410"	"ROUTINE"	"INBUF-ADD"	"ROUTINE"	"ROUTINE"	"LEN"	"AUX"
"gparser.zil"	"430"	"ROUTINE"	"WT?"	"ROUTINE"	"ROUTINE"	"PTR"	"OPTIONAL"
"gparser.zil"	"430"	"ROUTINE"	"WT?"	"ROUTINE"	"ROUTINE"	"PTR"	"AUX"
"gparser.zil"	"440"	"ROUTINE"	"CLAUSE"	"ROUTINE"	"ROUTINE"	"PTR"	"AUX"
"gparser.zil"	"512"	"ROUTINE"	"NUMBER?"	"ROUTINE"	"ROUTINE"	"PTR"	"AUX"
"gparser.zil"	"543"	"ROUTINE"	"ORPHAN-MERGE"	"ROUTINE"	"ROUTINE"	"""AUX"""	"AUX"
"gparser.zil"	"665"	"ROUTINE"	"UNKNOWN-WORD"	"ROUTINE"	"ROUTINE"	"PTR"	"AUX"
"gparser.zil"	"668"	"ROUTINE"	"UNKNOWN-WORD"	"TELL"	"ROUTINE/COND/TELL"	"<VERB?"	"Nothing happens."
"gparser.zil"	"670"	"ROUTINE"	"UNKNOWN-WORD"	"TELL"	"ROUTINE/TELL"	""	"I don't know the word """
"gparser.zil"	"673"	"ROUTINE"	"UNKNOWN-WORD"	"TELL"	"ROUTINE/TELL"	""	"""."
"gparser.zil"	"677"	"ROUTINE"	"CANT-USE"	"ROUTINE"	"ROUTINE"	"PTR"	"AUX"
"gparser.zil"	"679"	"ROUTINE"	"CANT-USE"	"TELL"	"ROUTINE/COND/TELL"	"<VERB?"	"Nothing happens."
"gparser.zil"	"681"	"ROUTINE"	"CANT-USE"	"TELL"	"ROUTINE/TELL"	""	"You used the word """
"gparser.zil"	"684"	"ROUTINE"	"CANT-USE"	"TELL"	"ROUTINE/TELL"	""	""" in a way that I don't understand."
"gparser.zil"	"707"	"ROUTINE"	"SYNTAX-CHECK"	"ROUTINE"	"ROUTINE"	"""AUX"""	"AUX"
"gparser.zil"	"710"	"ROUTINE"	"SYNTAX-CHECK"	"TELL"	"ROUTINE/COND/TELL"	"<ZERO?"	"There was no verb in that sentence!"
"gparser.zil"	"734"	"ROUTINE"	"SYNTAX-CHECK"	"TELL"	"ROUTINE/REPEAT/COND/COND/TELL"	"T"	"That sentence isn't one I recognize."
"gparser.zil"	"754"	"ROUTINE"	"SYNTAX-CHECK"	"TELL"	"ROUTINE/COND/TELL"	"<EQUAL?"	"That question can't be answered."
"gparser.zil"	"760"	"ROUTINE"	"SYNTAX-CHECK"	"TELL"	"ROUTINE/COND/TELL"	"T"	"What do you want to "
"gparser.zil"	"762"	"ROUTINE"	"SYNTAX-CHECK"	"TELL"	"ROUTINE/COND/COND/TELL"	"<EQUAL?"	"tell"
"gparser.zil"	"769"	"ROUTINE"	"SYNTAX-CHECK"	"TELL"	"ROUTINE/COND/COND/TELL"	".DRIVE2"	" "
"gparser.zil"	"774"	"ROUTINE"	"SYNTAX-CHECK"	"TELL"	"ROUTINE/COND/TELL"	"T"	"?"
"gparser.zil"	"778"	"ROUTINE"	"CANT-ORPHAN"	"TELL"	"ROUTINE/TELL"	""	"""I don't understand! What are you referring to?"""
"gparser.zil"	"782"	"ROUTINE"	"ORPHAN"	"ROUTINE"	"ROUTINE"	"D1"	"AUX"
"gparser.zil"	"810"	"ROUTINE"	"THING-PRINT"	"ROUTINE"	"ROUTINE"	"PRSO?"	"OPTIONAL"
"gparser.zil"	"810"	"ROUTINE"	"THING-PRINT"	"ROUTINE"	"ROUTINE"	"PRSO?"	"AUX"
"gparser.zil"	"820"	"ROUTINE"	"BUFFER-PRINT"	"ROUTINE"	"ROUTINE"	"BEG"	"AUX"
"gparser.zil"	"827"	"ROUTINE"	"BUFFER-PRINT"	"TELL"	"ROUTINE/REPEAT/COND/COND/TELL"	"<EQUAL?"	", "
"gparser.zil"	"829"	"ROUTINE"	"BUFFER-PRINT"	"TELL"	"ROUTINE/REPEAT/COND/COND/TELL"	"ELSE"	" "
"gparser.zil"	"840"	"ROUTINE"	"BUFFER-PRINT"	"TELL"	"ROUTINE/REPEAT/COND/COND/COND/TELL"	"<AND"	"the "
"gparser.zil"	"851"	"ROUTINE"	"PREP-PRINT"	"ROUTINE"	"ROUTINE"	"PREP"	"AUX"
"gparser.zil"	"853"	"ROUTINE"	"PREP-PRINT"	"TELL"	"ROUTINE/COND/TELL"	"<NOT"	" "
"gparser.zil"	"860"	"ROUTINE"	"CLAUSE-COPY"	"ROUTINE"	"ROUTINE"	"SRC"	"OPTIONAL"
"gparser.zil"	"860"	"ROUTINE"	"CLAUSE-COPY"	"ROUTINE"	"ROUTINE"	"SRC"	"AUX"
"gparser.zil"	"882"	"ROUTINE"	"CLAUSE-ADD"	"ROUTINE"	"ROUTINE"	"WRD"	"AUX"
"gparser.zil"	"888"	"ROUTINE"	"PREP-FIND"	"ROUTINE"	"ROUTINE"	"PREP"	"AUX"
"gparser.zil"	"901"	"ROUTINE"	"GWIM"	"ROUTINE"	"ROUTINE"	"GBIT"	"AUX"
"gparser.zil"	"911"	"ROUTINE"	"GWIM"	"TELL"	"ROUTINE/COND/COND/TELL"	"<EQUAL?"	"("
"gparser.zil"	"916"	"ROUTINE"	"GWIM"	"TELL"	"ROUTINE/COND/COND/COND/COND/TELL"	"<EQUAL?"	" of"
"gparser.zil"	"917"	"ROUTINE"	"GWIM"	"TELL"	"ROUTINE/COND/COND/COND/TELL"	"<AND"	" "
"gparser.zil"	"919"	"ROUTINE"	"GWIM"	"TELL"	"ROUTINE/COND/COND/COND/COND/TELL"	"<EQUAL?"	"your hands"
"gparser.zil"	"921"	"ROUTINE"	"GWIM"	"TELL"	"ROUTINE/COND/COND/COND/COND/TELL"	"T"	"the "
"gparser.zil"	"922"	"ROUTINE"	"GWIM"	"TELL"	"ROUTINE/COND/COND/COND/TELL"	"<AND"	")"
"gparser.zil"	"924"	"ROUTINE"	"GWIM"	"TELL"	"ROUTINE/COND/COND/COND/TELL"	"ELSE"	")"
"gparser.zil"	"928"	"ROUTINE"	"SNARF-OBJECTS"	"ROUTINE"	"ROUTINE"	"""AUX"""	"AUX"
"gparser.zil"	"945"	"ROUTINE"	"BUT-MERGE"	"ROUTINE"	"ROUTINE"	"TBL"	"AUX"
"gparser.zil"	"978"	"ROUTINE"	"SNARFEM"	"ROUTINE"	"ROUTINE"	"PTR"	"AUX"
"gparser.zil"	"1041"	"ROUTINE"	"GET-OBJECT"	"ROUTINE"	"ROUTINE"	"TBL"	"OPTIONAL"
"gparser.zil"	"1042"	"ROUTINE"	"GET-OBJECT"	"ROUTINE"	"ROUTINE"	"TBL"	"AUX"
"gparser.zil"	"1066"	"ROUTINE"	"GET-OBJECT"	"TELL"	"ROUTINE/COND/COND/TELL"	".VRB"	"There seems to be a noun missing in that sentence!"
"gparser.zil"	"1085"	"ROUTINE"	"GET-OBJECT"	"TELL"	"ROUTINE/PROG/COND/COND/TELL"	"<NOT"	"(How about the "
"gparser.zil"	"1087"	"ROUTINE"	"GET-OBJECT"	"TELL"	"ROUTINE/PROG/COND/COND/TELL"	"<NOT"	"?)"
"gparser.zil"	"1114"	"ROUTINE"	"GET-OBJECT"	"TELL"	"ROUTINE/PROG/COND/COND/COND/TELL"	".VRB"	"There seems to be a noun missing in that sentence!"
"gparser.zil"	"1132"	"ROUTINE"	"GET-OBJECT"	"TELL"	"ROUTINE/PROG/COND/COND/COND/TELL"	"T"	"It's too dark to see!"
"gparser.zil"	"1146"	"ROUTINE"	"WHICH-PRINT"	"ROUTINE"	"ROUTINE"	"TLEN"	"AUX"
"gparser.zil"	"1148"	"ROUTINE"	"WHICH-PRINT"	"TELL"	"ROUTINE/TELL"	""	"Which "
"gparser.zil"	"1155"	"ROUTINE"	"WHICH-PRINT"	"TELL"	"ROUTINE/TELL"	""	" do you mean, "
"gparser.zil"	"1159"	"ROUTINE"	"WHICH-PRINT"	"TELL"	"ROUTINE/REPEAT/TELL"	""	"the "
"gparser.zil"	"1161"	"ROUTINE"	"WHICH-PRINT"	"TELL"	"ROUTINE/REPEAT/COND/COND/TELL"	"<NOT"	","
"gparser.zil"	"1162"	"ROUTINE"	"WHICH-PRINT"	"TELL"	"ROUTINE/REPEAT/COND/TELL"	"<EQUAL?"	" or "
"gparser.zil"	"1163"	"ROUTINE"	"WHICH-PRINT"	"TELL"	"ROUTINE/REPEAT/COND/TELL"	"<G?"	", "
"gparser.zil"	"1165"	"ROUTINE"	"WHICH-PRINT"	"TELL"	"ROUTINE/REPEAT/COND/TELL"	"<L?"	"?"
"gparser.zil"	"1169"	"ROUTINE"	"GLOBAL-CHECK"	"ROUTINE"	"ROUTINE"	"TBL"	"AUX"
"gparser.zil"	"1202"	"ROUTINE"	"DO-SL"	"ROUTINE"	"ROUTINE"	"OBJ"	"AUX"
"gparser.zil"	"1216"	"ROUTINE"	"SEARCH-LIST"	"ROUTINE"	"ROUTINE"	"OBJ"	"AUX"
"gparser.zil"	"1239"	"ROUTINE"	"OBJ-FOUND"	"ROUTINE"	"ROUTINE"	"OBJ"	"AUX"
"gparser.zil"	"1248"	"ROUTINE"	"ITAKE-CHECK"	"ROUTINE"	"ROUTINE"	"TBL"	"AUX"
"gparser.zil"	"1261"	"ROUTINE"	"ITAKE-CHECK"	"TELL"	"ROUTINE/COND/REPEAT/COND/COND/COND/TELL"	"<NOT"	"I don't see what you're referring to."
"gparser.zil"	"1283"	"ROUTINE"	"ITAKE-CHECK"	"TELL"	"ROUTINE/COND/REPEAT/COND/COND/COND/COND/TELL"	"<EQUAL?"	"You don't have that!"
"gparser.zil"	"1285"	"ROUTINE"	"ITAKE-CHECK"	"TELL"	"ROUTINE/COND/REPEAT/COND/COND/COND/TELL"	"<AND"	"You don't have the "
"gparser.zil"	"1287"	"ROUTINE"	"ITAKE-CHECK"	"TELL"	"ROUTINE/COND/REPEAT/COND/COND/COND/TELL"	"<AND"	"."
"gparser.zil"	"1291"	"ROUTINE"	"ITAKE-CHECK"	"TELL"	"ROUTINE/COND/REPEAT/COND/COND/COND/TELL"	"<AND"	"(Taken)"
"gparser.zil"	"1294"	"ROUTINE"	"MANY-CHECK"	"ROUTINE"	"ROUTINE"	"""AUX"""	"AUX"
"gparser.zil"	"1302"	"ROUTINE"	"MANY-CHECK"	"TELL"	"ROUTINE/COND/TELL"	".LOSS"	"You can't use multiple "
"gparser.zil"	"1303"	"ROUTINE"	"MANY-CHECK"	"TELL"	"ROUTINE/COND/COND/TELL"	"<EQUAL?"	"in"
"gparser.zil"	"1304"	"ROUTINE"	"MANY-CHECK"	"TELL"	"ROUTINE/COND/TELL"	".LOSS"	"direct objects with """
"gparser.zil"	"1306"	"ROUTINE"	"MANY-CHECK"	"TELL"	"ROUTINE/COND/COND/TELL"	"<ZERO?"	"tell"
"gparser.zil"	"1311"	"ROUTINE"	"MANY-CHECK"	"TELL"	"ROUTINE/COND/TELL"	".LOSS"	"""."
"gparser.zil"	"1315"	"ROUTINE"	"ZMEMQ"	"ROUTINE"	"ROUTINE"	"ITM"	"OPTIONAL"
"gparser.zil"	"1315"	"ROUTINE"	"ZMEMQ"	"ROUTINE"	"ROUTINE"	"ITM"	"AUX"
"gparser.zil"	"1324"	"ROUTINE"	"ZMEMQB"	"ROUTINE"	"ROUTINE"	"ITM"	"AUX"
"gparser.zil"	"1333"	"ROUTINE"	"LIT?"	"ROUTINE"	"ROUTINE"	"RM"	"OPTIONAL"
"gparser.zil"	"1333"	"ROUTINE"	"LIT?"	"ROUTINE"	"ROUTINE"	"RM"	"AUX"
"gparser.zil"	"1357"	"ROUTINE"	"THIS-IT?"	"ROUTINE"	"ROUTINE"	"OBJ"	"AUX"
"gparser.zil"	"1372"	"ROUTINE"	"ACCESSIBLE?"	"ROUTINE"	"ROUTINE"	"OBJ"	"AUX"
"gsyntax.zil"	"1"	""	""	""	""	""	"Generic SYNTAX file for\n\t\t\t    The ZORK Trilogy\n\t\t       started on 7/21/83 by SEM"
"gsyntax.zil"	"7"	""	""	""	""	""	"Buzzwords, Prepositions and Directions"
"gsyntax.zil"	"38"	""	""	""	""	""	"Game Commands"
"gsyntax.zil"	"81"	""	""	""	""	""	"Real Verbs"
"gverbs.zil"	"1"	""	""	""	""	""	"Generic VERBS file for\n\t\t\t    The ZORK Trilogy\n\t\t       started on 7/25/83 by SEM"
"gverbs.zil"	"7"	""	""	""	""	""	"Verb Functions for Game Commands"
"gverbs.zil"	"16"	"ROUTINE"	"V-VERBOSE"	"TELL"	"ROUTINE/TELL"	""	"Maximum verbosity."
"gverbs.zil"	"21"	"ROUTINE"	"V-BRIEF"	"TELL"	"ROUTINE/TELL"	""	"Brief descriptions."
"gverbs.zil"	"25"	"ROUTINE"	"V-SUPER-BRIEF"	"TELL"	"ROUTINE/TELL"	""	"Superbrief descriptions."
"gverbs.zil"	"31"	"ROUTINE"	"V-INVENTORY"	"TELL"	"ROUTINE/COND/TELL"	"T"	"You are empty-handed."
"gverbs.zil"	"33"	"ROUTINE"	"FINISH"	"ROUTINE"	"ROUTINE"	"""AUX"""	"AUX"
"gverbs.zil"	"38"	"ROUTINE"	"FINISH"	"TELL"	"ROUTINE/REPEAT/TELL"	""	"Would you like to restart the game from the beginning, restore a saved\ngame position, or end this session of the game?|\n(Type RESTART, RESTORE, or QUIT):|\n>"
"gverbs.zil"	"46"	"ROUTINE"	"FINISH"	"TELL"	"ROUTINE/REPEAT/COND/TELL"	"<EQUAL?"	"Failed."
"gverbs.zil"	"49"	"ROUTINE"	"FINISH"	"TELL"	"ROUTINE/REPEAT/COND/COND/TELL"	"<RESTORE>"	"Ok."
"gverbs.zil"	"51"	"ROUTINE"	"FINISH"	"TELL"	"ROUTINE/REPEAT/COND/COND/TELL"	"T"	"Failed."
"gverbs.zil"	"55"	"ROUTINE"	"V-QUIT"	"ROUTINE"	"ROUTINE"	"""AUX"""	"AUX"
"gverbs.zil"	"58"	"ROUTINE"	"V-QUIT"	"TELL"	"ROUTINE/TELL"	""	"Do you wish to leave the game? (Y is affirmative): "
"gverbs.zil"	"61"	"ROUTINE"	"V-QUIT"	"TELL"	"ROUTINE/COND/TELL"	"ELSE"	"Ok."
"gverbs.zil"	"65"	"ROUTINE"	"V-RESTART"	"TELL"	"ROUTINE/TELL"	""	"Do you wish to restart? (Y is affirmative): "
"gverbs.zil"	"67"	"ROUTINE"	"V-RESTART"	"TELL"	"ROUTINE/COND/TELL"	"<YES?>"	"Restarting."
"gverbs.zil"	"69"	"ROUTINE"	"V-RESTART"	"TELL"	"ROUTINE/COND/TELL"	"<YES?>"	"Failed."
"gverbs.zil"	"73"	"ROUTINE"	"V-RESTORE"	"TELL"	"ROUTINE/COND/TELL"	"<RESTORE>"	"Ok."
"gverbs.zil"	"76"	"ROUTINE"	"V-RESTORE"	"TELL"	"ROUTINE/COND/TELL"	"T"	"Failed."
"gverbs.zil"	"80"	"ROUTINE"	"V-SAVE"	"TELL"	"ROUTINE/COND/TELL"	"<SAVE>"	"Ok."
"gverbs.zil"	"82"	"ROUTINE"	"V-SAVE"	"TELL"	"ROUTINE/COND/TELL"	"T"	"Failed."
"gverbs.zil"	"88"	"ROUTINE"	"V-SCRIPT"	"TELL"	"ROUTINE/TELL"	""	"Here begins a transcript of interaction with"
"gverbs.zil"	"93"	"ROUTINE"	"V-UNSCRIPT"	"TELL"	"ROUTINE/TELL"	""	"Here ends a transcript of interaction with"
"gverbs.zil"	"98"	"ROUTINE"	"V-VERSION"	"ROUTINE"	"ROUTINE"	"""AUX"""	"AUX"
"gverbs.zil"	"100"	"ROUTINE"	"V-VERSION"	"TELL"	"ROUTINE/COND/TELL"	"<==?"	"ZORK I: The Great Underground Empire|\nInfocom interactive fiction - a fantasy story|\nCopyright (c) 1981, 1982, 1983, 1984, 1985, 1986"
"gverbs.zil"	"111"	"ROUTINE"	"V-VERSION"	"TELL"	"ROUTINE/TELL"	""	" Infocom, Inc. All rights reserved."
"gverbs.zil"	"112"	"ROUTINE"	"V-VERSION"	"TELL"	"ROUTINE/TELL"	""	"ZORK is a registered trademark of Infocom, Inc.|\nRelease "
"gverbs.zil"	"115"	"ROUTINE"	"V-VERSION"	"TELL"	"ROUTINE/TELL"	""	" / Serial number "
"gverbs.zil"	"124"	"ROUTINE"	"V-VERIFY"	"TELL"	"ROUTINE/TELL"	""	"Verifying disk..."
"gverbs.zil"	"126"	"ROUTINE"	"V-VERIFY"	"TELL"	"ROUTINE/COND/TELL"	"<VERIFY>"	"The disk is correct."
"gverbs.zil"	"128"	"ROUTINE"	"V-VERIFY"	"TELL"	"ROUTINE/COND/TELL"	"T"	"** Disk Failure **"
"gverbs.zil"	"136"	"ROUTINE"	"V-RANDOM"	"TELL"	"ROUTINE/COND/TELL"	"<NOT"	"Illegal call to #RND."
"gverbs.zil"	"151"	""	""	""	""	""	"Real Verb Functions"
"gverbs.zil"	"154"	"ROUTINE"	"V-ADVENT"	"TELL"	"ROUTINE/TELL"	""	"A hollow voice says ""Fool."""
"gverbs.zil"	"160"	"ROUTINE"	"V-ALARM"	"TELL"	"ROUTINE/COND/COND/COND/TELL"	"<L?"	"The "
"gverbs.zil"	"160"	"ROUTINE"	"V-ALARM"	"TELL"	"ROUTINE/COND/COND/COND/TELL"	"<L?"	" is rudely awakened."
"gverbs.zil"	"166"	"ROUTINE"	"V-ALARM"	"TELL"	"ROUTINE/COND/COND/TELL"	"T"	"He's wide awake, or haven't you noticed..."
"gverbs.zil"	"168"	"ROUTINE"	"V-ALARM"	"TELL"	"ROUTINE/COND/TELL"	"T"	"The "
"gverbs.zil"	"168"	"ROUTINE"	"V-ALARM"	"TELL"	"ROUTINE/COND/TELL"	"T"	" isn't sleeping."
"gverbs.zil"	"171"	"ROUTINE"	"V-ANSWER"	"TELL"	"ROUTINE/TELL"	""	"Nobody seems to be awaiting your answer."
"gverbs.zil"	"179"	"ROUTINE"	"V-ATTACK"	"TELL"	"ROUTINE/COND/TELL"	"<NOT"	"I've known strange people, but fighting a "
"gverbs.zil"	"179"	"ROUTINE"	"V-ATTACK"	"TELL"	"ROUTINE/COND/TELL"	"<NOT"	"?"
"gverbs.zil"	"183"	"ROUTINE"	"V-ATTACK"	"TELL"	"ROUTINE/COND/TELL"	"<OR"	"Trying to attack a "
"gverbs.zil"	"183"	"ROUTINE"	"V-ATTACK"	"TELL"	"ROUTINE/COND/TELL"	"<OR"	" with your bare hands is suicidal."
"gverbs.zil"	"185"	"ROUTINE"	"V-ATTACK"	"TELL"	"ROUTINE/COND/TELL"	"<NOT"	"You aren't even holding the "
"gverbs.zil"	"185"	"ROUTINE"	"V-ATTACK"	"TELL"	"ROUTINE/COND/TELL"	"<NOT"	"."
"gverbs.zil"	"188"	"ROUTINE"	"V-ATTACK"	"TELL"	"ROUTINE/COND/TELL"	"<NOT"	"Trying to attack the "
"gverbs.zil"	"188"	"ROUTINE"	"V-ATTACK"	"TELL"	"ROUTINE/COND/TELL"	"<NOT"	" with a "
"gverbs.zil"	"188"	"ROUTINE"	"V-ATTACK"	"TELL"	"ROUTINE/COND/TELL"	"<NOT"	" is suicidal."
"gverbs.zil"	"196"	"ROUTINE"	"V-BACK"	"TELL"	"ROUTINE/TELL"	""	"Sorry, my memory is poor. Please give a direction."
"gverbs.zil"	"199"	"ROUTINE"	"V-BLAST"	"TELL"	"ROUTINE/TELL"	""	"You can't blast anything by using words."
"gverbs.zil"	"201"	"ROUTINE"	"PRE-BOARD"	"ROUTINE"	"ROUTINE"	"""AUX"""	"AUX"
"gverbs.zil"	"211"	"ROUTINE"	"PRE-BOARD"	"TELL"	"ROUTINE/COND/COND/TELL"	"<NOT"	"The "
"gverbs.zil"	"211"	"ROUTINE"	"PRE-BOARD"	"TELL"	"ROUTINE/COND/COND/TELL"	"<NOT"	" must be on the ground to be boarded."
"gverbs.zil"	"213"	"ROUTINE"	"PRE-BOARD"	"TELL"	"ROUTINE/COND/COND/TELL"	"<FSET?"	"You are already in the "
"gverbs.zil"	"213"	"ROUTINE"	"PRE-BOARD"	"TELL"	"ROUTINE/COND/COND/TELL"	"<FSET?"	"!"
"gverbs.zil"	"221"	"ROUTINE"	"PRE-BOARD"	"TELL"	"ROUTINE/COND/TELL"	"T"	"You have a theory on how to board a "
"gverbs.zil"	"221"	"ROUTINE"	"PRE-BOARD"	"TELL"	"ROUTINE/COND/TELL"	"T"	", perhaps?"
"gverbs.zil"	"224"	"ROUTINE"	"V-BOARD"	"ROUTINE"	"ROUTINE"	"""AUX"""	"AUX"
"gverbs.zil"	"225"	"ROUTINE"	"V-BOARD"	"TELL"	"ROUTINE/TELL"	""	"You are now in the "
"gverbs.zil"	"225"	"ROUTINE"	"V-BOARD"	"TELL"	"ROUTINE/TELL"	""	"."
"gverbs.zil"	"234"	"ROUTINE"	"V-BRUSH"	"TELL"	"ROUTINE/TELL"	""	"If you wish, but heaven only knows why."
"gverbs.zil"	"238"	"ROUTINE"	"V-BUG"	"TELL"	"ROUTINE/TELL"	""	"Bug? Not in a flawless program like this! (Cough, cough)."
"gverbs.zil"	"241"	"ROUTINE"	"TELL-NO-PRSI"	"TELL"	"ROUTINE/TELL"	""	"You didn't say with what!"
"gverbs.zil"	"249"	"ROUTINE"	"PRE-BURN"	"TELL"	"ROUTINE/COND/TELL"	"T"	"With a "
"gverbs.zil"	"249"	"ROUTINE"	"PRE-BURN"	"TELL"	"ROUTINE/COND/TELL"	"T"	"??!?"
"gverbs.zil"	"262"	"ROUTINE"	"V-BURN"	"TELL"	"ROUTINE/COND/COND/TELL"	"<OR"	"The "
"gverbs.zil"	"264"	"ROUTINE"	"V-BURN"	"TELL"	"ROUTINE/COND/COND/TELL"	"<OR"	" catches fire. Unfortunately, you were "
"gverbs.zil"	"266"	"ROUTINE"	"V-BURN"	"TELL"	"ROUTINE/COND/COND/COND/TELL"	"<IN?"	"in"
"gverbs.zil"	"267"	"ROUTINE"	"V-BURN"	"TELL"	"ROUTINE/COND/COND/COND/TELL"	"T"	"holding"
"gverbs.zil"	"268"	"ROUTINE"	"V-BURN"	"JIGS-UP"	"ROUTINE/COND/COND/JIGS-UP"	"<OR"	" it at the time."
"gverbs.zil"	"272"	"ROUTINE"	"V-BURN"	"TELL"	"ROUTINE/COND/COND/TELL"	"T"	"The "
"gverbs.zil"	"272"	"ROUTINE"	"V-BURN"	"TELL"	"ROUTINE/COND/COND/TELL"	"T"	" catches fire and is consumed."
"gverbs.zil"	"274"	"ROUTINE"	"V-BURN"	"TELL"	"ROUTINE/COND/TELL"	"T"	"You can't burn a "
"gverbs.zil"	"274"	"ROUTINE"	"V-BURN"	"TELL"	"ROUTINE/COND/TELL"	"T"	"."
"gverbs.zil"	"277"	"ROUTINE"	"V-CHOMP"	"TELL"	"ROUTINE/TELL"	""	"Preposterous!"
"gverbs.zil"	"298"	"ROUTINE"	"V-CLIMB-ON"	"TELL"	"ROUTINE/COND/TELL"	"T"	"You can't climb onto the "
"gverbs.zil"	"298"	"ROUTINE"	"V-CLIMB-ON"	"TELL"	"ROUTINE/COND/TELL"	"T"	"."
"gverbs.zil"	"300"	"ROUTINE"	"V-CLIMB-UP"	"ROUTINE"	"ROUTINE"	"""OPTIONAL"""	"OPTIONAL"
"gverbs.zil"	"300"	"ROUTINE"	"V-CLIMB-UP"	"ROUTINE"	"ROUTINE"	"""OPTIONAL"""	"AUX"
"gverbs.zil"	"309"	"ROUTINE"	"V-CLIMB-UP"	"TELL"	"ROUTINE/COND/COND/COND/TELL"	"<OR"	"The "
"gverbs.zil"	"309"	"ROUTINE"	"V-CLIMB-UP"	"TELL"	"ROUTINE/COND/COND/COND/TELL"	"<OR"	" do"
"gverbs.zil"	"311"	"ROUTINE"	"V-CLIMB-UP"	"TELL"	"ROUTINE/COND/COND/COND/COND/TELL"	"<NOT"	"es"
"gverbs.zil"	"312"	"ROUTINE"	"V-CLIMB-UP"	"TELL"	"ROUTINE/COND/COND/COND/TELL"	"<OR"	"n't lead "
"gverbs.zil"	"314"	"ROUTINE"	"V-CLIMB-UP"	"TELL"	"ROUTINE/COND/COND/COND/COND/TELL"	"<==?"	"up"
"gverbs.zil"	"315"	"ROUTINE"	"V-CLIMB-UP"	"TELL"	"ROUTINE/COND/COND/COND/COND/TELL"	"T"	"down"
"gverbs.zil"	"316"	"ROUTINE"	"V-CLIMB-UP"	"TELL"	"ROUTINE/COND/COND/COND/TELL"	"<OR"	"ward."
"gverbs.zil"	"323"	"ROUTINE"	"V-CLIMB-UP"	"TELL"	"ROUTINE/COND/TELL"	"<AND"	"Climbing the walls is to no avail."
"gverbs.zil"	"329"	"ROUTINE"	"V-CLIMB-UP"	"TELL"	"ROUTINE/COND/TELL"	"%<COND"	"There are no climbable trees here."
"gverbs.zil"	"332"	"ROUTINE"	"V-CLIMB-UP"	"TELL"	"ROUTINE/COND/TELL"	"<EQUAL?"	"You can't go that way."
"gverbs.zil"	"334"	"ROUTINE"	"V-CLIMB-UP"	"TELL"	"ROUTINE/COND/TELL"	"T"	"You can't do that!"
"gverbs.zil"	"339"	"ROUTINE"	"V-CLOSE"	"TELL"	"ROUTINE/COND/TELL"	"<AND"	"You must tell me how to do that to a "
"gverbs.zil"	"339"	"ROUTINE"	"V-CLOSE"	"TELL"	"ROUTINE/COND/TELL"	"<AND"	"."
"gverbs.zil"	"344"	"ROUTINE"	"V-CLOSE"	"TELL"	"ROUTINE/COND/COND/TELL"	"<FSET?"	"Closed."
"gverbs.zil"	"346"	"ROUTINE"	"V-CLOSE"	"TELL"	"ROUTINE/COND/COND/COND/TELL"	"<AND"	"It is now pitch black."
"gverbs.zil"	"349"	"ROUTINE"	"V-CLOSE"	"TELL"	"ROUTINE/COND/COND/TELL"	"T"	"It is already closed."
"gverbs.zil"	"353"	"ROUTINE"	"V-CLOSE"	"TELL"	"ROUTINE/COND/COND/TELL"	"<FSET?"	"The "
"gverbs.zil"	"353"	"ROUTINE"	"V-CLOSE"	"TELL"	"ROUTINE/COND/COND/TELL"	"<FSET?"	" is now closed."
"gverbs.zil"	"355"	"ROUTINE"	"V-CLOSE"	"TELL"	"ROUTINE/COND/COND/TELL"	"T"	"It is already closed."
"gverbs.zil"	"357"	"ROUTINE"	"V-CLOSE"	"TELL"	"ROUTINE/COND/TELL"	"T"	"You cannot close that."
"gverbs.zil"	"361"	"ROUTINE"	"V-COMMAND"	"TELL"	"ROUTINE/COND/TELL"	"<FSET?"	"The "
"gverbs.zil"	"361"	"ROUTINE"	"V-COMMAND"	"TELL"	"ROUTINE/COND/TELL"	"<FSET?"	" pays no attention."
"gverbs.zil"	"363"	"ROUTINE"	"V-COMMAND"	"TELL"	"ROUTINE/COND/TELL"	"T"	"You cannot talk to that!"
"gverbs.zil"	"367"	"ROUTINE"	"V-COUNT"	"TELL"	"ROUTINE/COND/TELL"	"<EQUAL?"	"Well, for one, you are playing Zork..."
"gverbs.zil"	"369"	"ROUTINE"	"V-COUNT"	"TELL"	"ROUTINE/COND/TELL"	"T"	"You have lost your mind."
"gverbs.zil"	"372"	"ROUTINE"	"V-CROSS"	"TELL"	"ROUTINE/TELL"	""	"You can't cross that!"
"gverbs.zil"	"377"	"ROUTINE"	"V-CURSES"	"TELL"	"ROUTINE/COND/COND/TELL"	"<FSET?"	"Insults of this nature won't help you."
"gverbs.zil"	"379"	"ROUTINE"	"V-CURSES"	"TELL"	"ROUTINE/COND/COND/TELL"	"T"	"What a loony!"
"gverbs.zil"	"382"	"ROUTINE"	"V-CURSES"	"TELL"	"ROUTINE/COND/TELL"	"T"	"Such language in a high-class establishment like this!"
"gverbs.zil"	"391"	"ROUTINE"	"V-CUT"	"TELL"	"ROUTINE/COND/COND/TELL"	"<IN?"	"Not a bright idea, especially since you're in it."
"gverbs.zil"	"394"	"ROUTINE"	"V-CUT"	"TELL"	"ROUTINE/COND/TELL"	"<AND"	"Your skillful "
"gverbs.zil"	"394"	"ROUTINE"	"V-CUT"	"TELL"	"ROUTINE/COND/TELL"	"<AND"	"smanship slices the "
"gverbs.zil"	"395"	"ROUTINE"	"V-CUT"	"TELL"	"ROUTINE/COND/TELL"	"<AND"	" into innumerable slivers which blow away."
"gverbs.zil"	"398"	"ROUTINE"	"V-CUT"	"TELL"	"ROUTINE/COND/TELL"	"<NOT"	"The ""cutting edge"" of a "
"gverbs.zil"	"398"	"ROUTINE"	"V-CUT"	"TELL"	"ROUTINE/COND/TELL"	"<NOT"	" is hardly adequate."
"gverbs.zil"	"400"	"ROUTINE"	"V-CUT"	"TELL"	"ROUTINE/COND/TELL"	"T"	"Strange concept, cutting the "
"gverbs.zil"	"400"	"ROUTINE"	"V-CUT"	"TELL"	"ROUTINE/COND/TELL"	"T"	"...."
"gverbs.zil"	"403"	"ROUTINE"	"V-DEFLATE"	"TELL"	"ROUTINE/TELL"	""	"Come on, now!"
"gverbs.zil"	"410"	"ROUTINE"	"V-DIG"	"TELL"	"ROUTINE/COND/COND/TELL"	"<EQUAL?"	"There's no reason to be digging here."
"gverbs.zil"	"414"	"ROUTINE"	"V-DIG"	"TELL"	"ROUTINE/COND/TELL"	"<FSET?"	"Digging with the "
"gverbs.zil"	"414"	"ROUTINE"	"V-DIG"	"TELL"	"ROUTINE/COND/TELL"	"<FSET?"	" is slow and tedious."
"gverbs.zil"	"416"	"ROUTINE"	"V-DIG"	"TELL"	"ROUTINE/COND/TELL"	"T"	"Digging with a "
"gverbs.zil"	"416"	"ROUTINE"	"V-DIG"	"TELL"	"ROUTINE/COND/TELL"	"T"	" is silly."
"gverbs.zil"	"424"	"ROUTINE"	"V-DISEMBARK"	"TELL"	"ROUTINE/COND/TELL"	"<NOT"	"You're not in that!"
"gverbs.zil"	"427"	"ROUTINE"	"V-DISEMBARK"	"TELL"	"ROUTINE/COND/TELL"	"<FSET?"	"You are on your own feet again."
"gverbs.zil"	"431"	"ROUTINE"	"V-DISEMBARK"	"TELL"	"ROUTINE/COND/TELL"	"T"	"You realize that getting out here would be fatal."
"gverbs.zil"	"466"	"ROUTINE"	"V-DISENCHANT"	"TELL"	"ROUTINE/COND/TELL"	"T"	"Nothing happens."
"gverbs.zil"	"472"	"ROUTINE"	"V-DRINK-FROM"	"TELL"	"ROUTINE/TELL"	""	"How peculiar!"
"gverbs.zil"	"481"	"ROUTINE"	"V-DROP"	"TELL"	"ROUTINE/COND/TELL"	"<IDROP>"	"Dropped."
"gverbs.zil"	"483"	"ROUTINE"	"V-EAT"	"ROUTINE"	"ROUTINE"	"""AUX"""	"AUX"
"gverbs.zil"	"487"	"ROUTINE"	"V-EAT"	"TELL"	"ROUTINE/COND/COND/TELL"	"<AND"	"You're not holding that."
"gverbs.zil"	"489"	"ROUTINE"	"V-EAT"	"TELL"	"ROUTINE/COND/COND/TELL"	"<VERB?"	"How can you drink that?"
"gverbs.zil"	"491"	"ROUTINE"	"V-EAT"	"TELL"	"ROUTINE/COND/COND/TELL"	"T"	"Thank you very much. It really hit the spot."
"gverbs.zil"	"504"	"ROUTINE"	"V-EAT"	"TELL"	"ROUTINE/COND/COND/TELL"	"<OR"	"There isn't any water here."
"gverbs.zil"	"508"	"ROUTINE"	"V-EAT"	"TELL"	"ROUTINE/COND/COND/TELL"	"<AND"	"You have to be holding the "
"gverbs.zil"	"508"	"ROUTINE"	"V-EAT"	"TELL"	"ROUTINE/COND/COND/TELL"	"<AND"	" first."
"gverbs.zil"	"511"	"ROUTINE"	"V-EAT"	"TELL"	"ROUTINE/COND/COND/TELL"	"<NOT"	"You'll have to open the "
"gverbs.zil"	"511"	"ROUTINE"	"V-EAT"	"TELL"	"ROUTINE/COND/COND/TELL"	"<NOT"	" first."
"gverbs.zil"	"516"	"ROUTINE"	"V-EAT"	"TELL"	"ROUTINE/COND/TELL"	"<NOT"	"I don't think that the "
"gverbs.zil"	"516"	"ROUTINE"	"V-EAT"	"TELL"	"ROUTINE/COND/TELL"	"<NOT"	" would agree with you."
"gverbs.zil"	"523"	"ROUTINE"	"HIT-SPOT"	"TELL"	"ROUTINE/TELL"	""	"Thank you very much. I was rather thirsty (from all this talking,\nprobably)."
"gverbs.zil"	"526"	"ROUTINE"	"V-ECHO"	"ROUTINE"	"ROUTINE"	"""AUX"""	"AUX"
"gverbs.zil"	"536"	"ROUTINE"	"V-ECHO"	"TELL"	"ROUTINE/COND/COND/REPEAT/COND/TELL"	"<G?"	"..."
"gverbs.zil"	"545"	"ROUTINE"	"V-ECHO"	"TELL"	"ROUTINE/COND/COND/REPEAT/COND/TELL"	"T"	" "
"gverbs.zil"	"546"	"ROUTINE"	"V-ECHO"	"TELL"	"ROUTINE/COND/COND/TELL"	"T"	"echo echo ..."
"gverbs.zil"	"610"	"ROUTINE"	"REMOVE-CAREFULLY"	"ROUTINE"	"ROUTINE"	"OBJ"	"AUX"
"gverbs.zil"	"617"	"ROUTINE"	"REMOVE-CAREFULLY"	"TELL"	"ROUTINE/COND/TELL"	"<AND"	"You are left in the dark..."
"gverbs.zil"	"630"	"ROUTINE"	"V-EXAMINE"	"TELL"	"ROUTINE/COND/TELL"	"T"	"There's nothing special about the "
"gverbs.zil"	"630"	"ROUTINE"	"V-EXAMINE"	"TELL"	"ROUTINE/COND/TELL"	"T"	"."
"gverbs.zil"	"644"	"ROUTINE"	"V-EXORCISE"	"TELL"	"ROUTINE/TELL"	""	"What a bizarre concept!"
"gverbs.zil"	"646"	"ROUTINE"	"PRE-FILL"	"ROUTINE"	"ROUTINE"	"""AUX"""	"AUX"
"gverbs.zil"	"656"	"ROUTINE"	"PRE-FILL"	"TELL"	"ROUTINE/COND/COND/TELL"	"T"	"There is nothing to fill it with."
"gverbs.zil"	"673"	"ROUTINE"	"V-FILL"	"TELL"	"ROUTINE/COND/COND/TELL"	"T"	"There's nothing to fill it with."
"gverbs.zil"	"675"	"ROUTINE"	"V-FILL"	"TELL"	"ROUTINE/COND/TELL"	"T"	"You may know how to do that, but I don't."
"gverbs.zil"	"677"	"ROUTINE"	"V-FIND"	"ROUTINE"	"ROUTINE"	"""AUX"""	"AUX"
"gverbs.zil"	"680"	"ROUTINE"	"V-FIND"	"TELL"	"ROUTINE/COND/TELL"	"<EQUAL?"	"Within six feet of your head, assuming you haven't left that\nsomewhere."
"gverbs.zil"	"683"	"ROUTINE"	"V-FIND"	"TELL"	"ROUTINE/COND/TELL"	"<EQUAL?"	"You're around here somewhere..."
"gverbs.zil"	"685"	"ROUTINE"	"V-FIND"	"TELL"	"ROUTINE/COND/TELL"	"<EQUAL?"	"You find it."
"gverbs.zil"	"687"	"ROUTINE"	"V-FIND"	"TELL"	"ROUTINE/COND/TELL"	"<IN?"	"You have it."
"gverbs.zil"	"691"	"ROUTINE"	"V-FIND"	"TELL"	"ROUTINE/COND/TELL"	"<OR"	"It's right here."
"gverbs.zil"	"693"	"ROUTINE"	"V-FIND"	"TELL"	"ROUTINE/COND/TELL"	"<FSET?"	"The "
"gverbs.zil"	"693"	"ROUTINE"	"V-FIND"	"TELL"	"ROUTINE/COND/TELL"	"<FSET?"	" has it."
"gverbs.zil"	"695"	"ROUTINE"	"V-FIND"	"TELL"	"ROUTINE/COND/TELL"	"<FSET?"	"It's on the "
"gverbs.zil"	"695"	"ROUTINE"	"V-FIND"	"TELL"	"ROUTINE/COND/TELL"	"<FSET?"	"."
"gverbs.zil"	"697"	"ROUTINE"	"V-FIND"	"TELL"	"ROUTINE/COND/TELL"	"<FSET?"	"It's in the "
"gverbs.zil"	"697"	"ROUTINE"	"V-FIND"	"TELL"	"ROUTINE/COND/TELL"	"<FSET?"	"."
"gverbs.zil"	"699"	"ROUTINE"	"V-FIND"	"TELL"	"ROUTINE/COND/TELL"	"T"	"Beats me."
"gverbs.zil"	"702"	"ROUTINE"	"V-FOLLOW"	"TELL"	"ROUTINE/TELL"	""	"You're nuts!"
"gverbs.zil"	"706"	"ROUTINE"	"V-FROBOZZ"	"TELL"	"ROUTINE/TELL"	""	"The FROBOZZ Corporation created, owns, and operates this dungeon."
"gverbs.zil"	"711"	"ROUTINE"	"PRE-GIVE"	"TELL"	"ROUTINE/COND/TELL"	"<NOT"	"That's easy for you to say since you don't even have the "
"gverbs.zil"	"711"	"ROUTINE"	"PRE-GIVE"	"TELL"	"ROUTINE/COND/TELL"	"<NOT"	"."
"gverbs.zil"	"715"	"ROUTINE"	"V-GIVE"	"TELL"	"ROUTINE/COND/TELL"	"<NOT"	"You can't give a "
"gverbs.zil"	"715"	"ROUTINE"	"V-GIVE"	"TELL"	"ROUTINE/COND/TELL"	"<NOT"	" to a "
"gverbs.zil"	"715"	"ROUTINE"	"V-GIVE"	"TELL"	"ROUTINE/COND/TELL"	"<NOT"	"!"
"gverbs.zil"	"717"	"ROUTINE"	"V-GIVE"	"TELL"	"ROUTINE/COND/TELL"	"T"	"The "
"gverbs.zil"	"717"	"ROUTINE"	"V-GIVE"	"TELL"	"ROUTINE/COND/TELL"	"T"	" refuses it politely."
"gverbs.zil"	"720"	"ROUTINE"	"V-HATCH"	"TELL"	"ROUTINE/TELL"	""	"Bizarre!"
"gverbs.zil"	"728"	"ROUTINE"	"V-HELLO"	"TELL"	"ROUTINE/COND/COND/TELL"	"<FSET?"	"The "
"gverbs.zil"	"728"	"ROUTINE"	"V-HELLO"	"TELL"	"ROUTINE/COND/COND/TELL"	"<FSET?"	" bows his head to you in greeting."
"gverbs.zil"	"731"	"ROUTINE"	"V-HELLO"	"TELL"	"ROUTINE/COND/COND/TELL"	"T"	"It's a well known fact that only schizophrenics say ""Hello"" to a "
"gverbs.zil"	"732"	"ROUTINE"	"V-HELLO"	"TELL"	"ROUTINE/COND/COND/TELL"	"T"	"."
"gverbs.zil"	"752"	"ROUTINE"	"V-INCANT"	"TELL"	"ROUTINE/COND/TELL"	"T"	"The incantation echoes back faintly, but nothing else happens."
"gverbs.zil"	"758"	"ROUTINE"	"V-INFLATE"	"TELL"	"ROUTINE/TELL"	""	"How can you inflate that?"
"gverbs.zil"	"760"	"ROUTINE"	"V-KICK"	"HACK-HACK"	"ROUTINE/HACK-HACK"	""	"Kicking the "
"gverbs.zil"	"763"	"ROUTINE"	"V-KISS"	"TELL"	"ROUTINE/TELL"	""	"I'd sooner kiss a pig."
"gverbs.zil"	"767"	"ROUTINE"	"V-KNOCK"	"TELL"	"ROUTINE/COND/TELL"	"<FSET?"	"Nobody's home."
"gverbs.zil"	"769"	"ROUTINE"	"V-KNOCK"	"TELL"	"ROUTINE/COND/TELL"	"T"	"Why knock on a "
"gverbs.zil"	"769"	"ROUTINE"	"V-KNOCK"	"TELL"	"ROUTINE/COND/TELL"	"T"	"?"
"gverbs.zil"	"774"	"ROUTINE"	"V-LAMP-OFF"	"TELL"	"ROUTINE/COND/COND/TELL"	"<NOT"	"It is already off."
"gverbs.zil"	"779"	"ROUTINE"	"V-LAMP-OFF"	"TELL"	"ROUTINE/COND/COND/TELL"	"T"	"The "
"gverbs.zil"	"779"	"ROUTINE"	"V-LAMP-OFF"	"TELL"	"ROUTINE/COND/COND/TELL"	"T"	" is now off."
"gverbs.zil"	"781"	"ROUTINE"	"V-LAMP-OFF"	"TELL"	"ROUTINE/COND/COND/COND/TELL"	"<NOT"	"It is now pitch black."
"gverbs.zil"	"783"	"ROUTINE"	"V-LAMP-OFF"	"TELL"	"ROUTINE/COND/TELL"	"T"	"You can't turn that off."
"gverbs.zil"	"789"	"ROUTINE"	"V-LAMP-ON"	"TELL"	"ROUTINE/COND/COND/TELL"	"<FSET?"	"It is already on."
"gverbs.zil"	"792"	"ROUTINE"	"V-LAMP-ON"	"TELL"	"ROUTINE/COND/COND/TELL"	"T"	"The "
"gverbs.zil"	"792"	"ROUTINE"	"V-LAMP-ON"	"TELL"	"ROUTINE/COND/COND/TELL"	"T"	" is now on."
"gverbs.zil"	"799"	"ROUTINE"	"V-LAMP-ON"	"TELL"	"ROUTINE/COND/TELL"	"<FSET?"	"If you wish to burn the "
"gverbs.zil"	"799"	"ROUTINE"	"V-LAMP-ON"	"TELL"	"ROUTINE/COND/TELL"	"<FSET?"	", you should say so."
"gverbs.zil"	"801"	"ROUTINE"	"V-LAMP-ON"	"TELL"	"ROUTINE/COND/TELL"	"T"	"You can't turn that on."
"gverbs.zil"	"806"	"ROUTINE"	"V-LAUNCH"	"TELL"	"ROUTINE/COND/TELL"	"<FSET?"	"You can't launch that by saying ""launch""!"
"gverbs.zil"	"808"	"ROUTINE"	"V-LAUNCH"	"TELL"	"ROUTINE/COND/TELL"	"T"	"That's pretty weird."
"gverbs.zil"	"811"	"ROUTINE"	"V-LEAN-ON"	"TELL"	"ROUTINE/TELL"	""	"Getting tired?"
"gverbs.zil"	"813"	"ROUTINE"	"V-LEAP"	"ROUTINE"	"ROUTINE"	"""AUX"""	"AUX"
"gverbs.zil"	"818"	"ROUTINE"	"V-LEAP"	"TELL"	"ROUTINE/COND/COND/COND/TELL"	"<FSET?"	"The "
"gverbs.zil"	"818"	"ROUTINE"	"V-LEAP"	"TELL"	"ROUTINE/COND/COND/COND/TELL"	"<FSET?"	" is too big to jump over."
"gverbs.zil"	"822"	"ROUTINE"	"V-LEAP"	"TELL"	"ROUTINE/COND/COND/TELL"	"T"	"That would be a good trick."
"gverbs.zil"	"829"	"ROUTINE"	"V-LEAP"	"TELL"	"ROUTINE/COND/COND/TELL"	"<OR"	"This was not a very safe place to try jumping."
"gverbs.zil"	"834"	"ROUTINE"	"V-LEAP"	"TELL"	"ROUTINE/COND/COND/COND/TELL"	"<EQUAL?"	"In a feat of unaccustomed daring, you manage to land on your feet without\nkilling yourself."
"gverbs.zil"	"846"	"GLOBAL"	"JUMPLOSS"	"LTABLE"	"GLOBAL/LTABLE"	""	"You should have looked before you leaped."
"gverbs.zil"	"847"	"GLOBAL"	"JUMPLOSS"	"LTABLE"	"GLOBAL/LTABLE"	""	"In the movies, your life would be passing before your eyes."
"gverbs.zil"	"848"	"GLOBAL"	"JUMPLOSS"	"LTABLE"	"GLOBAL/LTABLE"	""	"Geronimo..."
"gverbs.zil"	"853"	"ROUTINE"	"V-LISTEN"	"TELL"	"ROUTINE/TELL"	""	"The "
"gverbs.zil"	"853"	"ROUTINE"	"V-LISTEN"	"TELL"	"ROUTINE/TELL"	""	" makes no sound."
"gverbs.zil"	"856"	"ROUTINE"	"V-LOCK"	"TELL"	"ROUTINE/TELL"	""	"It doesn't seem to work."
"gverbs.zil"	"863"	"ROUTINE"	"V-LOOK-BEHIND"	"TELL"	"ROUTINE/TELL"	""	"There is nothing behind the "
"gverbs.zil"	"863"	"ROUTINE"	"V-LOOK-BEHIND"	"TELL"	"ROUTINE/TELL"	""	"."
"gverbs.zil"	"869"	"ROUTINE"	"V-LOOK-INSIDE"	"TELL"	"ROUTINE/COND/COND/TELL"	"<FSET?"	"The "
"gverbs.zil"	"869"	"ROUTINE"	"V-LOOK-INSIDE"	"TELL"	"ROUTINE/COND/COND/TELL"	"<FSET?"	" is open, but I can't tell what's beyond it."
"gverbs.zil"	"871"	"ROUTINE"	"V-LOOK-INSIDE"	"TELL"	"ROUTINE/COND/COND/TELL"	"T"	"The "
"gverbs.zil"	"871"	"ROUTINE"	"V-LOOK-INSIDE"	"TELL"	"ROUTINE/COND/COND/TELL"	"T"	" is closed."
"gverbs.zil"	"875"	"ROUTINE"	"V-LOOK-INSIDE"	"TELL"	"ROUTINE/COND/COND/TELL"	"<FSET?"	"There is nothing special to be seen."
"gverbs.zil"	"886"	"ROUTINE"	"V-LOOK-INSIDE"	"TELL"	"ROUTINE/COND/COND/COND/TELL"	"T"	"The "
"gverbs.zil"	"886"	"ROUTINE"	"V-LOOK-INSIDE"	"TELL"	"ROUTINE/COND/COND/COND/TELL"	"T"	" is empty."
"gverbs.zil"	"888"	"ROUTINE"	"V-LOOK-INSIDE"	"TELL"	"ROUTINE/COND/COND/TELL"	"T"	"The "
"gverbs.zil"	"888"	"ROUTINE"	"V-LOOK-INSIDE"	"TELL"	"ROUTINE/COND/COND/TELL"	"T"	" is closed."
"gverbs.zil"	"890"	"ROUTINE"	"V-LOOK-INSIDE"	"TELL"	"ROUTINE/COND/TELL"	"T"	"You can't look inside a "
"gverbs.zil"	"890"	"ROUTINE"	"V-LOOK-INSIDE"	"TELL"	"ROUTINE/COND/TELL"	"T"	"."
"gverbs.zil"	"897"	"ROUTINE"	"V-LOOK-ON"	"TELL"	"ROUTINE/COND/TELL"	"T"	"Look on a "
"gverbs.zil"	"897"	"ROUTINE"	"V-LOOK-ON"	"TELL"	"ROUTINE/COND/TELL"	"T"	"???"
"gverbs.zil"	"900"	"ROUTINE"	"V-LOOK-UNDER"	"TELL"	"ROUTINE/TELL"	""	"There is nothing but dust there."
"gverbs.zil"	"902"	"ROUTINE"	"V-LOWER"	"HACK-HACK"	"ROUTINE/HACK-HACK"	""	"Playing in this way with the "
"gverbs.zil"	"905"	"ROUTINE"	"V-MAKE"	"TELL"	"ROUTINE/TELL"	""	"You can't do that."
"gverbs.zil"	"908"	"ROUTINE"	"V-MELT"	"TELL"	"ROUTINE/TELL"	""	"It's not clear that a "
"gverbs.zil"	"908"	"ROUTINE"	"V-MELT"	"TELL"	"ROUTINE/TELL"	""	" can be melted."
"gverbs.zil"	"912"	"ROUTINE"	"PRE-MOVE"	"TELL"	"ROUTINE/COND/TELL"	"<HELD?"	"You aren't an accomplished enough juggler."
"gverbs.zil"	"916"	"ROUTINE"	"V-MOVE"	"TELL"	"ROUTINE/COND/TELL"	"<FSET?"	"Moving the "
"gverbs.zil"	"916"	"ROUTINE"	"V-MOVE"	"TELL"	"ROUTINE/COND/TELL"	"<FSET?"	" reveals nothing."
"gverbs.zil"	"918"	"ROUTINE"	"V-MOVE"	"TELL"	"ROUTINE/COND/TELL"	"T"	"You can't move the "
"gverbs.zil"	"918"	"ROUTINE"	"V-MOVE"	"TELL"	"ROUTINE/COND/TELL"	"T"	"."
"gverbs.zil"	"921"	"ROUTINE"	"V-MUMBLE"	"TELL"	"ROUTINE/TELL"	""	"You'll have to speak up if you expect me to hear you!"
"gverbs.zil"	"931"	"ROUTINE"	"PRE-MUNG"	"TELL"	"ROUTINE/COND/TELL"	"<OR"	"Trying to destroy the "
"gverbs.zil"	"931"	"ROUTINE"	"PRE-MUNG"	"TELL"	"ROUTINE/COND/TELL"	"<OR"	" with "
"gverbs.zil"	"933"	"ROUTINE"	"PRE-MUNG"	"TELL"	"ROUTINE/COND/COND/TELL"	"<NOT"	"your bare hands"
"gverbs.zil"	"935"	"ROUTINE"	"PRE-MUNG"	"TELL"	"ROUTINE/COND/COND/TELL"	"T"	"a "
"gverbs.zil"	"936"	"ROUTINE"	"PRE-MUNG"	"TELL"	"ROUTINE/COND/TELL"	"<OR"	" is futile."
"gverbs.zil"	"943"	"ROUTINE"	"V-MUNG"	"TELL"	"ROUTINE/COND/TELL"	"T"	"Nice try."
"gverbs.zil"	"953"	"ROUTINE"	"V-ODYSSEUS"	"TELL"	"ROUTINE/COND/COND/TELL"	"<AND"	"The cyclops, hearing the name of his father's deadly nemesis, flees the room\nby knocking down the wall on the east of the room."
"gverbs.zil"	"961"	"ROUTINE"	"V-ODYSSEUS"	"TELL"	"ROUTINE/COND/TELL"	"T"	"Wasn't he a sailor?"
"gverbs.zil"	"964"	"ROUTINE"	"V-OIL"	"TELL"	"ROUTINE/TELL"	""	"You probably put spinach in your gas tank, too."
"gverbs.zil"	"966"	"ROUTINE"	"V-OPEN"	"ROUTINE"	"ROUTINE"	"""AUX"""	"AUX"
"gverbs.zil"	"970"	"ROUTINE"	"V-OPEN"	"TELL"	"ROUTINE/COND/COND/TELL"	"<FSET?"	"It is already open."
"gverbs.zil"	"975"	"ROUTINE"	"V-OPEN"	"TELL"	"ROUTINE/COND/COND/COND/TELL"	"<OR"	"Opened."
"gverbs.zil"	"980"	"ROUTINE"	"V-OPEN"	"TELL"	"ROUTINE/COND/COND/COND/TELL"	"<AND"	"The "
"gverbs.zil"	"980"	"ROUTINE"	"V-OPEN"	"TELL"	"ROUTINE/COND/COND/COND/TELL"	"<AND"	" opens."
"gverbs.zil"	"983"	"ROUTINE"	"V-OPEN"	"TELL"	"ROUTINE/COND/COND/COND/TELL"	"T"	"Opening the "
"gverbs.zil"	"983"	"ROUTINE"	"V-OPEN"	"TELL"	"ROUTINE/COND/COND/COND/TELL"	"T"	" reveals "
"gverbs.zil"	"985"	"ROUTINE"	"V-OPEN"	"TELL"	"ROUTINE/COND/COND/COND/TELL"	"T"	"."
"gverbs.zil"	"988"	"ROUTINE"	"V-OPEN"	"TELL"	"ROUTINE/COND/COND/TELL"	"<FSET?"	"It is already open."
"gverbs.zil"	"990"	"ROUTINE"	"V-OPEN"	"TELL"	"ROUTINE/COND/COND/TELL"	"T"	"The "
"gverbs.zil"	"990"	"ROUTINE"	"V-OPEN"	"TELL"	"ROUTINE/COND/COND/TELL"	"T"	" opens."
"gverbs.zil"	"994"	"ROUTINE"	"V-OPEN"	"TELL"	"ROUTINE/COND/TELL"	"T"	"You must tell me how to do that to a "
"gverbs.zil"	"994"	"ROUTINE"	"V-OPEN"	"TELL"	"ROUTINE/COND/TELL"	"T"	"."
"gverbs.zil"	"996"	"ROUTINE"	"V-OVERBOARD"	"ROUTINE"	"ROUTINE"	"""AUX"""	"AUX"
"gverbs.zil"	"1001"	"ROUTINE"	"V-OVERBOARD"	"TELL"	"ROUTINE/COND/COND/COND/TELL"	"<FSET?"	"Ahoy -- "
"gverbs.zil"	"1001"	"ROUTINE"	"V-OVERBOARD"	"TELL"	"ROUTINE/COND/COND/COND/TELL"	"<FSET?"	" overboard!"
"gverbs.zil"	"1003"	"ROUTINE"	"V-OVERBOARD"	"TELL"	"ROUTINE/COND/COND/COND/TELL"	"T"	"You're not in anything!"
"gverbs.zil"	"1009"	"ROUTINE"	"V-OVERBOARD"	"TELL"	"ROUTINE/COND/TELL"	"T"	"Huh?"
"gverbs.zil"	"1011"	"ROUTINE"	"V-PICK"	"TELL"	"ROUTINE/TELL"	""	"You can't pick that."
"gverbs.zil"	"1016"	"ROUTINE"	"V-PLAY"	"TELL"	"ROUTINE/COND/TELL"	"<FSET?"	"You become so engrossed in the role of the "
"gverbs.zil"	"1016"	"ROUTINE"	"V-PLAY"	"TELL"	"ROUTINE/COND/TELL"	"<FSET?"	" that\nyou kill yourself, just as he might have done!"
"gverbs.zil"	"1018"	"ROUTINE"	"V-PLAY"	"JIGS-UP"	"ROUTINE/COND/JIGS-UP"	"<FSET?"	""
"gverbs.zil"	"1019"	"ROUTINE"	"V-PLAY"	"TELL"	"ROUTINE/COND/TELL"	"ELSE"	"That's silly!"
"gverbs.zil"	"1022"	"ROUTINE"	"V-PLUG"	"TELL"	"ROUTINE/TELL"	""	"This has no effect."
"gverbs.zil"	"1028"	"ROUTINE"	"V-POUR-ON"	"TELL"	"ROUTINE/COND/COND/TELL"	"<FLAMING?"	"The "
"gverbs.zil"	"1028"	"ROUTINE"	"V-POUR-ON"	"TELL"	"ROUTINE/COND/COND/TELL"	"<FLAMING?"	" is extinguished."
"gverbs.zil"	"1037"	"ROUTINE"	"V-POUR-ON"	"TELL"	"ROUTINE/COND/COND/TELL"	"T"	"The water spills over the "
"gverbs.zil"	"1037"	"ROUTINE"	"V-POUR-ON"	"TELL"	"ROUTINE/COND/COND/TELL"	"T"	", to the floor, and evaporates."
"gverbs.zil"	"1044"	"ROUTINE"	"V-POUR-ON"	"TELL"	"ROUTINE/COND/TELL"	"T"	"You can't pour that."
"gverbs.zil"	"1054"	"ROUTINE"	"V-PRAY"	"TELL"	"ROUTINE/COND/TELL"	"T"	"If you pray enough, your prayers may be answered."
"gverbs.zil"	"1059"	"ROUTINE"	"V-PUMP"	"TELL"	"ROUTINE/COND/COND/TELL"	"<AND"	"Pump it up with a "
"gverbs.zil"	"1059"	"ROUTINE"	"V-PUMP"	"TELL"	"ROUTINE/COND/COND/TELL"	"<AND"	"?"
"gverbs.zil"	"1068"	"ROUTINE"	"V-PUMP"	"TELL"	"ROUTINE/COND/TELL"	"T"	"It's really not clear how."
"gverbs.zil"	"1070"	"ROUTINE"	"V-PUSH"	"HACK-HACK"	"ROUTINE/HACK-HACK"	""	"Pushing the "
"gverbs.zil"	"1073"	"ROUTINE"	"V-PUSH-TO"	"TELL"	"ROUTINE/TELL"	""	"You can't push things to that."
"gverbs.zil"	"1090"	"ROUTINE"	"V-PUT"	"TELL"	"ROUTINE/COND/TELL"	"T"	"You can't do that."
"gverbs.zil"	"1093"	"ROUTINE"	"V-PUT"	"TELL"	"ROUTINE/COND/TELL"	"<NOT"	"The "
"gverbs.zil"	"1093"	"ROUTINE"	"V-PUT"	"TELL"	"ROUTINE/COND/TELL"	"<NOT"	" isn't open."
"gverbs.zil"	"1096"	"ROUTINE"	"V-PUT"	"TELL"	"ROUTINE/COND/TELL"	"<EQUAL?"	"How can you do that?"
"gverbs.zil"	"1098"	"ROUTINE"	"V-PUT"	"TELL"	"ROUTINE/COND/TELL"	"<IN?"	"The "
"gverbs.zil"	"1098"	"ROUTINE"	"V-PUT"	"TELL"	"ROUTINE/COND/TELL"	"<IN?"	" is already in the "
"gverbs.zil"	"1098"	"ROUTINE"	"V-PUT"	"TELL"	"ROUTINE/COND/TELL"	"<IN?"	"."
"gverbs.zil"	"1102"	"ROUTINE"	"V-PUT"	"TELL"	"ROUTINE/COND/TELL"	"<G?"	"There's no room."
"gverbs.zil"	"1105"	"ROUTINE"	"V-PUT"	"TELL"	"ROUTINE/COND/TELL"	"<AND"	"You don't have the "
"gverbs.zil"	"1105"	"ROUTINE"	"V-PUT"	"TELL"	"ROUTINE/COND/TELL"	"<AND"	"."
"gverbs.zil"	"1114"	"ROUTINE"	"V-PUT"	"TELL"	"ROUTINE/COND/TELL"	"T"	"Done."
"gverbs.zil"	"1117"	"ROUTINE"	"V-PUT-BEHIND"	"TELL"	"ROUTINE/TELL"	""	"That hiding place is too obvious."
"gverbs.zil"	"1126"	"ROUTINE"	"V-PUT-ON"	"TELL"	"ROUTINE/COND/TELL"	"T"	"There's no good surface on the "
"gverbs.zil"	"1126"	"ROUTINE"	"V-PUT-ON"	"TELL"	"ROUTINE/COND/TELL"	"T"	"."
"gverbs.zil"	"1129"	"ROUTINE"	"V-PUT-UNDER"	"TELL"	"ROUTINE/TELL"	""	"You can't do that."
"gverbs.zil"	"1135"	"ROUTINE"	"V-RAPE"	"TELL"	"ROUTINE/TELL"	""	"What a (ahem!) strange idea."
"gverbs.zil"	"1139"	"ROUTINE"	"PRE-READ"	"TELL"	"ROUTINE/COND/TELL"	"<NOT"	"It is impossible to read in the dark."
"gverbs.zil"	"1141"	"ROUTINE"	"PRE-READ"	"TELL"	"ROUTINE/COND/TELL"	"<AND"	"How does one look through a "
"gverbs.zil"	"1141"	"ROUTINE"	"PRE-READ"	"TELL"	"ROUTINE/COND/TELL"	"<AND"	"?"
"gverbs.zil"	"1145"	"ROUTINE"	"V-READ"	"TELL"	"ROUTINE/COND/TELL"	"<NOT"	"How does one read a "
"gverbs.zil"	"1145"	"ROUTINE"	"V-READ"	"TELL"	"ROUTINE/COND/TELL"	"<NOT"	"?"
"gverbs.zil"	"1154"	"ROUTINE"	"V-REPENT"	"TELL"	"ROUTINE/TELL"	""	"It could very well be too late!"
"gverbs.zil"	"1157"	"ROUTINE"	"V-REPLY"	"TELL"	"ROUTINE/TELL"	""	"It is hardly likely that the "
"gverbs.zil"	"1157"	"ROUTINE"	"V-REPLY"	"TELL"	"ROUTINE/TELL"	""	" is interested."
"gverbs.zil"	"1163"	"ROUTINE"	"V-RING"	"TELL"	"ROUTINE/TELL"	""	"How, exactly, can you ring that?"
"gverbs.zil"	"1165"	"ROUTINE"	"V-RUB"	"HACK-HACK"	"ROUTINE/HACK-HACK"	""	"Fiddling with the "
"gverbs.zil"	"1167"	"ROUTINE"	"V-SAY"	"ROUTINE"	"ROUTINE"	"""AUX"""	"AUX"
"gverbs.zil"	"1185"	"ROUTINE"	"V-SAY"	"TELL"	"ROUTINE/COND/COND/TELL"	"<NOT"	"Say what?"
"gverbs.zil"	"1189"	"ROUTINE"	"V-SAY"	"TELL"	"ROUTINE/COND/TELL"	"<SET"	"You must address the "
"gverbs.zil"	"1189"	"ROUTINE"	"V-SAY"	"TELL"	"ROUTINE/COND/TELL"	"<SET"	" directly."
"gverbs.zil"	"1194"	"ROUTINE"	"V-SAY"	"TELL"	"ROUTINE/COND/TELL"	"<NOT"	"Talking to yourself is a sign of impending mental collapse."
"gverbs.zil"	"1198"	"ROUTINE"	"V-SEARCH"	"TELL"	"ROUTINE/TELL"	""	"You find nothing unusual."
"gverbs.zil"	"1202"	"ROUTINE"	"V-SEND"	"TELL"	"ROUTINE/COND/TELL"	"<FSET?"	"Why would you send for the "
"gverbs.zil"	"1202"	"ROUTINE"	"V-SEND"	"TELL"	"ROUTINE/COND/TELL"	"<FSET?"	"?"
"gverbs.zil"	"1204"	"ROUTINE"	"V-SEND"	"TELL"	"ROUTINE/COND/TELL"	"T"	"That doesn't make sends."
"gverbs.zil"	"1211"	"ROUTINE"	"V-SGIVE"	"TELL"	"ROUTINE/TELL"	""	"Foo!"
"gverbs.zil"	"1215"	"ROUTINE"	"V-SHAKE"	"TELL"	"ROUTINE/COND/TELL"	"<FSET?"	"This seems to have no effect."
"gverbs.zil"	"1217"	"ROUTINE"	"V-SHAKE"	"TELL"	"ROUTINE/COND/TELL"	"<NOT"	"You can't take it; thus, you can't shake it!"
"gverbs.zil"	"1222"	"ROUTINE"	"V-SHAKE"	"TELL"	"ROUTINE/COND/COND/COND/TELL"	"<FIRST?"	"The contents of the "
"gverbs.zil"	"1222"	"ROUTINE"	"V-SHAKE"	"TELL"	"ROUTINE/COND/COND/COND/TELL"	"<FIRST?"	" spill "
"gverbs.zil"	"1227"	"ROUTINE"	"V-SHAKE"	"TELL"	"ROUTINE/COND/COND/COND/COND/TELL"	"%<COND"	"out and disappears"
"gverbs.zil"	"1229"	"ROUTINE"	"V-SHAKE"	"TELL"	"ROUTINE/COND/COND/COND/COND/TELL"	"T"	"to the ground"
"gverbs.zil"	"1230"	"ROUTINE"	"V-SHAKE"	"TELL"	"ROUTINE/COND/COND/COND/TELL"	"<FIRST?"	"."
"gverbs.zil"	"1232"	"ROUTINE"	"V-SHAKE"	"TELL"	"ROUTINE/COND/COND/COND/TELL"	"T"	"Shaken."
"gverbs.zil"	"1236"	"ROUTINE"	"V-SHAKE"	"TELL"	"ROUTINE/COND/COND/COND/TELL"	"<FIRST?"	"It sounds like there is something inside the "
"gverbs.zil"	"1236"	"ROUTINE"	"V-SHAKE"	"TELL"	"ROUTINE/COND/COND/COND/TELL"	"<FIRST?"	"."
"gverbs.zil"	"1238"	"ROUTINE"	"V-SHAKE"	"TELL"	"ROUTINE/COND/COND/COND/TELL"	"T"	"The "
"gverbs.zil"	"1238"	"ROUTINE"	"V-SHAKE"	"TELL"	"ROUTINE/COND/COND/COND/TELL"	"T"	" sounds empty."
"gverbs.zil"	"1240"	"ROUTINE"	"V-SHAKE"	"TELL"	"ROUTINE/COND/TELL"	"T"	"Shaken."
"gverbs.zil"	"1242"	"ROUTINE"	"SHAKE-LOOP"	"ROUTINE"	"ROUTINE"	"""AUX"""	"AUX"
"gverbs.zil"	"1273"	"GLOBAL"	"WHEEEEE"	"LTABLE"	"GLOBAL/LTABLE"	""	"Very good. Now you can go to the second grade."
"gverbs.zil"	"1274"	"GLOBAL"	"WHEEEEE"	"LTABLE"	"GLOBAL/LTABLE"	""	"Are you enjoying yourself?"
"gverbs.zil"	"1275"	"GLOBAL"	"WHEEEEE"	"LTABLE"	"GLOBAL/LTABLE"	""	"Wheeeeeeeeee!!!!!"
"gverbs.zil"	"1276"	"GLOBAL"	"WHEEEEE"	"LTABLE"	"GLOBAL/LTABLE"	""	"Do you expect me to applaud?"
"gverbs.zil"	"1279"	"ROUTINE"	"V-SMELL"	"TELL"	"ROUTINE/TELL"	""	"It smells like a "
"gverbs.zil"	"1279"	"ROUTINE"	"V-SMELL"	"TELL"	"ROUTINE/TELL"	""	"."
"gverbs.zil"	"1282"	"ROUTINE"	"V-SPIN"	"TELL"	"ROUTINE/TELL"	""	"You can't spin that!"
"gverbs.zil"	"1289"	"ROUTINE"	"V-SQUEEZE"	"TELL"	"ROUTINE/COND/TELL"	"<FSET?"	"The "
"gverbs.zil"	"1289"	"ROUTINE"	"V-SQUEEZE"	"TELL"	"ROUTINE/COND/TELL"	"<FSET?"	" does not understand this."
"gverbs.zil"	"1291"	"ROUTINE"	"V-SQUEEZE"	"TELL"	"ROUTINE/COND/TELL"	"T"	"How singularly useless."
"gverbs.zil"	"1297"	"ROUTINE"	"V-STAB"	"ROUTINE"	"ROUTINE"	"""AUX"""	"AUX"
"gverbs.zil"	"1303"	"ROUTINE"	"V-STAB"	"TELL"	"ROUTINE/COND/TELL"	"T"	"No doubt you propose to stab the "
"gverbs.zil"	"1303"	"ROUTINE"	"V-STAB"	"TELL"	"ROUTINE/COND/TELL"	"T"	" with your pinky?"
"gverbs.zil"	"1310"	"ROUTINE"	"V-STAND"	"TELL"	"ROUTINE/COND/TELL"	"T"	"You are already standing, I think."
"gverbs.zil"	"1313"	"ROUTINE"	"V-STAY"	"TELL"	"ROUTINE/TELL"	""	"You will be lost without me!"
"gverbs.zil"	"1318"	"ROUTINE"	"V-STRIKE"	"TELL"	"ROUTINE/COND/TELL"	"<FSET?"	"Since you aren't versed in hand-to-hand combat, you'd better attack the "
"gverbs.zil"	"1319"	"ROUTINE"	"V-STRIKE"	"TELL"	"ROUTINE/COND/TELL"	"<FSET?"	" with a weapon."
"gverbs.zil"	"1328"	"ROUTINE"	"V-SWIM"	"TELL"	"ROUTINE/COND/COND/TELL"	"<GLOBAL-IN?"	"Swimming isn't usually allowed in the "
"gverbs.zil"	"1330"	"ROUTINE"	"V-SWIM"	"TELL"	"ROUTINE/COND/COND/COND/TELL"	"<NOT"	"."
"gverbs.zil"	"1332"	"ROUTINE"	"V-SWIM"	"TELL"	"ROUTINE/COND/COND/COND/TELL"	"T"	"dungeon."
"gverbs.zil"	"1345"	"ROUTINE"	"V-SWIM"	"TELL"	"ROUTINE/COND/TELL"	"T"	"Go jump in a lake!"
"gverbs.zil"	"1349"	"ROUTINE"	"V-SWING"	"TELL"	"ROUTINE/COND/TELL"	"<NOT"	"Whoosh!"
"gverbs.zil"	"1356"	"ROUTINE"	"PRE-TAKE"	"TELL"	"ROUTINE/COND/COND/TELL"	"<FSET?"	"You are already wearing it."
"gverbs.zil"	"1358"	"ROUTINE"	"PRE-TAKE"	"TELL"	"ROUTINE/COND/COND/TELL"	"T"	"You already have that!"
"gverbs.zil"	"1362"	"ROUTINE"	"PRE-TAKE"	"TELL"	"ROUTINE/COND/TELL"	"<AND"	"You can't reach something that's inside a closed container."
"gverbs.zil"	"1375"	"ROUTINE"	"PRE-TAKE"	"TELL"	"ROUTINE/COND/COND/TELL"	"<NOT"	"The "
"gverbs.zil"	"1375"	"ROUTINE"	"PRE-TAKE"	"TELL"	"ROUTINE/COND/COND/TELL"	"<NOT"	" isn't in the "
"gverbs.zil"	"1375"	"ROUTINE"	"PRE-TAKE"	"TELL"	"ROUTINE/COND/COND/TELL"	"<NOT"	"."
"gverbs.zil"	"1380"	"ROUTINE"	"PRE-TAKE"	"TELL"	"ROUTINE/COND/TELL"	"<EQUAL?"	"You're inside of it!"
"gverbs.zil"	"1385"	"ROUTINE"	"V-TAKE"	"TELL"	"ROUTINE/COND/COND/TELL"	"<FSET?"	"You are now wearing the "
"gverbs.zil"	"1385"	"ROUTINE"	"V-TAKE"	"TELL"	"ROUTINE/COND/COND/TELL"	"<FSET?"	"."
"gverbs.zil"	"1387"	"ROUTINE"	"V-TAKE"	"TELL"	"ROUTINE/COND/COND/TELL"	"T"	"Taken."
"gverbs.zil"	"1395"	"ROUTINE"	"V-TELL"	"TELL"	"ROUTINE/COND/COND/TELL"	"T"	"The "
"gverbs.zil"	"1396"	"ROUTINE"	"V-TELL"	"TELL"	"ROUTINE/COND/COND/TELL"	"T"	" pauses for a moment, perhaps thinking that you should reread\nthe manual."
"gverbs.zil"	"1399"	"ROUTINE"	"V-TELL"	"TELL"	"ROUTINE/COND/TELL"	"T"	"You can't talk to the "
"gverbs.zil"	"1399"	"ROUTINE"	"V-TELL"	"TELL"	"ROUTINE/COND/TELL"	"T"	"!"
"gverbs.zil"	"1404"	"ROUTINE"	"V-THROUGH"	"ROUTINE"	"ROUTINE"	"""OPTIONAL"""	"OPTIONAL"
"gverbs.zil"	"1404"	"ROUTINE"	"V-THROUGH"	"ROUTINE"	"ROUTINE"	"""OPTIONAL"""	"AUX"
"gverbs.zil"	"1439"	"ROUTINE"	"V-THROUGH"	"TELL"	"ROUTINE/COND/TELL"	"<OR"	"You hit your head against the "
"gverbs.zil"	"1439"	"ROUTINE"	"V-THROUGH"	"TELL"	"ROUTINE/COND/TELL"	"<OR"	" as you attempt this feat."
"gverbs.zil"	"1441"	"ROUTINE"	"V-THROUGH"	"TELL"	"ROUTINE/COND/TELL"	"<IN?"	"That would involve quite a contortion!"
"gverbs.zil"	"1449"	"ROUTINE"	"V-THROW"	"TELL"	"ROUTINE/COND/COND/TELL"	"<EQUAL?"	"A terrific throw! The "
"gverbs.zil"	"1451"	"ROUTINE"	"V-THROW"	"JIGS-UP"	"ROUTINE/COND/COND/JIGS-UP"	"<EQUAL?"	" hits you squarely in the head. Normally,\nthis wouldn't do much damage, but by incredible mischance, you fall over\nbackwards trying to duck, and break your neck, justice being swift and\nmerciful in the Great Underground Empire."
"gverbs.zil"	"1457"	"ROUTINE"	"V-THROW"	"TELL"	"ROUTINE/COND/COND/TELL"	"<AND"	"The "
"gverbs.zil"	"1457"	"ROUTINE"	"V-THROW"	"TELL"	"ROUTINE/COND/COND/TELL"	"<AND"	" ducks as the "
"gverbs.zil"	"1457"	"ROUTINE"	"V-THROW"	"TELL"	"ROUTINE/COND/COND/TELL"	"<AND"	" flies by and crashes to the ground."
"gverbs.zil"	"1459"	"ROUTINE"	"V-THROW"	"TELL"	"ROUTINE/COND/COND/TELL"	"T"	"Thrown."
"gverbs.zil"	"1460"	"ROUTINE"	"V-THROW"	"TELL"	"ROUTINE/COND/TELL"	"ELSE"	"Huh?"
"gverbs.zil"	"1463"	"ROUTINE"	"V-THROW-OFF"	"TELL"	"ROUTINE/TELL"	""	"You can't throw anything off of that!"
"gverbs.zil"	"1467"	"ROUTINE"	"V-TIE"	"TELL"	"ROUTINE/COND/TELL"	"<EQUAL?"	"You can't tie anything to yourself."
"gverbs.zil"	"1469"	"ROUTINE"	"V-TIE"	"TELL"	"ROUTINE/COND/TELL"	"T"	"You can't tie the "
"gverbs.zil"	"1469"	"ROUTINE"	"V-TIE"	"TELL"	"ROUTINE/COND/TELL"	"T"	" to that."
"gverbs.zil"	"1472"	"ROUTINE"	"V-TIE-UP"	"TELL"	"ROUTINE/TELL"	""	"You could certainly never tie it with that!"
"gverbs.zil"	"1486"	"ROUTINE"	"V-TREASURE"	"TELL"	"ROUTINE/COND/TELL"	"T"	"Nothing happens."
"gverbs.zil"	"1501"	"ROUTINE"	"PRE-TURN"	"TELL"	"ROUTINE/COND/TELL"	"%<COND"	"Your bare hands don't appear to be enough."
"gverbs.zil"	"1503"	"ROUTINE"	"PRE-TURN"	"TELL"	"ROUTINE/COND/TELL"	"<NOT"	"You can't turn that!"
"gverbs.zil"	"1506"	"ROUTINE"	"V-TURN"	"TELL"	"ROUTINE/TELL"	""	"This has no effect."
"gverbs.zil"	"1512"	"ROUTINE"	"V-UNTIE"	"TELL"	"ROUTINE/TELL"	""	"This cannot be tied, so it cannot be untied!"
"gverbs.zil"	"1514"	"ROUTINE"	"V-WAIT"	"ROUTINE"	"ROUTINE"	"""OPTIONAL"""	"OPTIONAL"
"gverbs.zil"	"1515"	"ROUTINE"	"V-WAIT"	"TELL"	"ROUTINE/TELL"	""	"Time passes..."
"gverbs.zil"	"1521"	"ROUTINE"	"V-WALK"	"ROUTINE"	"ROUTINE"	"""AUX"""	"AUX"
"gverbs.zil"	"1548"	"ROUTINE"	"V-WALK"	"TELL"	"ROUTINE/COND/COND/COND/TELL"	"T"	"You can't go that way."
"gverbs.zil"	"1557"	"ROUTINE"	"V-WALK"	"TELL"	"ROUTINE/COND/COND/COND/TELL"	"T"	"The "
"gverbs.zil"	"1557"	"ROUTINE"	"V-WALK"	"TELL"	"ROUTINE/COND/COND/COND/TELL"	"T"	" is closed."
"gverbs.zil"	"1566"	"ROUTINE"	"V-WALK"	"TELL"	"ROUTINE/COND/COND/TELL"	",SPRAYED?"	"There are odd noises in the darkness, and there is no exit in that\ndirection."
"gverbs.zil"	"1578"	"ROUTINE"	"V-WALK"	"JIGS-UP"	"ROUTINE/COND/COND/JIGS-UP"	"T"	"Oh, no! You have walked into the slavering fangs of a lurking grue!"
"gverbs.zil"	"1580"	"ROUTINE"	"V-WALK"	"TELL"	"ROUTINE/COND/TELL"	"T"	"You can't go that way."
"gverbs.zil"	"1584"	"ROUTINE"	"V-WALK-AROUND"	"TELL"	"ROUTINE/TELL"	""	"Use compass directions for movement."
"gverbs.zil"	"1590"	"ROUTINE"	"V-WALK-TO"	"TELL"	"ROUTINE/COND/TELL"	"<AND"	"It's here!"
"gverbs.zil"	"1592"	"ROUTINE"	"V-WALK-TO"	"TELL"	"ROUTINE/COND/TELL"	"T"	"You should supply a direction!"
"gverbs.zil"	"1595"	"ROUTINE"	"V-WAVE"	"HACK-HACK"	"ROUTINE/HACK-HACK"	""	"Waving the "
"gverbs.zil"	"1599"	"ROUTINE"	"V-WEAR"	"TELL"	"ROUTINE/COND/TELL"	"<NOT"	"You can't wear the "
"gverbs.zil"	"1599"	"ROUTINE"	"V-WEAR"	"TELL"	"ROUTINE/COND/TELL"	"<NOT"	"."
"gverbs.zil"	"1605"	"ROUTINE"	"V-WIN"	"TELL"	"ROUTINE/TELL"	""	"Naturally!"
"gverbs.zil"	"1608"	"ROUTINE"	"V-WIND"	"TELL"	"ROUTINE/TELL"	""	"You cannot wind up a "
"gverbs.zil"	"1608"	"ROUTINE"	"V-WIND"	"TELL"	"ROUTINE/TELL"	""	"."
"gverbs.zil"	"1614"	"ROUTINE"	"V-WISH"	"TELL"	"ROUTINE/COND/TELL"	"T"	"With luck, your wish will come true."
"gverbs.zil"	"1616"	"ROUTINE"	"V-YELL"	"TELL"	"ROUTINE/TELL"	""	"Aaaarrrrgggghhhh!"
"gverbs.zil"	"1618"	"ROUTINE"	"V-ZORK"	"TELL"	"ROUTINE/TELL"	""	"At your service!"
"gverbs.zil"	"1622"	""	""	""	""	""	"Verb-Associated Routines"
"gverbs.zil"	"1624"	""	""	""	""	""	"Descriptions"
"gverbs.zil"	"1635"	"ROUTINE"	"DESCRIBE-ROOM"	"ROUTINE"	"ROUTINE"	"""OPTIONAL"""	"OPTIONAL"
"gverbs.zil"	"1635"	"ROUTINE"	"DESCRIBE-ROOM"	"ROUTINE"	"ROUTINE"	"""OPTIONAL"""	"AUX"
"gverbs.zil"	"1638"	"ROUTINE"	"DESCRIBE-ROOM"	"TELL"	"ROUTINE/COND/TELL"	"<NOT"	"It is pitch black."
"gverbs.zil"	"1640"	"ROUTINE"	"DESCRIBE-ROOM"	"TELL"	"ROUTINE/COND/COND/TELL"	"<NOT"	" You are likely to be eaten by a grue."
"gverbs.zil"	"1662"	"ROUTINE"	"DESCRIBE-ROOM"	"TELL"	"ROUTINE/COND/COND/TELL"	"<FSET?"	", in the "
"gverbs.zil"	"1681"	"ROUTINE"	"DESCRIBE-OBJECTS"	"ROUTINE"	"ROUTINE"	"""OPTIONAL"""	"OPTIONAL"
"gverbs.zil"	"1686"	"ROUTINE"	"DESCRIBE-OBJECTS"	"TELL"	"ROUTINE/COND/TELL"	"T"	"Only bats can see in the dark. And you're not one."
"gverbs.zil"	"1688"	""	""	""	""	""	"DESCRIBE-OBJECT -- takes object and flag.  if flag is true will print a\nlong description (fdesc or ldesc), otherwise will print short."
"gverbs.zil"	"1693"	"ROUTINE"	"DESCRIBE-OBJECT"	"ROUTINE"	"ROUTINE"	"OBJ"	"AUX"
"gverbs.zil"	"1704"	"ROUTINE"	"DESCRIBE-OBJECT"	"TELL"	"ROUTINE/COND/TELL"	"<0?"	"There is a "
"gverbs.zil"	"1704"	"ROUTINE"	"DESCRIBE-OBJECT"	"TELL"	"ROUTINE/COND/TELL"	"<0?"	" here"
"gverbs.zil"	"1706"	"ROUTINE"	"DESCRIBE-OBJECT"	"TELL"	"ROUTINE/COND/COND/TELL"	"<FSET?"	" (providing light)"
"gverbs.zil"	"1707"	"ROUTINE"	"DESCRIBE-OBJECT"	"TELL"	"ROUTINE/COND/TELL"	"<0?"	"."
"gverbs.zil"	"1710"	"ROUTINE"	"DESCRIBE-OBJECT"	"TELL"	"ROUTINE/COND/TELL"	"T"	"A "
"gverbs.zil"	"1712"	"ROUTINE"	"DESCRIBE-OBJECT"	"TELL"	"ROUTINE/COND/COND/TELL"	"<FSET?"	" (providing light)"
"gverbs.zil"	"1715"	"ROUTINE"	"DESCRIBE-OBJECT"	"TELL"	"ROUTINE/COND/COND/TELL"	"<AND"	" (being worn)"
"gverbs.zil"	"1725"	"ROUTINE"	"DESCRIBE-OBJECT"	"TELL"	"ROUTINE/COND/TELL"	"<AND"	" (outside the "
"gverbs.zil"	"1725"	"ROUTINE"	"DESCRIBE-OBJECT"	"TELL"	"ROUTINE/COND/TELL"	"<AND"	")"
"gverbs.zil"	"1730"	"ROUTINE"	"PRINT-CONTENTS"	"ROUTINE"	"ROUTINE"	"OBJ"	"AUX"
"gverbs.zil"	"1736"	"ROUTINE"	"PRINT-CONTENTS"	"TELL"	"ROUTINE/COND/REPEAT/COND/TELL"	"ELSE"	", "
"gverbs.zil"	"1737"	"ROUTINE"	"PRINT-CONTENTS"	"TELL"	"ROUTINE/COND/REPEAT/COND/COND/TELL"	"<NOT"	"and "
"gverbs.zil"	"1738"	"ROUTINE"	"PRINT-CONTENTS"	"TELL"	"ROUTINE/COND/REPEAT/TELL"	"<SET"	"a "
"gverbs.zil"	"1750"	"ROUTINE"	"PRINT-CONT"	"ROUTINE"	"ROUTINE"	"OBJ"	"OPTIONAL"
"gverbs.zil"	"1751"	"ROUTINE"	"PRINT-CONT"	"ROUTINE"	"ROUTINE"	"OBJ"	"AUX"
"gverbs.zil"	"1822"	"ROUTINE"	"FIRSTER"	"TELL"	"ROUTINE/COND/COND/TELL"	"<EQUAL?"	"Your collection of treasures consists of:"
"gverbs.zil"	"1826"	"ROUTINE"	"FIRSTER"	"TELL"	"ROUTINE/COND/TELL"	"<EQUAL?"	"You are carrying:"
"gverbs.zil"	"1831"	"ROUTINE"	"FIRSTER"	"TELL"	"ROUTINE/COND/COND/TELL"	"<FSET?"	"Sitting on the "
"gverbs.zil"	"1831"	"ROUTINE"	"FIRSTER"	"TELL"	"ROUTINE/COND/COND/TELL"	"<FSET?"	" is: "
"gverbs.zil"	"1833"	"ROUTINE"	"FIRSTER"	"TELL"	"ROUTINE/COND/COND/TELL"	"<FSET?"	"The "
"gverbs.zil"	"1833"	"ROUTINE"	"FIRSTER"	"TELL"	"ROUTINE/COND/COND/TELL"	"<FSET?"	" is holding: "
"gverbs.zil"	"1835"	"ROUTINE"	"FIRSTER"	"TELL"	"ROUTINE/COND/COND/TELL"	"T"	"The "
"gverbs.zil"	"1835"	"ROUTINE"	"FIRSTER"	"TELL"	"ROUTINE/COND/COND/TELL"	"T"	" contains:"
"gverbs.zil"	"1841"	""	""	""	""	""	"Scoring"
"gverbs.zil"	"1861"	"ROUTINE"	"SCORE-UPD"	"TELL"	"ROUTINE/COND/COND/TELL"	"<AND"	"An almost inaudible voice whispers in your ear, ""Look to your treasures\nfor the final secret."""
"gverbs.zil"	"1867"	"ROUTINE"	"SCORE-OBJ"	"ROUTINE"	"ROUTINE"	"OBJ"	"AUX"
"gverbs.zil"	"1873"	"ROUTINE"	"YES?"	"PRINTI"	"ROUTINE/PRINTI"	""	">"
"gverbs.zil"	"1880"	""	""	""	""	""	"Death"
"gverbs.zil"	"1894"	""	""	""	""	""	"Object Manipulation"
"gverbs.zil"	"1900"	"ROUTINE"	"ITAKE"	"ROUTINE"	"ROUTINE"	"""OPTIONAL"""	"OPTIONAL"
"gverbs.zil"	"1900"	"ROUTINE"	"ITAKE"	"ROUTINE"	"ROUTINE"	"""OPTIONAL"""	"AUX"
"gverbs.zil"	"1906"	"ROUTINE"	"ITAKE"	"TELL"	"ROUTINE/COND/COND/COND/TELL"	".VB"	"Your hand passes through its object."
"gverbs.zil"	"1934"	"ROUTINE"	"ITAKE"	"TELL"	"ROUTINE/COND/COND/TELL"	".VB"	"Your load is too heavy"
"gverbs.zil"	"1936"	"ROUTINE"	"ITAKE"	"TELL"	"ROUTINE/COND/COND/COND/TELL"	"<L?"	", especially in light of your condition."
"gverbs.zil"	"1938"	"ROUTINE"	"ITAKE"	"TELL"	"ROUTINE/COND/COND/COND/TELL"	"T"	"."
"gverbs.zil"	"1945"	"ROUTINE"	"ITAKE"	"TELL"	"ROUTINE/COND/TELL"	"<AND"	"You're holding too many things already!"
"gverbs.zil"	"1969"	"ROUTINE"	"IDROP"	"TELL"	"ROUTINE/COND/TELL"	"<AND"	"You're not carrying the "
"gverbs.zil"	"1969"	"ROUTINE"	"IDROP"	"TELL"	"ROUTINE/COND/TELL"	"<AND"	"."
"gverbs.zil"	"1973"	"ROUTINE"	"IDROP"	"TELL"	"ROUTINE/COND/TELL"	"<AND"	"The "
"gverbs.zil"	"1973"	"ROUTINE"	"IDROP"	"TELL"	"ROUTINE/COND/TELL"	"<AND"	" is closed."
"gverbs.zil"	"1979"	"ROUTINE"	"CCOUNT"	"ROUTINE"	"ROUTINE"	"OBJ"	"AUX"
"gverbs.zil"	"1988"	"ROUTINE"	"WEIGHT"	"ROUTINE"	"ROUTINE"	"OBJ"	"AUX"
"gverbs.zil"	"1999"	""	""	""	""	""	"Miscellaneous"
"gverbs.zil"	"2017"	"GLOBAL"	"INDENTS"	"TABLE"	"GLOBAL/TABLE"	""	""
"gverbs.zil"	"2018"	"GLOBAL"	"INDENTS"	"TABLE"	"GLOBAL/TABLE"	""	"  "
"gverbs.zil"	"2019"	"GLOBAL"	"INDENTS"	"TABLE"	"GLOBAL/TABLE"	""	"    "
"gverbs.zil"	"2020"	"GLOBAL"	"INDENTS"	"TABLE"	"GLOBAL/TABLE"	""	"      "
"gverbs.zil"	"2021"	"GLOBAL"	"INDENTS"	"TABLE"	"GLOBAL/TABLE"	""	"        "
"gverbs.zil"	"2022"	"GLOBAL"	"INDENTS"	"TABLE"	"GLOBAL/TABLE"	""	"          "
"gverbs.zil"	"2027"	"ROUTINE"	"HACK-HACK"	"TELL"	"ROUTINE/COND/TELL"	"<AND"	"The "
"gverbs.zil"	"2027"	"ROUTINE"	"HACK-HACK"	"TELL"	"ROUTINE/COND/TELL"	"<AND"	" isn't here!"
"gverbs.zil"	"2034"	"GLOBAL"	"HO-HUM"	"LTABLE"	"GLOBAL/LTABLE"	""	" doesn't seem to work."
"gverbs.zil"	"2035"	"GLOBAL"	"HO-HUM"	"LTABLE"	"GLOBAL/LTABLE"	""	" isn't notably helpful."
"gverbs.zil"	"2036"	"GLOBAL"	"HO-HUM"	"LTABLE"	"GLOBAL/LTABLE"	""	" has no effect."
"gverbs.zil"	"2040"	"ROUTINE"	"NO-GO-TELL"	"TELL"	"ROUTINE/COND/TELL"	".AV"	"You can't go there in a "
"gverbs.zil"	"2040"	"ROUTINE"	"NO-GO-TELL"	"TELL"	"ROUTINE/COND/TELL"	".AV"	"."
"gverbs.zil"	"2042"	"ROUTINE"	"NO-GO-TELL"	"TELL"	"ROUTINE/COND/TELL"	"T"	"You can't go there without a vehicle."
"gverbs.zil"	"2045"	"ROUTINE"	"GOTO"	"ROUTINE"	"ROUTINE"	"RM"	"OPTIONAL"
"gverbs.zil"	"2046"	"ROUTINE"	"GOTO"	"ROUTINE"	"ROUTINE"	"RM"	"AUX"
"gverbs.zil"	"2077"	"ROUTINE"	"GOTO"	"TELL"	"ROUTINE/COND/COND/COND/TELL"	"<==?"	"The "
"gverbs.zil"	"2077"	"ROUTINE"	"GOTO"	"TELL"	"ROUTINE/COND/COND/COND/TELL"	"<==?"	" comes to a rest on the shore."
"gverbs.zil"	"2100"	"ROUTINE"	"GOTO"	"TELL"	"ROUTINE/COND/COND/COND/TELL"	",SPRAYED?"	"There are sinister gurgling noises in the darkness all around you!"
"gverbs.zil"	"2111"	"ROUTINE"	"GOTO"	"TELL"	"ROUTINE/COND/COND/COND/TELL"	"T"	"Oh, no! A lurking grue slithered into the "
"gverbs.zil"	"2114"	"ROUTINE"	"GOTO"	"TELL"	"ROUTINE/COND/COND/COND/COND/TELL"	"T"	"room"
"gverbs.zil"	"2115"	"ROUTINE"	"GOTO"	"JIGS-UP"	"ROUTINE/COND/COND/COND/JIGS-UP"	"T"	" and devoured you!"
"gverbs.zil"	"2119"	"ROUTINE"	"GOTO"	"TELL"	"ROUTINE/COND/COND/TELL"	"<AND"	"You have moved into a dark place."
"gverbs.zil"	"2126"	"ROUTINE"	"GOTO"	"TELL"	"ROUTINE/COND/COND/TELL"	"<AND"	"The "
"gverbs.zil"	"2126"	"ROUTINE"	"GOTO"	"TELL"	"ROUTINE/COND/COND/TELL"	"<AND"	" leaves the room."
"gverbs.zil"	"2139"	"ROUTINE"	"LKP"	"ROUTINE"	"ROUTINE"	"ITM"	"AUX"
"gverbs.zil"	"2152"	"ROUTINE"	"GLOBAL-IN?"	"ROUTINE"	"ROUTINE"	"OBJ1"	"AUX"
"gverbs.zil"	"2156"	"ROUTINE"	"FIND-IN"	"ROUTINE"	"ROUTINE"	"WHERE"	"AUX"
"gverbs.zil"	"2173"	"ROUTINE"	"OTHER-SIDE"	"ROUTINE"	"ROUTINE"	"DOBJ"	"AUX"
"gverbs.zil"	"2196"	"COND"	"(<N==?"	"LTABLE"	"COND/GLOBAL/LTABLE"	"<N==?"	"You can't swim in the dungeon."
"gverbs.zil"	"2199"	"GLOBAL"	"HELLOS"	"LTABLE"	"GLOBAL/LTABLE"	""	"Hello."
"gverbs.zil"	"2200"	"GLOBAL"	"HELLOS"	"LTABLE"	"GLOBAL/LTABLE"	""	"Good day."
"gverbs.zil"	"2201"	"GLOBAL"	"HELLOS"	"LTABLE"	"GLOBAL/LTABLE"	""	"Nice weather we've been having lately."
"gverbs.zil"	"2202"	"GLOBAL"	"HELLOS"	"LTABLE"	"GLOBAL/LTABLE"	""	"Goodbye."
"gverbs.zil"	"2207"	"GLOBAL"	"YUKS"	"LTABLE"	"GLOBAL/LTABLE"	""	"A valiant attempt."
"gverbs.zil"	"2208"	"GLOBAL"	"YUKS"	"LTABLE"	"GLOBAL/LTABLE"	""	"You can't be serious."
"gverbs.zil"	"2210"	"GLOBAL"	"YUKS"	"LTABLE"	"GLOBAL/LTABLE"	""	"An interesting idea..."
"gverbs.zil"	"2211"	"GLOBAL"	"YUKS"	"LTABLE"	"GLOBAL/LTABLE"	""	"What a concept!"
"gverbs.zil"	"2215"	"GLOBAL"	"DUMMY"	"LTABLE"	"GLOBAL/LTABLE"	""	"Look around."
"gverbs.zil"	"2216"	"GLOBAL"	"DUMMY"	"LTABLE"	"GLOBAL/LTABLE"	""	"Too late for that."
"gverbs.zil"	"2217"	"GLOBAL"	"DUMMY"	"LTABLE"	"GLOBAL/LTABLE"	""	"Have your eyes checked."
"zork1.zil"	"1"	""	""	""	""	""	"ZORK1 for\n\t        Zork I: The Great Underground Empire\n\t(c) Copyright 1983 Infocom, Inc.  All Rights Reserved."
"zork1.zil"	"14"	"PRINC"	""	"PRINC"	"PRINC"	""	"Renovated ZORK I: The Great Underground Empire\n"
"zork1.zil"	"19"	"INSERT-FILE"	""	"INSERT-FILE"	"INSERT-FILE"	""	"GMACROS"
"zork1.zil"	"20"	"INSERT-FILE"	""	"INSERT-FILE"	"INSERT-FILE"	""	"GSYNTAX"
"zork1.zil"	"21"	"INSERT-FILE"	""	"INSERT-FILE"	"INSERT-FILE"	""	"1DUNGEON"
"zork1.zil"	"22"	"INSERT-FILE"	""	"INSERT-FILE"	"INSERT-FILE"	""	"GGLOBALS"
"zork1.zil"	"29"	"INSERT-FILE"	""	"INSERT-FILE"	"INSERT-FILE"	""	"GCLOCK"
"zork1.zil"	"30"	"INSERT-FILE"	""	"INSERT-FILE"	"INSERT-FILE"	""	"GMAIN"
"zork1.zil"	"31"	"INSERT-FILE"	""	"INSERT-FILE"	"INSERT-FILE"	""	"GPARSER"
"zork1.zil"	"32"	"INSERT-FILE"	""	"INSERT-FILE"	"INSERT-FILE"	""	"GVERBS"
"zork1.zil"	"33"	"INSERT-FILE"	""	"INSERT-FILE"	"INSERT-FILE"	""	"1ACTIONS"
