id	japanese	status	notes
"message.1actions.WEST-HOUSE.10.01"	"あなたは白い家の西に広がる空き地に立っている。正面の扉は板でふさがれている。"	"draft"	"開始地点"
"message.1actions.WEST-HOUSE.14.01"	"南西には森へ続く秘密の小道がある。"	"draft"	"条件付き追加文"
"message.1actions.EAST-HOUSE.20.01"	"あなたは白い家の裏側にいる。東へは森へ続く小道がある。家の一角には小さな窓があり、"	"draft"	"後続断片と連結"
"message.1actions.EAST-HOUSE.24.01"	"開いている。"	"draft"	"前文と連結"
"message.1actions.EAST-HOUSE.25.01"	"わずかに開いている。"	"draft"	"前文と連結"
"message.1actions.BOARD-F.46.01"	"ボードはしっかりと固定されています。"	"machine-draft"	"機械初訳・要確認"
"message.1actions.TEETH-F.54.01"	"そうですね、何かで歯を磨いていたようですね。\n接着剤。その結果、口が（鼻と）くっついてしまいます。\nそして呼吸不全で亡くなります。"	"machine-draft"	"機械初訳・要確認"
"message.1actions.TEETH-F.59.01"	"歯科衛生士が強く推奨されていますが、何を望んでいるのかわかりません\nそれらをブラシで磨きます。"	"machine-draft"	"機械初訳・要確認"
"message.1actions.TEETH-F.62.01"	"素晴らしいアイデアですが、"	"machine-draft"	"機械初訳・要確認"
"message.1actions.TEETH-F.62.02"	"?"	"machine-draft"	"機械初訳・要確認"
"message.1actions.GRANITE-WALL-F.67.01"	"ここの西壁は堅い花崗岩です。"	"machine-draft"	"機械初訳・要確認"
"message.1actions.GRANITE-WALL-F.69.01"	"しっかりとした花崗岩です。"	"machine-draft"	"機械初訳・要確認"
"message.1actions.GRANITE-WALL-F.72.01"	"ここの東壁は堅い花崗岩です。"	"machine-draft"	"機械初訳・要確認"
"message.1actions.GRANITE-WALL-F.74.01"	"しっかりとした花崗岩です。"	"machine-draft"	"機械初訳・要確認"
"message.1actions.GRANITE-WALL-F.77.01"	"「花崗岩の壁」とだけ書かれています。"	"machine-draft"	"機械初訳・要確認"
"message.1actions.GRANITE-WALL-F.78.01"	"壁は花崗岩ではありません。"	"machine-draft"	"機械初訳・要確認"
"message.1actions.GRANITE-WALL-F.80.01"	"ここには花崗岩の壁はありません。"	"machine-draft"	"機械初訳・要確認"
"message.1actions.SONGBIRD-F.84.01"	"鳴き鳥はここにはいませんが、おそらく近くにいるでしょう。"	"machine-draft"	"機械初訳・要確認"
"message.1actions.SONGBIRD-F.86.01"	"今は鳴き鳥の声は聞こえません。"	"machine-draft"	"機械初訳・要確認"
"message.1actions.SONGBIRD-F.88.01"	"それはフォローできません。"	"machine-draft"	"機械初訳・要確認"
"message.1actions.SONGBIRD-F.90.01"	"ここでは鳴き鳥は見られません。"	"machine-draft"	"機械初訳・要確認"
"message.1actions.WHITE-HOUSE-F.95.01"	"自分の頭脳を見つけてみませんか?"	"machine-draft"	"機械初訳・要確認"
"message.1actions.WHITE-HOUSE-F.103.01"	"西側にあるようです。"	"machine-draft"	"機械初訳・要確認"
"message.1actions.WHITE-HOUSE-F.105.01"	"ついさっきまでここにあったのに……。"	"machine-draft"	"機械初訳・要確認"
"message.1actions.WHITE-HOUSE-F.106.01"	"あなたは家にいません。"	"machine-draft"	"機械初訳・要確認"
"message.1actions.WHITE-HOUSE-F.109.01"	"ここだよ！盲目か何かですか？"	"machine-draft"	"機械初訳・要確認"
"message.1actions.WHITE-HOUSE-F.115.01"	"その家は白く塗られた美しいコロニアル様式の邸宅だ。所有者がたいへんな富豪だったことは間違いない。"	"draft"	"家を調べた説明"
"message.1actions.WHITE-HOUSE-F.122.01"	"窓は閉まっています。"	"machine-draft"	"機械初訳・要確認"
"message.1actions.WHITE-HOUSE-F.125.01"	"ここから入る方法がわかりません。"	"machine-draft"	"機械初訳・要確認"
"message.1actions.WHITE-HOUSE-F.127.01"	"冗談でしょうね。"	"machine-draft"	"機械初訳・要確認"
"message.1actions.FOREST-F.142.01"	"森の中にもいませんよ。"	"machine-draft"	"機械初訳・要確認"
"message.1actions.FOREST-F.145.01"	"方向を指定する必要があります。"	"machine-draft"	"機械初訳・要確認"
"message.1actions.FOREST-F.147.01"	"木を見て森を見ず。"	"machine-draft"	"機械初訳・要確認"
"message.1actions.FOREST-F.149.01"	"松と栂がせせらぎしているようです。"	"machine-draft"	"機械初訳・要確認"
"message.1actions.MOUNTAIN-RANGE-F.154.01"	"信じられないの？山は通行不可能です！"	"machine-draft"	"機械初訳・要確認"
"message.1actions.WATER-F.187.01"	"現在、底には水たまりができています"	"machine-draft"	"機械初訳・要確認"
"message.1actions.WATER-F.188.01"	"。"	"machine-draft"	"機械初訳・要確認"
"message.1actions.WATER-F.192.01"	"中から水が漏れる"	"machine-draft"	"機械初訳・要確認"
"message.1actions.WATER-F.193.01"	"そしてすぐに蒸発します。"	"machine-draft"	"機械初訳・要確認"
"message.1actions.WATER-F.197.01"	"ボトルは閉まっています。"	"machine-draft"	"機械初訳・要確認"
"message.1actions.WATER-F.201.01"	"これでボトルは水でいっぱいになりました。"	"machine-draft"	"機械初訳・要確認"
"message.1actions.WATER-F.203.01"	"水が指の間をすり抜けていきます。"	"machine-draft"	"機械初訳・要確認"
"message.1actions.WATER-F.209.01"	"瓶の中に入っています。おそらく、代わりにそれを取ったほうがよいでしょう。"	"machine-draft"	"機械初訳・要確認"
"message.1actions.WATER-F.211.01"	"水が指の間をすり抜けていきます。"	"machine-draft"	"機械初訳・要確認"
"message.1actions.WATER-F.217.01"	"いい試みだ。"	"machine-draft"	"機械初訳・要確認"
"message.1actions.WATER-F.223.01"	"ボトルは閉まっています。"	"machine-draft"	"機械初訳・要確認"
"message.1actions.WATER-F.227.01"	"現在、底には水たまりができています"	"machine-draft"	"機械初訳・要確認"
"message.1actions.WATER-F.228.01"	"。"	"machine-draft"	"機械初訳・要確認"
"message.1actions.WATER-F.232.01"	"水は床にこぼれ、すぐに蒸発します。"	"machine-draft"	"機械初訳・要確認"
"message.1actions.WATER-F.236.01"	"水は壁に飛び散り、すぐに蒸発します。"	"machine-draft"	"機械初訳・要確認"
"message.1actions.KITCHEN-WINDOW-F.245.01"	"懸命に努力して、窓を十分に開けて中に入ることができます。"	"machine-draft"	"機械初訳・要確認"
"message.1actions.KITCHEN-WINDOW-F.246.01"	"ウィンドウが閉じます（開くよりも簡単に）。"	"machine-draft"	"機械初訳・要確認"
"message.1actions.KITCHEN-WINDOW-F.250.01"	"窓は少し開いていますが、侵入できるほどではありません。"	"machine-draft"	"機械初訳・要確認"
"message.1actions.KITCHEN-WINDOW-F.258.01"	"ご覧いただけます"	"machine-draft"	"機械初訳・要確認"
"message.1actions.KITCHEN-WINDOW-F.260.01"	"森に向かって続く明確なエリア。"	"machine-draft"	"機械初訳・要確認"
"message.1actions.KITCHEN-WINDOW-F.262.01"	"キッチンと思われるもの。"	"machine-draft"	"機械初訳・要確認"
"message.1actions.GHOSTS-F.266.01"	"霊たちは大声で野次を飛ばし、あなたを無視します。"	"machine-draft"	"機械初訳・要確認"
"message.1actions.GHOSTS-F.269.01"	"儀式そのもののみが影響を及ぼします。"	"machine-draft"	"機械初訳・要確認"
"message.1actions.GHOSTS-F.271.01"	"物質を使って霊を攻撃するにはどうすればよいでしょうか?"	"machine-draft"	"機械初訳・要確認"
"message.1actions.GHOSTS-F.273.01"	"あなたはこれらの霊たちと対話することができないようです。"	"machine-draft"	"機械初訳・要確認"
"message.1actions.BASKET-F.287.01"	"バスケットはシャフトの上部まで持ち上げられます。"	"machine-draft"	"機械初訳・要確認"
"message.1actions.BASKET-F.296.01"	"バスケットはシャフトの底まで下げられます。"	"machine-draft"	"機械初訳・要確認"
"message.1actions.BASKET-F.299.01"	"今は真っ暗です。"	"machine-draft"	"機械初訳・要確認"
"message.1actions.BASKET-F.303.01"	"バスケットはチェーンの反対側にあります。"	"machine-draft"	"機械初訳・要確認"
"message.1actions.BASKET-F.306.01"	"ケージは鉄のチェーンにしっかりと固定されています。"	"machine-draft"	"機械初訳・要確認"
"message.1actions.BAT-F.314.01"	"彼に連絡を取ることはできません。彼は天井にいる。"	"machine-draft"	"機械初訳・要確認"
"message.1actions.FLY-ME.320.01"	"コウモリがあなたの首筋を掴んで持ち上げます..."	"machine-draft"	"機械初訳・要確認"
"message.1actions.FWEEP.329.01"	"ふーふー！"	"machine-draft"	"機械初訳・要確認"
"message.1actions.BELL-F.349.01"	"ドン、ドン。"	"machine-draft"	"機械初訳・要確認"
"message.1actions.HOT-BELL-F.353.01"	"ベルは非常に熱いので取れません。"	"machine-draft"	"機械初訳・要確認"
"message.1actions.HOT-BELL-F.356.01"	"の"	"machine-draft"	"機械初訳・要確認"
"message.1actions.HOT-BELL-F.356.02"	"燃えて消費される。"	"machine-draft"	"機械初訳・要確認"
"message.1actions.HOT-BELL-F.359.01"	"ベルは触れられないほど熱くなっています。"	"machine-draft"	"機械初訳・要確認"
"message.1actions.HOT-BELL-F.361.01"	"鐘の熱が強すぎる。"	"machine-draft"	"機械初訳・要確認"
"message.1actions.HOT-BELL-F.364.01"	"水はベルを冷却し、蒸発させます。"	"machine-draft"	"機械初訳・要確認"
"message.1actions.HOT-BELL-F.368.01"	"鐘は熱すぎて届かない。"	"machine-draft"	"機械初訳・要確認"
"message.1actions.BOARDED-WINDOW-FCN.372.01"	"窓は板が張られていて開けられません。"	"machine-draft"	"機械初訳・要確認"
"message.1actions.BOARDED-WINDOW-FCN.374.01"	"窓を壊して開けることはできません。"	"machine-draft"	"機械初訳・要確認"
"message.1actions.NAILS-PSEUDO.379.01"	"ドアに深く埋め込まれた釘は取り除くことができません。"	"machine-draft"	"機械初訳・要確認"
"message.1actions.CRACK-FCN.383.01"	"隙間を通り抜けることはできません。"	"machine-draft"	"機械初訳・要確認"
"message.1actions.KITCHEN-FCN.388.01"	"あなたは白い家の台所にいる。テーブルは最近、食事の支度に使われたようだ。西へ通路が続き、暗い階段が上へ伸びている。暗い煙突は下へ続き、東には小さな窓があり、"	"draft"	"後続断片と連結"
"message.1actions.KITCHEN-FCN.394.01"	"開いている。"	"draft"	"前文と連結"
"message.1actions.KITCHEN-FCN.396.01"	"わずかに開いている。"	"draft"	"前文と連結"
"message.1actions.KITCHEN-FCN.401.01"	"下に続く階段はありません。"	"machine-draft"	"機械初訳・要確認"
"message.1actions.STONE-BARROW-FCN.411.01"	"手押し車の中|\n手押し車に入ると、後ろでドアが容赦なく閉まります。周り\nあたりは暗いですが、その先には明るく照らされた巨大な洞窟があります。スルー\nその中心には広い川が流れています。小川を渡るのは小さな木です\n歩道橋を渡ると、その先には暗いトンネルが続いています。以上\n空中に浮かぶ橋が大きな看板です。そこにはこう書かれています：あなたがた全員\nこの橋の前に立って偉大で危険な冒険を終えた\nそれはあなたの機知と勇気を試されました。あなたはマスターしました"	"machine-draft"	"機械初訳・要確認"
"message.1actions.STONE-BARROW-FCN.420.01"	"ZORK三部作の最初の部分。この橋を渡る人はきっと\n自分の能力を厳しく試す、さらに大きな冒険を始める準備ができています。\nスキルと勇気!|\n|\nZORK 三部作は「ZORK II: The Wizard of Frobozz」と続きます。\n『ZORK III: The Dungeon Master』で完結。"	"machine-draft"	"機械初訳・要確認"
"message.1actions.STONE-BARROW-FCN.428.01"	"ゾーク: 偉大な地下帝国。|"	"machine-draft"	"機械初訳・要確認"
"message.1actions.BARROW-DOOR-FCN.434.01"	"ドアが重すぎます。"	"machine-draft"	"機械初訳・要確認"
"message.1actions.TROPHY-CASE-FCN.445.01"	"トロフィーケースは壁にしっかりと固定されています。"	"machine-draft"	"機械初訳・要確認"
"message.1actions.LIVING-ROOM-FCN.452.01"	"あなたは居間にいる。東に戸口があり"	"draft"	"後続断片と連結"
"message.1actions.LIVING-ROOM-FCN.455.01"	"、西にはサイクロプス形の穴が開いた古い木の扉がある。その上には奇妙なゴシック文字が記されている。さらに、"	"draft"	"魔法発動後の分岐"
"message.1actions.LIVING-ROOM-FCN.460.01"	"、西には釘で閉ざされているらしい、奇妙なゴシック文字のある木の扉がある。また、"	"draft"	"通常時の分岐"
"message.1actions.LIVING-ROOM-FCN.463.01"	"飾り棚と、"	"draft"	"後続断片と連結"
"message.1actions.LIVING-ROOM-FCN.467.01"	"開いた落とし戸のそばに敷物がある。"	"draft"	"敷物移動・落とし戸開放時"
"message.1actions.LIVING-ROOM-FCN.469.01"	"足元に閉じた落とし戸がある。"	"draft"	"敷物移動後"
"message.1actions.LIVING-ROOM-FCN.471.01"	"足元に開いた落とし戸がある。"	"draft"	"落とし戸開放時"
"message.1actions.LIVING-ROOM-FCN.474.01"	"部屋の中央に大きな東洋風の敷物がある。"	"draft"	"通常時"
"message.1actions.TRAP-DOOR-FCN.511.01"	"扉はきしみながら開き、暗闇へ下る壊れかけの階段が現れた。"	"draft"	""
"message.1actions.TRAP-DOOR-FCN.513.01"	"ドアがスイングして閉まります。"	"machine-draft"	"機械初訳・要確認"
"message.1actions.TRAP-DOOR-FCN.517.01"	"暗闇へ下る壊れかけの階段が見える。"	"draft"	""
"message.1actions.TRAP-DOOR-FCN.518.01"	"閉まっているんです。"	"machine-draft"	"機械初訳・要確認"
"message.1actions.TRAP-DOOR-FCN.523.01"	"ドアは上から施錠されています。"	"machine-draft"	"機械初訳・要確認"
"message.1actions.TRAP-DOOR-FCN.527.01"	"ドアが閉まり、施錠されます。"	"machine-draft"	"機械初訳・要確認"
"message.1actions.CELLAR-FCN.534.01"	"あなたは暗く湿った地下室にいる。細い通路が北へ、這って進む道が南へ続いている。西には急な金属製の斜路の下端があるが、登ることはできない。"	"draft"	"地下世界への入口"
"message.1actions.CELLAR-FCN.543.01"	"落とし戸がバタンと閉まり、誰かが閉める音が聞こえます。"	"machine-draft"	"機械初訳・要確認"
"message.1actions.CHIMNEY-F.547.01"	"煙突が導く"	"machine-draft"	"機械初訳・要確認"
"message.1actions.CHIMNEY-F.549.01"	"ダウン"	"machine-draft"	"機械初訳・要確認"
"message.1actions.CHIMNEY-F.550.01"	"上へ"	"machine-draft"	"機械初訳・要確認"
"message.1actions.CHIMNEY-F.551.01"	"区にあり、登れそうに見えます。"	"machine-draft"	"機械初訳・要確認"
"message.1actions.UP-CHIMNEY-FUNCTION.555.01"	"手ぶらで登るのは得策ではありません。"	"machine-draft"	"機械初訳・要確認"
"message.1actions.UP-CHIMNEY-FUNCTION.564.01"	"背負ったものを持って登ることはできません。"	"machine-draft"	"機械初訳・要確認"
"message.1actions.TRAP-DOOR-EXIT.572.01"	"トラップドアが閉まっています。"	"machine-draft"	"機械初訳・要確認"
"message.1actions.TRAP-DOOR-EXIT.576.01"	"そんなことはできません。"	"machine-draft"	"機械初訳・要確認"
"message.1actions.RUG-FCN.581.01"	"絨毯は重すぎて持ち上げられない"	"machine-draft"	"機械初訳・要確認"
"message.1actions.RUG-FCN.583.01"	"。"	"machine-draft"	"機械初訳・要確認"
"message.1actions.RUG-FCN.586.01"	"、しかし、それを取ろうとすると、\nその下の異変に気づきました。"	"machine-draft"	"機械初訳・要確認"
"message.1actions.RUG-FCN.591.01"	"以前にカーペットを移動したことがあり、移動することが不可能であることがわかりました\nそれをまた。"	"machine-draft"	"機械初訳・要確認"
"message.1actions.RUG-FCN.595.01"	"一生懸命に敷物を部屋の片側に移動すると、\n閉じたトラップドアのほこりっぽいカバー。"	"machine-draft"	"機械初訳・要確認"
"message.1actions.RUG-FCN.602.01"	"ラグは非常に重いので持ち運びができません。"	"machine-draft"	"機械初訳・要確認"
"message.1actions.RUG-FCN.607.01"	"敷物の下には閉じたトラップドアがあります。角を落とすと、\n敷物を敷くと、トラップドアが再び見えなくなります。"	"machine-draft"	"機械初訳・要確認"
"message.1actions.RUG-FCN.613.01"	"座っていると、その下に凹凸があることに気づきます。というよりは\n居心地が悪いので、あなたは再び立ち上がる。"	"machine-draft"	"機械初訳・要確認"
"message.1actions.RUG-FCN.616.01"	"魔法の絨毯だと思いますか？"	"machine-draft"	"機械初訳・要確認"
"message.1actions.WEAPON-FUNCTION.634.01"	"の"	"machine-draft"	"機械初訳・要確認"
"message.1actions.WEAPON-FUNCTION.634.02"	"手の届かないところまで振り払ってしまう。"	"machine-draft"	"機械初訳・要確認"
"message.1actions.WEAPON-FUNCTION.637.01"	"の"	"machine-draft"	"機械初訳・要確認"
"message.1actions.WEAPON-FUNCTION.637.02"	"白熱しているようです。それを我慢することはできません。"	"machine-draft"	"機械初訳・要確認"
"message.1actions.TROLL-FCN.643.01"	"トロールはあまり会話が得意ではありません。"	"machine-draft"	"機械初訳・要確認"
"message.1actions.TROLL-FCN.651.01"	"血まみれの斧を振り回す不気味なトロールがすべての通路を塞いでいる\n部屋の。"	"machine-draft"	"機械初訳・要確認"
"message.1actions.TROLL-FCN.655.01"	"怒りと屈辱を感じたトロールは武器を取り戻します。彼は持っているようです\nあなたと一緒に挽くための斧。"	"machine-draft"	"機械初訳・要確認"
"message.1actions.TROLL-FCN.660.01"	"情けないほど喃語するトロールがここにいます。"	"machine-draft"	"機械初訳・要確認"
"message.1actions.TROLL-FCN.662.01"	"武装解除されたトロールは恐怖に身をすくめ、命乞いをする。\nトロールの喉舌。"	"machine-draft"	"機械初訳・要確認"
"message.1actions.TROLL-FCN.678.01"	"意識を失ったトロールが床に大の字になっている。すべてのパッセージ\n部屋の外は開いています。"	"machine-draft"	"機械初訳・要確認"
"message.1actions.TROLL-FCN.685.01"	"トロールは身動きをとり、すぐに戦闘態勢を再開した。"	"machine-draft"	"機械初訳・要確認"
"message.1actions.TROLL-FCN.688.01"	"血まみれの斧を振り回す、不気味な見た目のトロールがブロックします。\n部屋から出るすべての通路。"	"machine-draft"	"機械初訳・要確認"
"message.1actions.TROLL-FCN.695.01"	"血まみれの斧を振り回す、不気味な見た目のトロールがブロックします。\n部屋から出るすべての通路。"	"machine-draft"	"機械初訳・要確認"
"message.1actions.TROLL-FCN.699.01"	"トロールがここにいます。"	"machine-draft"	"機械初訳・要確認"
"message.1actions.TROLL-FCN.718.01"	"トロールは混乱して頭をかき、それから斧を手に取りました。"	"machine-draft"	"機械初訳・要確認"
"message.1actions.TROLL-FCN.724.01"	"を入手する必要があります。"	"machine-draft"	"機械初訳・要確認"
"message.1actions.TROLL-FCN.724.02"	"まず、それはありそうにありません。"	"machine-draft"	"機械初訳・要確認"
"message.1actions.TROLL-FCN.728.01"	"見事に調整されたトロールは、"	"machine-draft"	"機械初訳・要確認"
"message.1actions.TROLL-FCN.731.01"	"あまり誇りに思っていないトロールは贈り物を快く受け取ります"	"machine-draft"	"機械初訳・要確認"
"message.1actions.TROLL-FCN.736.01"	"そしてそれをお腹を空かせて食べます。かわいそうなトロール、彼は内出血で死ぬ\nそして彼の死骸は不気味な黒い霧の中に消えた。"	"machine-draft"	"機械初訳・要確認"
"message.1actions.TROLL-FCN.744.01"	"そして、ひとまず満足して、それを元に戻します。幸いなことに、\nトロールはコントロールが悪く、"	"machine-draft"	"機械初訳・要確認"
"message.1actions.TROLL-FCN.745.01"	"床に落ちる。彼はそうします\n満足そうに見えない。"	"machine-draft"	"機械初訳・要確認"
"message.1actions.TROLL-FCN.750.01"	"そして、あまり味が分からない人は、大喜びでそれを食べます。"	"machine-draft"	"機械初訳・要確認"
"message.1actions.TROLL-FCN.754.01"	"トロールはあなたの顔に唾を吐き、「次は頑張ってね」とうなり声を上げます。\nかなり野蛮なアクセント。"	"machine-draft"	"機械初訳・要確認"
"message.1actions.TROLL-FCN.758.01"	"トロールはあなたのつまらないしぐさを見て笑います。"	"machine-draft"	"機械初訳・要確認"
"message.1actions.TROLL-FCN.761.01"	"時々、トロールはおそらく褒め言葉ではないことを言います。\n彼の喉舌。"	"machine-draft"	"機械初訳・要確認"
"message.1actions.TROLL-FCN.764.01"	"残念ながら、トロールにはあなたの声が聞こえません。"	"machine-draft"	"機械初訳・要確認"
"message.1actions.LEAVES-APPEAR.779.01"	"落ち葉の山を乱すと、格子が現れます。"	"machine-draft"	"機械初訳・要確認"
"message.1actions.LEAVES-APPEAR.781.01"	"葉を動かすと格子が現れます。"	"machine-draft"	"機械初訳・要確認"
"message.1actions.LEAF-PILE.788.01"	"ここには 69,105 枚の葉があります。"	"machine-draft"	"機械初訳・要確認"
"message.1actions.LEAF-PILE.794.01"	"葉が燃えます。"	"machine-draft"	"機械初訳・要確認"
"message.1actions.LEAF-PILE.797.01"	"葉は燃えます、そしてあなたも燃えます。"	"machine-draft"	"機械初訳・要確認"
"message.1actions.LEAF-PILE.799.01"	"葉っぱをカサカサと音を立てて散らかしてしまいます。"	"machine-draft"	"機械初訳・要確認"
"message.1actions.LEAF-PILE.804.01"	"完了しました。"	"machine-draft"	"機械初訳・要確認"
"message.1actions.LEAF-PILE.812.01"	"落ち葉の山の下には格子があります。葉を解放すると、\n格子は再び見えなくなります。"	"machine-draft"	"機械初訳・要確認"
"message.1actions.CLEARING-FCN.821.01"	"あなたは空き地にいて、四方を森に囲まれています。あ\n道は南に通じています。"	"machine-draft"	"機械初訳・要確認"
"message.1actions.CLEARING-FCN.826.01"	"開いた格子があり、暗闇の中に落ちています。"	"machine-draft"	"機械初訳・要確認"
"message.1actions.CLEARING-FCN.830.01"	"地面にしっかりと固定された格子があります。"	"machine-draft"	"機械初訳・要確認"
"message.1actions.MAZE-11-FCN.838.01"	"あなたは迷路の近くの小さな部屋にいます。曲がりくねった通路があります\nすぐ近くにあります。"	"machine-draft"	"機械初訳・要確認"
"message.1actions.MAZE-11-FCN.842.01"	"頭上には、太陽の光が降り注ぐオープングレーチングがあります。"	"machine-draft"	"機械初訳・要確認"
"message.1actions.MAZE-11-FCN.844.01"	"上には格子があります。"	"machine-draft"	"機械初訳・要確認"
"message.1actions.MAZE-11-FCN.847.01"	"頭上にはどくろ錠で施錠された格子があります。"	"machine-draft"	"機械初訳・要確認"
"message.1actions.GRATE-FUNCTION.857.01"	"格子はロックされています。"	"machine-draft"	"機械初訳・要確認"
"message.1actions.GRATE-FUNCTION.859.01"	"こちら側からは施錠できません。"	"machine-draft"	"機械初訳・要確認"
"message.1actions.GRATE-FUNCTION.863.01"	"格子のロックが解除されています。"	"machine-draft"	"機械初訳・要確認"
"message.1actions.GRATE-FUNCTION.866.01"	"ここからは閘門に到達できません。"	"machine-draft"	"機械初訳・要確認"
"message.1actions.GRATE-FUNCTION.869.01"	"で格子のロックを解除できますか"	"machine-draft"	"機械初訳・要確認"
"message.1actions.GRATE-FUNCTION.869.02"	"?"	"machine-draft"	"機械初訳・要確認"
"message.1actions.GRATE-FUNCTION.871.01"	"鍵を開けることはできません。"	"machine-draft"	"機械初訳・要確認"
"message.1actions.GRATE-FUNCTION.876.01"	"格子が開きます。"	"machine-draft"	"機械初訳・要確認"
"message.1actions.GRATE-FUNCTION.878.01"	"格子が開き、頭上の木々が現れます。"	"machine-draft"	"機械初訳・要確認"
"message.1actions.GRATE-FUNCTION.879.01"	"格子は閉じています。"	"machine-draft"	"機械初訳・要確認"
"message.1actions.GRATE-FUNCTION.884.01"	"落ち葉の山が頭の上や地面に落ちます。"	"machine-draft"	"機械初訳・要確認"
"message.1actions.GRATE-FUNCTION.889.01"	"格子はロックされています。"	"machine-draft"	"機械初訳・要確認"
"message.1actions.GRATE-FUNCTION.892.01"	"格子を通り抜けられません。"	"machine-draft"	"機械初訳・要確認"
"message.1actions.GRATE-FUNCTION.896.01"	"の"	"machine-draft"	"機械初訳・要確認"
"message.1actions.GRATE-FUNCTION.896.02"	"格子を通って下の暗闇へ。"	"machine-draft"	"機械初訳・要確認"
"message.1actions.MAZE-DIODES.900.01"	"通過中のトンネルには戻れなくなります\n隣の部屋に着くと。"	"machine-draft"	"機械初訳・要確認"
"message.1actions.RUSTY-KNIFE-FCN.911.01"	"錆びたナイフに触れると、あなたの剣は目がくらむようなパルスを発します。\n青い光。"	"machine-draft"	"機械初訳・要確認"
"message.1actions.RUSTY-KNIFE-FCN.921.01"	"ナイフが犠牲者に近づくと、あなたの心は恐怖に沈みます。\n意志をオーバーマスターする。ゆっくりと手を回す 錆びた刃まで\n首から1インチです。ナイフは凶暴に歌いそうだ\n喉を切り裂く。"	"machine-draft"	"機械初訳・要確認"
"message.1actions.SKELETON.934.01"	"幽霊が部屋に現れ、あなたの冒涜に驚いています。\n冒険者仲間の遺体。彼はあなたの貴重品に呪いをかけます\nそして彼らを生ける死者の国に追放します。幽霊は去り、\n猥褻なことをつぶやく。"	"machine-draft"	"機械初訳・要確認"
"message.1actions.TORCH-OBJECT.946.01"	"トーチが燃えています。"	"machine-draft"	"機械初訳・要確認"
"message.1actions.TORCH-OBJECT.949.01"	"水は近づく前に蒸発してしまいます。"	"machine-draft"	"機械初訳・要確認"
"message.1actions.TORCH-OBJECT.952.01"	"炎を消そうとして手を火傷しそうになります。"	"machine-draft"	"機械初訳・要確認"
"message.1actions.MIRROR-ROOM.961.01"	"あなたは天井の高い大きな四角い部屋にいます。南側の壁に\n壁一面を埋め尽くす巨大な鏡です。出口はあるよ\n部屋の他の三方にも。"	"machine-draft"	"機械初訳・要確認"
"message.1actions.MIRROR-ROOM.966.01"	"残念ながら、その鏡はあなたの無謀によって破壊されてしまいました。"	"machine-draft"	"機械初訳・要確認"
"message.1actions.MIRROR-MIRROR.975.01"	"微かなチクチク感が伝わる"	"machine-draft"	"機械初訳・要確認"
"message.1actions.MIRROR-MIRROR.975.02"	"。"	"machine-draft"	"機械初訳・要確認"
"message.1actions.MIRROR-MIRROR.993.01"	"地中深くから轟音が響き、部屋が揺れる。"	"machine-draft"	"機械初訳・要確認"
"message.1actions.MIRROR-MIRROR.996.01"	"鏡はたくさんの破片に砕けました。"	"machine-draft"	"機械初訳・要確認"
"message.1actions.MIRROR-MIRROR.998.01"	"醜い人があなたを見つめ返しています。"	"machine-draft"	"機械初訳・要確認"
"message.1actions.MIRROR-MIRROR.1002.01"	"鏡はあなたの何倍もの大きさです。あきらめる。"	"machine-draft"	"機械初訳・要確認"
"message.1actions.MIRROR-MIRROR.1006.01"	"もう十分なダメージを与えていないですか？"	"machine-draft"	"機械初訳・要確認"
"message.1actions.MIRROR-MIRROR.1011.01"	"あなたは鏡を割ってしまいました。 7年分の供給があることを願っています\n幸運を祈ります。"	"machine-draft"	"機械初訳・要確認"
"message.1actions.TORCH-ROOM-FCN.1021.01"	"これは大きな部屋で、下に続く目立つ出入り口があります。\n階段。頭上には大きなドームがあります。の端あたりまで\nドーム (高さ 20 フィート) は木製の手すりです。部屋の中央に\n白い大理石の台座が置かれています。"	"machine-draft"	"機械初訳・要確認"
"message.1actions.TORCH-ROOM-FCN.1027.01"	"上の手すりからロープが下りてきて、一部が終わっています\n頭上5フィート。"	"machine-draft"	"機械初訳・要確認"
"message.1actions.DOME-ROOM-FCN.1033.01"	"あなたは天井を形成する大きなドームの周縁部にいます\n下の別の部屋の様子。急な落下から身を守るには、\nドームを囲む木製の手すり。"	"machine-draft"	"機械初訳・要確認"
"message.1actions.DOME-ROOM-FCN.1038.01"	"手すりからはロープが垂れ下がっており、その長さは約10フィートです\n下の階から。"	"machine-draft"	"機械初訳・要確認"
"message.1actions.DOME-ROOM-FCN.1043.01"	"ドームに入ると風が吹いているような強い引力を感じます\nあなたを手すりの上や下に引き寄せます。"	"machine-draft"	"機械初訳・要確認"
"message.1actions.DOME-ROOM-FCN.1050.01"	"あなたが飛び降りようとして失敗したのではないかと心配しています。"	"machine-draft"	"機械初訳・要確認"
"message.1actions.LLD-ROOM.1061.01"	"あなたは大きな門の外にいます。そこには次のように刻まれています||\n  あらゆる希望を捨てて\nここに入る皆さん！||\n門は開いています。それを通してあなたは荒廃を見ることができます、\n片隅にはバラバラになった遺体。何千もの声、嘆く人もいる\n恐ろしい運命の声が聞こえる。"	"machine-draft"	"機械初訳・要確認"
"message.1actions.LLD-ROOM.1069.01"	"門を通る道は悪霊によって阻まれており、あなたのことを嘲笑しています。\n通過しようとします。"	"machine-draft"	"機械初訳・要確認"
"message.1actions.LLD-ROOM.1078.01"	"儀式を執り行わなければなりません。"	"machine-draft"	"機械初訳・要確認"
"message.1actions.LLD-ROOM.1081.01"	"あなたには悪魔祓いの準備ができていません。"	"machine-draft"	"機械初訳・要確認"
"message.1actions.LLD-ROOM.1090.01"	"鐘は突然赤熱し、地面に落ちます。の\n幽霊は麻痺したかのように野次を止め、ゆっくりと顔を向ける\nあなた。彼らの青ざめた顔には、長い間忘れていた恐怖の表情があった\n形になります。"	"machine-draft"	"機械初訳・要確認"
"message.1actions.LLD-ROOM.1096.01"	"混乱していると、ろうそくの火が地面に落ちます（そして消えます）。"	"machine-draft"	"機械初訳・要確認"
"message.1actions.LLD-ROOM.1107.01"	"祈りの言葉のひとつひとつが、耳をつんざくような音でホールに響き渡ります。\n混乱。最後の言葉が消えると、大声で威圧的な声が聞こえた。\n「立ち去れ、悪魔ども！」と言う。心臓が止まるような叫び声が洞窟を満たし、\nそして、より大きな力を感じた霊たちは壁を通って逃げます。"	"machine-draft"	"機械初訳・要確認"
"message.1actions.LLD-ROOM.1121.01"	"炎が激しく揺らめき、踊っているように見えます。下の地球\n足が震え、足が下で折れそうになります。\n霊たちはあなたの不気味な力に怯えています。"	"machine-draft"	"機械初訳・要確認"
"message.1actions.I-XB.1135.01"	"この儀式の緊張は解け、幽霊たちは面白がるが、\nあなたの不器用な試みに動揺し、再び彼らの恐ろしい野次を再開します。"	"machine-draft"	"機械初訳・要確認"
"message.1actions.I-XBH.1147.01"	"鐘が冷えてしまったようです。"	"machine-draft"	"機械初訳・要確認"
"message.1actions.DAM-ROOM-FCN.1159.01"	"あなたは第 3 治水ダムの頂上に立っています。\n遠い昔のかなりの観光名所。への道があります\n北、南、西、そしてスクランブルダウン。"	"machine-draft"	"機械初訳・要確認"
"message.1actions.DAM-ROOM-FCN.1164.01"	"ダム後ろの水位が低い：水門が設置されている\n開いた。水はダムを通って下流に流れ込みます。"	"machine-draft"	"機械初訳・要確認"
"message.1actions.DAM-ROOM-FCN.1168.01"	"水門が開き、ダムに水が勢いよく流れ込みます。の\nダム裏の水位はまだ高い。"	"machine-draft"	"機械初訳・要確認"
"message.1actions.DAM-ROOM-FCN.1172.01"	"水門は閉まっている。貯水池の水位は、\nかなり低いですが、レベルは急速に上昇しています。"	"machine-draft"	"機械初訳・要確認"
"message.1actions.DAM-ROOM-FCN.1176.01"	"ダムの水門は閉鎖されています。ダムの後ろには、\n広い貯水池が見えました。今の上に水が注いでいる\n放棄されたダム。"	"machine-draft"	"機械初訳・要確認"
"message.1actions.DAM-ROOM-FCN.1180.01"	"ここには制御盤があり、大きな金属製のボルトが取り付けられています。\nボルトの真上に小さな緑色のプラスチックの泡があります"	"machine-draft"	"機械初訳・要確認"
"message.1actions.DAM-ROOM-FCN.1183.01"	"それは\n静かに光る"	"machine-draft"	"機械初訳・要確認"
"message.1actions.DAM-ROOM-FCN.1185.01"	"。"	"machine-draft"	"機械初訳・要確認"
"message.1actions.BOLT-F.1196.01"	"水門が閉まり、ダムの後ろに水が集まり始めます。"	"machine-draft"	"機械初訳・要確認"
"message.1actions.BOLT-F.1203.01"	"水門が開き、ダムに水が流れ込みます。"	"machine-draft"	"機械初訳・要確認"
"message.1actions.BOLT-F.1208.01"	"頑張ってもボルトは回らない。"	"machine-draft"	"機械初訳・要確認"
"message.1actions.BOLT-F.1211.01"	"を使用してもボルトは回転しません"	"machine-draft"	"機械初訳・要確認"
"message.1actions.BOLT-F.1211.02"	"。"	"machine-draft"	"機械初訳・要確認"
"message.1actions.BOLT-F.1216.01"	"うーん。チューブには油ではなく接着剤が入っていたようです。ボルトを回すと\nこれ以上簡単にはならないでしょう...."	"machine-draft"	"機械初訳・要確認"
"message.1actions.INTEGRAL-PART.1224.01"	"コントロールパネルの不可欠な部分です。"	"machine-draft"	"機械初訳・要確認"
"message.1actions.I-RFILL.1237.01"	"ボートは泥の中からゆっくりと浮き上がり、今は水の上に浮かんでいます。\n貯水池。"	"machine-draft"	"機械初訳・要確認"
"message.1actions.I-RFILL.1241.01"	"川の増水によってあなたは引き上げられます！あなたは泳ごうとしますが、\n流れが強すぎます。あなたはもっと近づいて、素晴らしいものに近づいていきます\n第3治水ダムの構造。ダムがあなたを手招きします。\n水の轟音で耳が聞こえなくなりそうになるが、意識は保たれている\nダムを転がり落ちて岩の間の確実な運命に向かって進むとき\nその根元にある。"	"machine-draft"	"機械初訳・要確認"
"message.1actions.I-RFILL.1249.01"	"下から水の流れるような音が聞こえ始める。"	"machine-draft"	"機械初訳・要確認"
"message.1actions.I-RFILL.1252.01"	"突然、驚くほど大きな轟音が部屋に響き渡ります。\n恐怖でいっぱいになって、あなたは急いで逃げます。"	"machine-draft"	"機械初訳・要確認"
"message.1actions.I-RFILL.1257.01"	"水位がかなり上がっていることに気づきました。\n渡ることは不可能です。"	"machine-draft"	"機械初訳・要確認"
"message.1actions.I-REMPTY.1273.01"	"水位が下がって船が通れないほどになった\nより長く浮いています。泥の中に沈んでしまいます。"	"machine-draft"	"機械初訳・要確認"
"message.1actions.I-REMPTY.1277.01"	"急流の水の轟音が今は静かになりました。"	"machine-draft"	"機械初訳・要確認"
"message.1actions.I-REMPTY.1280.01"	"ここの水位はかなり低くなり、簡単に渡れます。\n向こう側へ。"	"machine-draft"	"機械初訳・要確認"
"message.1actions.DROWNINGS.1285.01"	"足首まで。"	"machine-draft"	"機械初訳・要確認"
"message.1actions.DROWNINGS.1286.01"	"すねまで。"	"machine-draft"	"機械初訳・要確認"
"message.1actions.DROWNINGS.1287.01"	"膝まで。"	"machine-draft"	"機械初訳・要確認"
"message.1actions.DROWNINGS.1288.01"	"腰まで。"	"machine-draft"	"機械初訳・要確認"
"message.1actions.DROWNINGS.1289.01"	"腰まで。"	"machine-draft"	"機械初訳・要確認"
"message.1actions.DROWNINGS.1290.01"	"胸まで。"	"machine-draft"	"機械初訳・要確認"
"message.1actions.DROWNINGS.1291.01"	"首まで。"	"machine-draft"	"機械初訳・要確認"
"message.1actions.DROWNINGS.1292.01"	"頭の上に。"	"machine-draft"	"機械初訳・要確認"
"message.1actions.DROWNINGS.1293.01"	"肺の高いところにある。"	"machine-draft"	"機械初訳・要確認"
"message.1actions.BUTTON-F.1300.01"	"彼らはあなたにとってギリシャ人です。"	"machine-draft"	"機械初訳・要確認"
"message.1actions.BUTTON-F.1306.01"	"ゴロゴロと音がして水流が破裂して見える\n部屋の東側の壁から（どうやら漏水が発生しているようです）\nパイプ）。"	"machine-draft"	"機械初訳・要確認"
"message.1actions.BUTTON-F.1314.01"	"青いボタンが詰まっているようです。"	"machine-draft"	"機械初訳・要確認"
"message.1actions.BUTTON-F.1316.01"	"部屋の中の明かりは"	"machine-draft"	"機械初訳・要確認"
"message.1actions.BUTTON-F.1319.01"	"電源を切ります。"	"machine-draft"	"機械初訳・要確認"
"message.1actions.BUTTON-F.1322.01"	"さあ。"	"machine-draft"	"機械初訳・要確認"
"message.1actions.BUTTON-F.1326.01"	"クリックします。"	"machine-draft"	"機械初訳・要確認"
"message.1actions.BUTTON-F.1330.01"	"クリックします。"	"machine-draft"	"機械初訳・要確認"
"message.1actions.TOOL-CHEST-FCN.1334.01"	"宝箱はすべて空です。"	"machine-draft"	"機械初訳・要確認"
"message.1actions.TOOL-CHEST-FCN.1338.01"	"チェストは錆びて腐食しているので、倒すと崩れてしまいます。\nそれらに触れてください。"	"machine-draft"	"機械初訳・要確認"
"message.1actions.TOOL-CHEST-FCN.1341.01"	"宝箱はすでに開いています。"	"machine-draft"	"機械初訳・要確認"
"message.1actions.I-MAINT-ROOM.1345.01"	"ここの水位は今です"	"machine-draft"	"機械初訳・要確認"
"message.1actions.I-MAINT-ROOM.1350.01"	"部屋は水浸しで入れません。"	"machine-draft"	"機械初訳・要確認"
"message.1actions.I-MAINT-ROOM.1354.01"	"残念ながらあなたは溺死したのではないかと思います。"	"machine-draft"	"機械初訳・要確認"
"message.1actions.I-MAINT-ROOM.1358.01"	"増水によってボートはダムを越え、川を下り、さらに上へと運ばれていきます。\n滝。チク、チク。"	"machine-draft"	"機械初訳・要確認"
"message.1actions.FIX-MAINT-LEAK.1376.01"	"ゾルキアンのテクノロジーの奇跡により、あなたはなんとか阻止することができました。\nダムの漏水。"	"machine-draft"	"機械初訳・要確認"
"message.1actions.PUTTY-FCN.1384.01"	"万能のガンクは潤滑剤ではありません。"	"machine-draft"	"機械初訳・要確認"
"message.1actions.TUBE-FUNCTION.1389.01"	"チューブは何も受け入れません。"	"machine-draft"	"機械初訳・要確認"
"message.1actions.TUBE-FUNCTION.1394.01"	"粘性のある物質が手ににじみ出ます。"	"machine-draft"	"機械初訳・要確認"
"message.1actions.TUBE-FUNCTION.1396.01"	"どうやらチューブは空のようです。"	"machine-draft"	"機械初訳・要確認"
"message.1actions.TUBE-FUNCTION.1398.01"	"チューブは閉じています。"	"machine-draft"	"機械初訳・要確認"
"message.1actions.DAM-FUNCTION.1402.01"	"合理的に聞こえますが、そうではありません。"	"machine-draft"	"機械初訳・要確認"
"message.1actions.DAM-FUNCTION.1406.01"	"それで、あなたは小さなオランダ人の男の子ですか？すみません、大きなダムです。"	"machine-draft"	"機械初訳・要確認"
"message.1actions.DAM-FUNCTION.1409.01"	"と"	"machine-draft"	"機械初訳・要確認"
"message.1actions.DAM-FUNCTION.1409.02"	"?このダムがどれくらい大きいか知っていますか？あなたにはそれしかできませんでした\nこれで微量の漏れは止まります。"	"machine-draft"	"機械初訳・要確認"
"message.1actions.WITH-TELL.1413.01"	"と"	"machine-draft"	"機械初訳・要確認"
"message.1actions.WITH-TELL.1413.02"	"?"	"machine-draft"	"機械初訳・要確認"
"message.1actions.RESERVOIR-SOUTH-FCN.1419.01"	"あなたは長い部屋にいますが、その北にはかつて湖がありました。\nしかし、水位が下がって、ただ幅の広い流れがあるだけです。\n部屋の中央を走っています。"	"machine-draft"	"機械初訳・要確認"
"message.1actions.RESERVOIR-SOUTH-FCN.1424.01"	"あなたは長い部屋にいます。北には深すぎる大きな湖がある\n渡ること。ただし、水位が下がっているように見えることに気づきました。\n急速に低下しています。やがて、越えられるかもしれない\nここから向こう側へ。"	"machine-draft"	"機械初訳・要確認"
"message.1actions.RESERVOIR-SOUTH-FCN.1430.01"	"あなたは長い部屋にいますが、その北側には広いエリアがあります。\n以前は貯水池でしたが、現在は単なる小川です。お気づきかと思いますが、\nしかし、川の水位は急速に上昇しており、\nやがてここを渡れなくなるだろう。"	"machine-draft"	"機械初訳・要確認"
"message.1actions.RESERVOIR-SOUTH-FCN.1436.01"	"あなたは遠く離れた大きな湖の南岸にある長い部屋にいる\n渡るには深すぎて広すぎる。"	"machine-draft"	"機械初訳・要確認"
"message.1actions.RESERVOIR-SOUTH-FCN.1440.01"	"東か西に小川に沿った道があり、急な道があります\n裂け目の端に沿って南西に登っていく。\n南東の峡谷。"	"machine-draft"	"機械初訳・要確認"
"message.1actions.RESERVOIR-FCN.1450.01"	"ここの水位が急速に上昇していることに気づきます。流れ\nも強くなってきています。ここに滞在するのはかなり危険なようです！"	"machine-draft"	"機械初訳・要確認"
"message.1actions.RESERVOIR-FCN.1455.01"	"あなたはかつて大きな湖でしたが、今では大きな湖の上にいます。\n泥の山。北と南には「海岸」があります。"	"machine-draft"	"機械初訳・要確認"
"message.1actions.RESERVOIR-FCN.1459.01"	"あなたは湖の上にいます。北と南にビーチが見えます。\n上流では小さな川が狭い裂け目を通って湖に流入します\n岩の中。下流にダムが見えます。"	"machine-draft"	"機械初訳・要確認"
"message.1actions.RESERVOIR-NORTH-FCN.1468.01"	"あなたは大きな洞窟のような部屋にいます。その南側は以前は\n湖。しかし、水位が下がったので、\nそこを流れる広い小川。"	"machine-draft"	"機械初訳・要確認"
"message.1actions.RESERVOIR-NORTH-FCN.1473.01"	"あなたは広大な洞窟のようなエリアにいます。南には広い湖があり、\n水位が急速に下がっているように見えます。"	"machine-draft"	"機械初訳・要確認"
"message.1actions.RESERVOIR-NORTH-FCN.1477.01"	"あなたは洞窟のようなエリアにいます。その南には非常に広いエリアがあります。\nストリーム。川の水位は急速に上昇しており、\nやがて向こう岸に渡れなくなるだろう。"	"machine-draft"	"機械初訳・要確認"
"message.1actions.RESERVOIR-NORTH-FCN.1482.01"	"あなたは大きな湖の北にある、大きな洞窟のような部屋にいます。"	"machine-draft"	"機械初訳・要確認"
"message.1actions.RESERVOIR-NORTH-FCN.1485.01"	"北側の部屋から出るぬるぬるした階段があります。"	"machine-draft"	"機械初訳・要確認"
"message.1actions.BOTTLE-FUNCTION.1495.01"	"瓶は向こう側の壁にぶつかって砕け散る。"	"machine-draft"	"機械初訳・要確認"
"message.1actions.BOTTLE-FUNCTION.1499.01"	"見事な作戦でボトルを破壊する。"	"machine-draft"	"機械初訳・要確認"
"message.1actions.BOTTLE-FUNCTION.1504.01"	"水は床にこぼれて蒸発します。"	"machine-draft"	"機械初訳・要確認"
"message.1actions.CYCLOPS-FCN.1519.01"	"彼と話しても無駄だ。彼はぐっすり眠っています。"	"machine-draft"	"機械初訳・要確認"
"message.1actions.CYCLOPS-FCN.1526.01"	"サイクロプスは会話よりも食べることを好みます。"	"machine-draft"	"機械初訳・要確認"
"message.1actions.CYCLOPS-FCN.1530.01"	"サイクロプスは赤ん坊のように眠っていますが、非常に醜いものです。"	"machine-draft"	"機械初訳・要確認"
"message.1actions.CYCLOPS-FCN.1533.01"	"サイクロプスはあくびをして、目を覚ましたものを見つめます。"	"machine-draft"	"機械初訳・要確認"
"message.1actions.CYCLOPS-FCN.1542.01"	"お腹を空かせたサイクロプスが階段の下に立っています。"	"machine-draft"	"機械初訳・要確認"
"message.1actions.CYCLOPS-FCN.1548.01"	"サイクロプスは「うーん、うーん。私は唐辛子が大好きです！でも、ああ、使ってもいいですか？」\n飲み物。もしかしたら、その血を飲めるかもしれない。」  から\n彼の目が輝いているので、あなたが「それ」であると推測できます。"	"machine-draft"	"機械初訳・要確認"
"message.1actions.CYCLOPS-FCN.1562.01"	"サイクロプスは瓶を手に取り、開いていることを確認して水を飲みます。\n一瞬後、彼はあなたを吹き飛ばしそうなあくびをし、そして、\nぐっすり眠ってしまいます（そもそも、その飲み物に何を入れましたか？）。"	"machine-draft"	"機械初訳・要確認"
"message.1actions.CYCLOPS-FCN.1568.01"	"サイクロプスはどうやら喉が渇いておらず、あなたの寛大な申し出を拒否したようです。"	"machine-draft"	"機械初訳・要確認"
"message.1actions.CYCLOPS-FCN.1571.01"	"サイクロプスはお腹が空いているかもしれませんが、限界があります。"	"machine-draft"	"機械初訳・要確認"
"message.1actions.CYCLOPS-FCN.1574.01"	"サイクロプスはそんなものを食べるほど愚かではない！"	"machine-draft"	"機械初訳・要確認"
"message.1actions.CYCLOPS-FCN.1579.01"	"「私が父と同じくらい愚かだと思う？」と彼は言い、はぐらかした。"	"machine-draft"	"機械初訳・要確認"
"message.1actions.CYCLOPS-FCN.1582.01"	"サイクロプスは肩をすくめますが、あなたの哀れな試みを無視します。"	"machine-draft"	"機械初訳・要確認"
"message.1actions.CYCLOPS-FCN.1588.01"	"サイクロプスは掴まれるのを快く思わない。"	"machine-draft"	"機械初訳・要確認"
"message.1actions.CYCLOPS-FCN.1591.01"	"サイクロプスは縛られるのに適していますが、縛ることはできません。"	"machine-draft"	"機械初訳・要確認"
"message.1actions.CYCLOPS-FCN.1594.01"	"彼のお腹がゴロゴロ鳴るのが聞こえます。"	"machine-draft"	"機械初訳・要確認"
"message.1actions.I-CYCLOPS.1604.01"	"あなたのゲームや策略にうんざりしたサイクロプスが、あなたをしっかりと捕まえます。\n彼はチョップをなめながら、「うーん。お母さんがよく作ってくれたみたいに」と言います。\n評価されるのは嬉しいことです。"	"machine-draft"	"機械初訳・要確認"
"message.1actions.CYCLOPS-ROOM-FCN.1619.01"	"この部屋には北西に出口があり、上に続く階段があります。"	"machine-draft"	"機械初訳・要確認"
"message.1actions.CYCLOPS-ROOM-FCN.1622.01"	"サイクロプスは階段の下で幸せそうに眠っています。"	"machine-draft"	"機械初訳・要確認"
"message.1actions.CYCLOPS-ROOM-FCN.1625.01"	"東の壁は以前は堅固でしたが、現在はサイクロプスほどの大きさの開口部があります。"	"machine-draft"	"機械初訳・要確認"
"message.1actions.CYCLOPS-ROOM-FCN.1628.01"	"馬を食べる準備ができているように見えるサイクロプス（ましてや単なる馬）\n冒険者）、階段を塞いでいる。彼の健康状態から、そして\n壁についた血痕を見ると、彼はあまり元気ではないことがわかりますね\nフレンドリーですが、彼は人が好きです。"	"machine-draft"	"機械初訳・要確認"
"message.1actions.CYCLOPS-ROOM-FCN.1634.01"	"サイクロプスが隅に立って、あなたをじっと見つめています。しません\n彼はあなたのことがとても好きだと思います。彼はとてもお腹が空いているようです。\nサイクロプス。"	"machine-draft"	"機械初訳・要確認"
"message.1actions.CYCLOPS-ROOM-FCN.1639.01"	"サイクロプスは唐辛子を食べて息を呑んでいるように見えます。\n彼の燃えるような舌が人間サイズの口から突き出ています。"	"machine-draft"	"機械初訳・要確認"
"message.1actions.CYCLOMAD.1646.01"	"サイクロプスは少し動揺しているようだ。"	"machine-draft"	"機械初訳・要確認"
"message.1actions.CYCLOMAD.1647.01"	"サイクロプスはさらに興奮しているようだ。"	"machine-draft"	"機械初訳・要確認"
"message.1actions.CYCLOMAD.1648.01"	"サイクロプスは何かを探して部屋の中を動き回っています。"	"machine-draft"	"機械初訳・要確認"
"message.1actions.CYCLOMAD.1649.01"	"サイクロプスは塩とコショウを探していました。間違いなくそうです\n彼の今後のおやつ用の調味料。"	"machine-draft"	"機械初訳・要確認"
"message.1actions.CYCLOMAD.1651.01"	"サイクロプスは非友好的な態度であなたに近づいてきます。"	"machine-draft"	"機械初訳・要確認"
"message.1actions.CYCLOMAD.1652.01"	"選択肢は 2 つあります: 1. 帰る 2. 夕食になります。"	"machine-draft"	"機械初訳・要確認"
"message.1actions.LOUD-ROOM-FCN.1663.01"	"ここは天井が見えない広い部屋です\n地面。東西に細い通路と石がある\n上へと続く階段。"	"machine-draft"	"機械初訳・要確認"
"message.1actions.LOUD-ROOM-FCN.1668.01"	"部屋はその静けさに不気味だ。"	"machine-draft"	"機械初訳・要確認"
"message.1actions.LOUD-ROOM-FCN.1670.01"	"部屋は耳をつんざくほどうるさく、\n不定の突進音。音がみんなから響きわたるようです\n壁が厚く、考えることさえ難しくなります。"	"machine-draft"	"機械初訳・要確認"
"message.1actions.LOUD-ROOM-FCN.1676.01"	"ここは耐え難いほどの騒音で、耳をつんざくような轟音が聞こえてくるようです。\nあなたの周りから来ます。頭の中でドキドキするけど、\nやめて。ものすごい努力で、あなたは部屋から飛び出します。"	"machine-draft"	"機械初訳・要確認"
"message.1actions.LOUD-ROOM-FCN.1691.01"	"残りのコマンドはノイズの中に消えてしまいました。"	"machine-draft"	"機械初訳・要確認"
"message.1actions.LOUD-ROOM-FCN.1695.01"	">"	"machine-draft"	"機械初訳・要確認"
"message.1actions.LOUD-ROOM-FCN.1698.01"	"ごめんなさい？"	"machine-draft"	"機械初訳・要確認"
"message.1actions.LOUD-ROOM-FCN.1718.01"	"それはあなたの意見にすぎません。"	"machine-draft"	"機械初訳・要確認"
"message.1actions.LOUD-ROOM-FCN.1723.01"	"部屋の音響が微妙に変化します。"	"machine-draft"	"機械初訳・要確認"
"message.1actions.DEEP-CANYON-F.1733.01"	"あなたは深い渓谷の南端にいます。通路は、\n東、北西、南西。階段が下に続いています。"	"machine-draft"	"機械初訳・要確認"
"message.1actions.DEEP-CANYON-F.1737.01"	"からは水の激流のような大きな轟音が聞こえます。\n以下。"	"machine-draft"	"機械初訳・要確認"
"message.1actions.DEEP-CANYON-F.1744.01"	"下からは水の流れる音が聞こえます。"	"machine-draft"	"機械初訳・要確認"
"message.1actions.THIEF-VS-ADVENTURER.1771.01"	"大きなバッグを持った人が何気なく寄りかかっています。\nここの壁。彼は話さないが、彼の様子から次のことが明らかだ。\nバッグは彼の死体の上にのみ掛けられます。"	"machine-draft"	"機械初訳・要確認"
"message.1actions.THIEF-VS-ADVENTURER.1789.01"	"あなたの対戦相手は、裁量権がより優れた部分であると判断します\n勇敢さは、この小さな反逆行為を終了することを決定しました。残念ながら\n彼はうなずくと、暗闇の中に後ずさりして消えていきました。"	"machine-draft"	"機械初訳・要確認"
"message.1actions.THIEF-VS-ADVENTURER.1800.01"	"大きなバッグの持ち主は嫌そうな顔をして立ち去った。\n幸いなことに、彼は何も取らなかった。"	"machine-draft"	"機械初訳・要確認"
"message.1actions.THIEF-VS-ADVENTURER.1814.01"	"大きな鞄を持った怪しげな人物がそこを徘徊していました\n部屋。途中、彼は静かに貴重品をいくつか取り出しました。"	"machine-draft"	"機械初訳・要確認"
"message.1actions.THIEF-VS-ADVENTURER.1817.01"	"部屋"	"machine-draft"	"機械初訳・要確認"
"message.1actions.THIEF-VS-ADVENTURER.1819.01"	"あなたの所有物"	"machine-draft"	"機械初訳・要確認"
"message.1actions.THIEF-VS-ADVENTURER.1820.01"	"、何かをつぶやいている\n「これまで他人にこんなことをしてしまった…」"	"machine-draft"	"機械初訳・要確認"
"message.1actions.THIEF-VS-ADVENTURER.1827.01"	"泥棒は大きなバッグを持ったまま立ち去ったところです。あなたはそうすることができます\n彼は気づいていない"	"machine-draft"	"機械初訳・要確認"
"message.1actions.THIEF-VS-ADVENTURER.1831.01"	"最初にあなたを盲目にしました。"	"machine-draft"	"機械初訳・要確認"
"message.1actions.THIEF-VS-ADVENTURER.1834.01"	"貴重品は部屋に置いてありました。"	"machine-draft"	"機械初訳・要確認"
"message.1actions.THIEF-VS-ADVENTURER.1839.01"	"泥棒は何も価値のあるものを見つけられず、うんざりして立ち去りました。"	"machine-draft"	"機械初訳・要確認"
"message.1actions.THIEF-VS-ADVENTURER.1845.01"	"「痩せていてお腹を空かせた」紳士が、荷物を抱えてそこをさまよっていた。\n大きなバッグ。何も価値のあるものを見つけられず、彼は不満を残して立ち去った。"	"machine-draft"	"機械初訳・要確認"
"message.1actions.THIEF-VS-ADVENTURER.1857.01"	"泥棒は大きなバッグを持ったまま立ち去ったところです。あなたはそうすることができます\n彼は気づいていない"	"machine-draft"	"機械初訳・要確認"
"message.1actions.THIEF-VS-ADVENTURER.1861.01"	"最初にあなたを盲目にしました。"	"machine-draft"	"機械初訳・要確認"
"message.1actions.THIEF-VS-ADVENTURER.1864.01"	"貴重品は部屋に置いてありました。"	"machine-draft"	"機械初訳・要確認"
"message.1actions.THIEF-VS-ADVENTURER.1869.01"	"泥棒は何も価値のあるものを見つけられず、うんざりして立ち去りました。"	"machine-draft"	"機械初訳・要確認"
"message.1actions.STOLE-LIGHT?.1879.01"	"泥棒はあなたを暗闇の中に置き去りにしたようです。"	"machine-draft"	"機械初訳・要確認"
"message.1actions.ROB-MAZE.1926.01"	"遠くで誰かがこう言っているのが聞こえます。\nこれは大丈夫"	"machine-draft"	"機械初訳・要確認"
"message.1actions.ROB-MAZE.1927.01"	"ここでやってるよ。」"	"machine-draft"	"機械初訳・要確認"
"message.1actions.ROBBER-FUNCTION.1949.01"	"泥棒は力が強くて寡黙なタイプです。"	"machine-draft"	"機械初訳・要確認"
"message.1actions.ROBBER-FUNCTION.1955.01"	"泥棒は一時的に無力化されているため、認識することができません\nいつもの礼儀正しさで挨拶してくださいました。"	"machine-draft"	"機械初訳・要確認"
"message.1actions.ROBBER-FUNCTION.1963.01"	"あなたは強盗を殴ったわけではありませんが、明らかに強盗を怖がらせました。彼は\n逃げる"	"machine-draft"	"機械初訳・要確認"
"message.1actions.ROBBER-FUNCTION.1973.01"	"、しかし、カバンの中身が床に落ちてしまいました。"	"machine-draft"	"機械初訳・要確認"
"message.1actions.ROBBER-FUNCTION.1975.01"	"。"	"machine-draft"	"機械初訳・要確認"
"message.1actions.ROBBER-FUNCTION.1982.01"	"見逃したね。泥棒はナイフを取ろうとはしませんが、\n彼のバッグのコレクションに加えるのに最適です。彼はそうらしい\nあなたの試みに怒っています。"	"machine-draft"	"機械初訳・要確認"
"message.1actions.ROBBER-FUNCTION.1998.01"	"あなたが提案した被害者は突然意識を取り戻します。"	"machine-draft"	"機械初訳・要確認"
"message.1actions.ROBBER-FUNCTION.2007.01"	"泥棒はあなたの予想外の寛大さにびっくりしましたが、受け入れました\nの"	"machine-draft"	"機械初訳・要確認"
"message.1actions.ROBBER-FUNCTION.2008.01"	"そして立ち止まってその美しさに感嘆します。"	"machine-draft"	"機械初訳・要確認"
"message.1actions.ROBBER-FUNCTION.2011.01"	"泥棒が置くのは、"	"machine-draft"	"機械初訳・要確認"
"message.1actions.ROBBER-FUNCTION.2011.02"	"彼のバッグの中に、そしてありがとう\n丁寧にね。"	"machine-draft"	"機械初訳・要確認"
"message.1actions.ROBBER-FUNCTION.2015.01"	"彼を手に入れたら、あなたは彼に何をしますか？"	"machine-draft"	"機械初訳・要確認"
"message.1actions.ROBBER-FUNCTION.2018.01"	"泥棒は、飛び跳ねるビーズのような目をした滑りやすいキャラクターです\nそして先へ。彼は紛れもない傲慢さとともに大きな鞄を背負っている\n肩越しに凶悪な小剣を振りかざし、その刃が向けられている\n脅迫的にあなたの方向に。私があなただったら気をつけます。"	"machine-draft"	"機械初訳・要確認"
"message.1actions.ROBBER-FUNCTION.2024.01"	"あなたが正式に紹介されていないため、泥棒は何も言いません。"	"machine-draft"	"機械初訳・要確認"
"message.1actions.ROBBER-FUNCTION.2032.01"	"強盗は、この出来事に少し驚きながらも、機敏に動きました\nスティレットを取り戻す。"	"machine-draft"	"機械初訳・要確認"
"message.1actions.ROBBER-FUNCTION.2044.01"	"これで聖杯は安全に受け取れます。"	"machine-draft"	"機械初訳・要確認"
"message.1actions.ROBBER-FUNCTION.2051.01"	"盗賊が死ぬと魔法の力は減少し、\n宝物が再び現れます:"	"machine-draft"	"機械初訳・要確認"
"message.1actions.ROBBER-FUNCTION.2053.01"	"あ"	"machine-draft"	"機械初訳・要確認"
"message.1actions.ROBBER-FUNCTION.2056.01"	"、と"	"machine-draft"	"機械初訳・要確認"
"message.1actions.ROBBER-FUNCTION.2061.01"	"彼の戦利品は残っている。"	"machine-draft"	"機械初訳・要確認"
"message.1actions.ROBBER-FUNCTION.2080.01"	"強盗は一時的に意識を失ったふりをして復活し、\n彼はその瞬間を見て、あなたから急いで離れます。"	"machine-draft"	"機械初訳・要確認"
"message.1actions.ROBBER-C-DESC.2087.01"	"カバンを持って傾いている不審な人物がいる\n一つの壁に向かって。彼は凶悪そうな小剣で武装しています。"	"machine-draft"	"機械初訳・要確認"
"message.1actions.ROBBER-U-DESC.2091.01"	"不審な人物が意識を失い倒れています。\n地面。"	"machine-draft"	"機械初訳・要確認"
"message.1actions.LARGE-BAG-F.2098.01"	"残念なことに、強盗はバッグの上で倒れてしまいました。取ろうとしています\nそれは彼を目覚めさせるだろう。"	"machine-draft"	"機械初訳・要確認"
"message.1actions.LARGE-BAG-F.2102.01"	"バッグは彼の死体の上から引き取られることになる。"	"machine-draft"	"機械初訳・要確認"
"message.1actions.LARGE-BAG-F.2105.01"	"それは良いトリックでしょう。"	"machine-draft"	"機械初訳・要確認"
"message.1actions.LARGE-BAG-F.2108.01"	"十分に近づくことは良いトリックになるでしょう。"	"machine-draft"	"機械初訳・要確認"
"message.1actions.LARGE-BAG-F.2111.01"	"バッグは泥棒の下にあるので、何が入っているのかはわかりません。\n内側。"	"machine-draft"	"機械初訳・要確認"
"message.1actions.CHALICE-FCN.2132.01"	"まず背中を刺されるだろう。"	"machine-draft"	"機械初訳・要確認"
"message.1actions.CHALICE-FCN.2135.01"	"それはできません。あまり良い聖杯ではありませんね。"	"machine-draft"	"機械初訳・要確認"
"message.1actions.TREASURE-ROOM-FCN.2144.01"	"強盗の隠れ家に侵入すると、苦痛の叫び声が聞こえます。\nあなたが知らない通路を使って、彼はその防衛に急ぐ。"	"machine-draft"	"機械初訳・要確認"
"message.1actions.THIEF-IN-TREASURE.2155.01"	"怪盗の怪しいしぐさと部屋の宝物\n突然消える。"	"machine-draft"	"機械初訳・要確認"
"message.1actions.FRONT-DOOR-FCN.2165.01"	"ドアが開かない。"	"machine-draft"	"機械初訳・要確認"
"message.1actions.FRONT-DOOR-FCN.2168.01"	"このドアを燃やすことはできません。"	"machine-draft"	"機械初訳・要確認"
"message.1actions.FRONT-DOOR-FCN.2170.01"	"ドアを傷つけることはないようです。"	"machine-draft"	"機械初訳・要確認"
"message.1actions.FRONT-DOOR-FCN.2172.01"	"開かないよ。"	"machine-draft"	"機械初訳・要確認"
"message.1actions.BODY-FUNCTION.2180.01"	"力があなたを遺体を奪うことを妨げます。"	"machine-draft"	"機械初訳・要確認"
"message.1actions.BODY-FUNCTION.2183.01"	"暗闇から響き渡るダンジョンの守護者の声、\n「あなたの無礼はあなたの命を犠牲にします！」そして頭を鋭利なものの上に置きます\nポール。"	"machine-draft"	"機械初訳・要確認"
"message.1actions.BLACK-BOOK.2189.01"	"この本はすでに569ページまで開いています。"	"machine-draft"	"機械初訳・要確認"
"message.1actions.BLACK-BOOK.2191.01"	"どんなに頑張っても本を閉じることはできません。"	"machine-draft"	"機械初訳・要確認"
"message.1actions.BLACK-BOOK.2197.01"	"569 ページのほかに、判読可能な印刷が施されているページは 1 つだけあります。\nそれ。大部分は判読不能ですが、主題は追放であるようです。\n邪悪な。どうやら、特定の物音、光、祈りがこれに効果があるようです。\n考慮します。"	"machine-draft"	"機械初訳・要確認"
"message.1actions.BLACK-BOOK.2204.01"	"にぎやかな声が「違う、クレチン！」と言う。そしてあなたは自分が持っていることに気づきます\n塵の山と化した。なんと、想像もつきません。"	"machine-draft"	"機械初訳・要確認"
"message.1actions.PAINTING-FCN.2211.01"	"ここには価値のないキャンバスがあります。"	"machine-draft"	"機械初訳・要確認"
"message.1actions.PAINTING-FCN.2213.01"	"おめでとうございます！単に盗んだだけの他の破壊者とは異なり、\nアーティストの傑作をあなたは壊してしまいました。"	"machine-draft"	"機械初訳・要確認"
"message.1actions.LAMP-TABLE.2223.01"	"ランプは少し暗く見えます。"	"machine-draft"	"機械初訳・要確認"
"message.1actions.LAMP-TABLE.2225.01"	"ランプは明らかに暗くなりました。"	"machine-draft"	"機械初訳・要確認"
"message.1actions.LAMP-TABLE.2227.01"	"ランプが切れそうになっています。"	"machine-draft"	"機械初訳・要確認"
"message.1actions.LANTERN.2233.01"	"ランプが床に衝突し、明かりが消えてしまった。"	"machine-draft"	"機械初訳・要確認"
"message.1actions.LANTERN.2239.01"	"切れたランプは点灯しません。"	"machine-draft"	"機械初訳・要確認"
"message.1actions.LANTERN.2245.01"	"ランプはすでに切れています。"	"machine-draft"	"機械初訳・要確認"
"message.1actions.LANTERN.2250.01"	"ランプ"	"machine-draft"	"機械初訳・要確認"
"message.1actions.LANTERN.2252.01"	"燃え尽きてしまった。"	"machine-draft"	"機械初訳・要確認"
"message.1actions.LANTERN.2254.01"	"がオンになっています。"	"machine-draft"	"機械初訳・要確認"
"message.1actions.LANTERN.2256.01"	"オフになっています。"	"machine-draft"	"機械初訳・要確認"
"message.1actions.MAILBOX-F.2261.01"	"しっかりと固定されています。"	"machine-draft"	"機械初訳・要確認"
"message.1actions.MATCH-FUNCTION.2271.01"	"マッチがなくなってしまったのではないかと思います。"	"machine-draft"	"機械初訳・要確認"
"message.1actions.MATCH-FUNCTION.2274.01"	"この部屋はすきま風が強くて、試合はすぐに終わってしまいます。"	"machine-draft"	"機械初訳・要確認"
"message.1actions.MATCH-FUNCTION.2279.01"	"マッチの1本が燃え始めます。"	"machine-draft"	"機械初訳・要確認"
"message.1actions.MATCH-FUNCTION.2285.01"	"試合は終了です。"	"machine-draft"	"機械初訳・要確認"
"message.1actions.MATCH-FUNCTION.2289.01"	"ここは真っ暗だ！"	"machine-draft"	"機械初訳・要確認"
"message.1actions.MATCH-FUNCTION.2293.01"	"あなたは持っています"	"machine-draft"	"機械初訳・要確認"
"message.1actions.MATCH-FUNCTION.2295.01"	"いいえ"	"machine-draft"	"機械初訳・要確認"
"message.1actions.MATCH-FUNCTION.2297.01"	"一致"	"machine-draft"	"機械初訳・要確認"
"message.1actions.MATCH-FUNCTION.2298.01"	"エス。"	"machine-draft"	"機械初訳・要確認"
"message.1actions.MATCH-FUNCTION.2298.02"	"。"	"machine-draft"	"機械初訳・要確認"
"message.1actions.MATCH-FUNCTION.2302.01"	"マッチが燃えています。"	"machine-draft"	"機械初訳・要確認"
"message.1actions.MATCH-FUNCTION.2305.01"	"そのマッチ帳は、そこに書かれていることを除けば、あまり面白くありません。"	"machine-draft"	"機械初訳・要確認"
"message.1actions.I-MATCH.2309.01"	"試合は終了しました。"	"machine-draft"	"機械初訳・要確認"
"message.1actions.LIGHT-INT.2335.01"	"からよりも多くの光があったほうがいいです"	"machine-draft"	"機械初訳・要確認"
"message.1actions.LIGHT-INT.2335.02"	"。"	"machine-draft"	"機械初訳・要確認"
"message.1actions.CANDLES-FCN.2351.01"	"ああ、キャンドルも残り少なくなってきました。確かに十分ではありません\n燃える。"	"machine-draft"	"機械初訳・要確認"
"message.1actions.CANDLES-FCN.2355.01"	"(マッチと一緒に)"	"machine-draft"	"機械初訳・要確認"
"message.1actions.CANDLES-FCN.2360.01"	"何で点火するかを言うべきです。"	"machine-draft"	"機械初訳・要確認"
"message.1actions.CANDLES-FCN.2364.01"	"キャンドルは、"	"machine-draft"	"機械初訳・要確認"
"message.1actions.CANDLES-FCN.2366.01"	"すでに点灯しています。"	"machine-draft"	"機械初訳・要確認"
"message.1actions.CANDLES-FCN.2369.01"	"点灯した。"	"machine-draft"	"機械初訳・要確認"
"message.1actions.CANDLES-FCN.2374.01"	"ちょうどいいタイミングで、キャンドルにすでに火が灯っていることに気づきました。"	"machine-draft"	"機械初訳・要確認"
"message.1actions.CANDLES-FCN.2377.01"	"トーチからの熱が非常に強いため、キャンドルが蒸発します。"	"machine-draft"	"機械初訳・要確認"
"message.1actions.CANDLES-FCN.2381.01"	"燃えるもので火をつける必要があります。"	"machine-draft"	"機械初訳・要確認"
"message.1actions.CANDLES-FCN.2384.01"	"見てみましょう。ペアにはオブジェクトがいくつありますか?言わないでください、私が受け取ります。"	"machine-draft"	"機械初訳・要確認"
"message.1actions.CANDLES-FCN.2388.01"	"炎が消えます。"	"machine-draft"	"機械初訳・要確認"
"message.1actions.CANDLES-FCN.2393.01"	"ここは本当に暗いです…。"	"machine-draft"	"機械初訳・要確認"
"message.1actions.CANDLES-FCN.2396.01"	"キャンドルには火が灯っていません。"	"machine-draft"	"機械初訳・要確認"
"message.1actions.CANDLES-FCN.2398.01"	"それは賢明ではありません。"	"machine-draft"	"機械初訳・要確認"
"message.1actions.CANDLES-FCN.2400.01"	"キャンドルは、"	"machine-draft"	"機械初訳・要確認"
"message.1actions.CANDLES-FCN.2402.01"	"燃えている。"	"machine-draft"	"機械初訳・要確認"
"message.1actions.CANDLES-FCN.2403.01"	"アウト。"	"machine-draft"	"機械初訳・要確認"
"message.1actions.CANDLE-TABLE.2409.01"	"ろうそくが短くなっていきます。"	"machine-draft"	"機械初訳・要確認"
"message.1actions.CANDLE-TABLE.2411.01"	"キャンドルがかなり短くなってしまいました。"	"machine-draft"	"機械初訳・要確認"
"message.1actions.CANDLE-TABLE.2413.01"	"ろうそくはもう長くは持たないでしょう。"	"machine-draft"	"機械初訳・要確認"
"message.1actions.CAVE2-ROOM.2424.01"	"一陣の風でキャンドルが消えてしまいます！"	"machine-draft"	"機械初訳・要確認"
"message.1actions.CAVE2-ROOM.2426.01"	"もうすっかり真っ暗になってしまいました。"	"machine-draft"	"機械初訳・要確認"
"message.1actions.SWORD-FCN.2439.01"	"あなたの剣は淡く青く光っています。"	"machine-draft"	"機械初訳・要確認"
"message.1actions.SWORD-FCN.2442.01"	"あなたの剣はとても明るく輝いています。"	"machine-draft"	"機械初訳・要確認"
"message.1actions.BOOM-ROOM.2460.01"	"冒険を志す者にとって、火をつけるのはなんと悲しいことでしょう。"	"machine-draft"	"機械初訳・要確認"
"message.1actions.BOOM-ROOM.2460.02"	"ある部屋で\nガスの臭い。幸いなことに、世界には正義があります。"	"machine-draft"	"機械初訳・要確認"
"message.1actions.BOOM-ROOM.2464.01"	"ああ、親愛なる。どうやらこの部屋からの臭いは石炭ガスのようだ。\nここに燃え上がる物を持ち込むことについては、よく考えたでしょう。"	"machine-draft"	"機械初訳・要確認"
"message.1actions.BOOM-ROOM.2466.01"	"|\n      ** ブーブーーン **"	"machine-draft"	"機械初訳・要確認"
"message.1actions.BAT-D.2472.01"	"部屋の隅の天井には大きな吸血コウモリがいます。\n明らかに気が狂っていて鼻を押さえている。"	"machine-draft"	"機械初訳・要確認"
"message.1actions.BAT-D.2476.01"	"天井からぶら下がった巨大な吸血コウモリが襲い掛かる！"	"machine-draft"	"機械初訳・要確認"
"message.1actions.BATS-ROOM.2481.01"	"あなたは東と南にしかドアがない小さな部屋にいる。"	"machine-draft"	"機械初訳・要確認"
"message.1actions.MACHINE-ROOM-FCN.2491.01"	"これは広くて冷たい部屋で、唯一の出口が北側にあります。 1つで\nコーナーには洋服を思わせる機械があります\n乾燥機。表面には「START」と書かれたスイッチがあります。\nこのスイッチは人間の手で操作できるものではないようです（ただし、\nフィンガーは約 1/16 x 1/4 インチです)。機械の前面には大きな\n蓋、つまり"	"machine-draft"	"機械初訳・要確認"
"message.1actions.MACHINE-ROOM-FCN.2498.01"	"開いた。"	"machine-draft"	"機械初訳・要確認"
"message.1actions.MACHINE-ROOM-FCN.2499.01"	"閉まっている。"	"machine-draft"	"機械初訳・要確認"
"message.1actions.MACHINE-F.2504.01"	"持ち運びするには大きすぎます。"	"machine-draft"	"機械初訳・要確認"
"message.1actions.MACHINE-F.2509.01"	"蓋が開いて現れます"	"machine-draft"	"機械初訳・要確認"
"message.1actions.MACHINE-F.2511.01"	"。"	"machine-draft"	"機械初訳・要確認"
"message.1actions.MACHINE-F.2514.01"	"蓋が開きます。"	"machine-draft"	"機械初訳・要確認"
"message.1actions.MACHINE-F.2518.01"	"蓋が閉まります。"	"machine-draft"	"機械初訳・要確認"
"message.1actions.MACHINE-F.2526.01"	"素手で電源を入れる方法は不明です。"	"machine-draft"	"機械初訳・要確認"
"message.1actions.MSWITCH-FUNCTION.2536.01"	"マシンは何もする気がないようです。"	"machine-draft"	"機械初訳・要確認"
"message.1actions.MSWITCH-FUNCTION.2538.01"	"機械は（比喩的に）命を吹き込み、次のようなまばゆいディスプレイを表示します。\n色とりどりの光と奇妙な音。しばらくすると、\n興奮が冷める。"	"machine-draft"	"機械初訳・要確認"
"message.1actions.MSWITCH-FUNCTION.2551.01"	"どうやら"	"machine-draft"	"機械初訳・要確認"
"message.1actions.MSWITCH-FUNCTION.2551.02"	"しません。"	"machine-draft"	"機械初訳・要確認"
"message.1actions.GUNK-FUNCTION.2556.01"	"スラグは実体がほとんどなく、触れると砕けて粉々になります。"	"machine-draft"	"機械初訳・要確認"
"message.1actions.SCEPTRE-FUNCTION.2599.01"	"突然、虹がしっかりとしたものになったように見えたので、私は思い切って、\n歩きやすい（特典は階段と手すりだったと思います）。"	"machine-draft"	"機械初訳・要確認"
"message.1actions.SCEPTRE-FUNCTION.2604.01"	"虹の先には、きらめく金の壺が現れます。"	"machine-draft"	"機械初訳・要確認"
"message.1actions.SCEPTRE-FUNCTION.2609.01"	"虹はなんだかありきたりになってしまったような気がします。"	"machine-draft"	"機械初訳・要確認"
"message.1actions.SCEPTRE-FUNCTION.2615.01"	"虹の構造的完全性は著しく損なわれており、\nあなたは水蒸気だけによって支えられ、空中にぶら下がったままになります。さよなら。"	"machine-draft"	"機械初訳・要確認"
"message.1actions.SCEPTRE-FUNCTION.2619.01"	"まばゆいばかりの色の表示が笏から一時的に放たれます。"	"machine-draft"	"機械初訳・要確認"
"message.1actions.FALLS-ROOM.2624.01"	"あなたはアラガイン滝の頂上にいる。\n落差は約450フィート。ここの唯一の道は北端にあります。"	"machine-draft"	"機械初訳・要確認"
"message.1actions.FALLS-ROOM.2628.01"	"しっかりとした虹が滝にかかっていました。"	"machine-draft"	"機械初訳・要確認"
"message.1actions.FALLS-ROOM.2631.01"	"滝の上と西には美しい虹が見えます。"	"machine-draft"	"機械初訳・要確認"
"message.1actions.RAINBOW-FCN.2637.01"	"ここから？"	"machine-draft"	"機械初訳・要確認"
"message.1actions.RAINBOW-FCN.2645.01"	"どちらの方向かを言わなければなりません..."	"machine-draft"	"機械初訳・要確認"
"message.1actions.RAINBOW-FCN.2647.01"	"水蒸気の上を歩けますか？"	"machine-draft"	"機械初訳・要確認"
"message.1actions.RAINBOW-FCN.2650.01"	"フリジッド川が虹の下を流れます。"	"machine-draft"	"機械初訳・要確認"
"message.1actions.DBOAT-FUNCTION.2658.01"	"チャンスはない。誰かのバカが穴を開けたんだ。"	"machine-draft"	"機械初訳・要確認"
"message.1actions.FIX-BOAT.2665.01"	"よくやった。ボートは修理されています。"	"machine-draft"	"機械初訳・要確認"
"message.1actions.RIVER-FUNCTION.2674.01"	"しばらく流れに逆らって飛び跳ねた後、溺れてしまいます。"	"machine-draft"	"機械初訳・要確認"
"message.1actions.RIVER-FUNCTION.2677.01"	"ボートに乗ってから出発する必要があります。"	"machine-draft"	"機械初訳・要確認"
"message.1actions.RIVER-FUNCTION.2681.01"	"の"	"machine-draft"	"機械初訳・要確認"
"message.1actions.RIVER-FUNCTION.2681.02"	"一瞬浮いて、その後沈みます。"	"machine-draft"	"機械初訳・要確認"
"message.1actions.RIVER-FUNCTION.2685.01"	"の"	"machine-draft"	"機械初訳・要確認"
"message.1actions.RIVER-FUNCTION.2685.02"	"水に飛び散って永遠に消えてしまいます。"	"machine-draft"	"機械初訳・要確認"
"message.1actions.RIVER-FUNCTION.2688.01"	"飛び込む前によく見ると、川幅が広くて危険であることがわかります。\n流れが速く、半分隠れた大きな岩があります。あなたは自分のことを放棄することに決めました\n泳ぐ。"	"machine-draft"	"機械初訳・要確認"
"message.1actions.I-RIVER.2713.01"	"川の流れがあなたを下流へと運びます。"	"machine-draft"	"機械初訳・要確認"
"message.1actions.I-RIVER.2718.01"	"残念ながら、魔法のボートはからの保護を提供しません。\n滝の底で出会う岩や岩。\nこれも含めて。"	"machine-draft"	"機械初訳・要確認"
"message.1actions.RBOAT-FUNCTION.2736.01"	"ボートの説明についてはラベルをお読みください。"	"machine-draft"	"機械初訳・要確認"
"message.1actions.RBOAT-FUNCTION.2742.01"	"あなたは"	"machine-draft"	"機械初訳・要確認"
"message.1actions.RBOAT-FUNCTION.2744.01"	"貯水池"	"machine-draft"	"機械初訳・要確認"
"message.1actions.RBOAT-FUNCTION.2746.01"	"ストリーム"	"machine-draft"	"機械初訳・要確認"
"message.1actions.RBOAT-FUNCTION.2747.01"	"川"	"machine-draft"	"機械初訳・要確認"
"message.1actions.RBOAT-FUNCTION.2748.01"	"、それとも忘れてしまったのでしょうか？"	"machine-draft"	"機械初訳・要確認"
"message.1actions.RBOAT-FUNCTION.2753.01"	"ここでは起動できません。"	"machine-draft"	"機械初訳・要確認"
"message.1actions.RBOAT-FUNCTION.2768.01"	"どうやら、"	"machine-draft"	"機械初訳・要確認"
"message.1actions.RBOAT-FUNCTION.2771.01"	"証拠にあるように、ボートに同意しなかった\nそこから発せられる大きなヒスノイズによって。哀れなスパッタリングで、\nボートがしぼむと、何もなくなります。"	"machine-draft"	"機械初訳・要確認"
"message.1actions.RBOAT-FUNCTION.2778.01"	"今度はあなたからのもう一つの哀れなスパッタリングは、あなたの溺死を告げるものです。"	"machine-draft"	"機械初訳・要確認"
"message.1actions.RBOAT-FUNCTION.2781.01"	"言い換えれば、フリジッド川の激しい流れとの戦いです。あなた\nなんとか少しの間は自分自身を持ちこたえますが、その後、あなたは次のような状況に引き継がれます\n滝といくつかの厄介な岩に。ああ！"	"machine-draft"	"機械初訳・要確認"
"message.1actions.RBOAT-FUNCTION.2786.01"	"あなたはボートに乗っていません！"	"machine-draft"	"機械初訳・要確認"
"message.1actions.RBOAT-FUNCTION.2795.01"	"おっと！何か鋭利なものが滑ってボートに穴を開けたようです。\nシューシューという音、スパッタリング音、そして罵り声を聞きながらボートはしぼむ。"	"machine-draft"	"機械初訳・要確認"
"message.1actions.RBOAT-FUNCTION.2802.01"	"これ以上膨らませると破裂する可能性があります。"	"machine-draft"	"機械初訳・要確認"
"message.1actions.RBOAT-FUNCTION.2806.01"	"ボートに乗っている間は空気を抜くことはできません。"	"machine-draft"	"機械初訳・要確認"
"message.1actions.RBOAT-FUNCTION.2809.01"	"ボートを収縮させるには、ボートが地面に着いている必要があります。"	"machine-draft"	"機械初訳・要確認"
"message.1actions.RBOAT-FUNCTION.2811.01"	"ボートがしぼむ。"	"machine-draft"	"機械初訳・要確認"
"message.1actions.IBOAT-FUNCTION.2824.01"	"ボートを膨らませるには、ボートが地面にある必要があります。"	"machine-draft"	"機械初訳・要確認"
"message.1actions.IBOAT-FUNCTION.2827.01"	"ボートが膨らみ、航行可能に見えます。"	"machine-draft"	"機械初訳・要確認"
"message.1actions.IBOAT-FUNCTION.2830.01"	"船内には黄褐色のラベルが貼ってあります。"	"machine-draft"	"機械初訳・要確認"
"message.1actions.IBOAT-FUNCTION.2837.01"	"肺を膨らませるのに十分な肺活量がありません。"	"machine-draft"	"機械初訳・要確認"
"message.1actions.IBOAT-FUNCTION.2840.01"	"と"	"machine-draft"	"機械初訳・要確認"
"message.1actions.IBOAT-FUNCTION.2840.02"	"?確かに冗談だよ！"	"machine-draft"	"機械初訳・要確認"
"message.1actions.RIVR4-ROOM.2848.01"	"ブイの感触がおかしいことに気づきました。"	"machine-draft"	"機械初訳・要確認"
"message.1actions.SAND-FUNCTION.2861.01"	"穴が崩れて窒息する。"	"machine-draft"	"機械初訳・要確認"
"message.1actions.SAND-FUNCTION.2865.01"	"ここの砂の中にコガネムシが見えます。"	"machine-draft"	"機械初訳・要確認"
"message.1actions.BDIGS.2872.01"	"ここに穴を掘っているようです。"	"machine-draft"	"機械初訳・要確認"
"message.1actions.BDIGS.2873.01"	"穴はさらに深くなっているが、それだけだ。"	"machine-draft"	"機械初訳・要確認"
"message.1actions.BDIGS.2874.01"	"あなたは四方を砂の壁に囲まれています。"	"machine-draft"	"機械初訳・要確認"
"message.1actions.TREE-ROOM.2883.01"	"あなたは地上約 10 フィートの大きな木々に囲まれています。\n枝。あなたの上の最寄りの支店は手の届くところにあります。"	"machine-draft"	"機械初訳・要確認"
"message.1actions.TREE-ROOM.2887.01"	"下の地面には次のものが見えます。"	"machine-draft"	"機械初訳・要確認"
"message.1actions.TREE-ROOM.2889.01"	"。"	"machine-draft"	"機械初訳・要確認"
"message.1actions.TREE-ROOM.2900.01"	"巣は地面に落ち、そこから卵がこぼれる、マジで\n破損した。"	"machine-draft"	"機械初訳・要確認"
"message.1actions.TREE-ROOM.2906.01"	"卵は地面に落ち、弾けて開き、深刻な損傷を受けました。"	"machine-draft"	"機械初訳・要確認"
"message.1actions.TREE-ROOM.2913.01"	"の"	"machine-draft"	"機械初訳・要確認"
"message.1actions.TREE-ROOM.2913.02"	"地面に落ちる。"	"machine-draft"	"機械初訳・要確認"
"message.1actions.TREE-ROOM.2916.01"	"それはちょっと下すぎました。"	"machine-draft"	"機械初訳・要確認"
"message.1actions.EGG-OBJECT.2922.01"	"卵はすでに開いています。"	"machine-draft"	"機械初訳・要確認"
"message.1actions.EGG-OBJECT.2924.01"	"あなたにはツールも専門知識もありません。"	"machine-draft"	"機械初訳・要確認"
"message.1actions.EGG-OBJECT.2927.01"	"損傷せずにそれができるとは思えません。"	"machine-draft"	"機械初訳・要確認"
"message.1actions.EGG-OBJECT.2933.01"	"卵はすでに開いていますが、あなたの試みの不手際が深刻な問題を引き起こしました\n美的魅力が損なわれました。"	"machine-draft"	"機械初訳・要確認"
"message.1actions.EGG-OBJECT.2938.01"	"を使用すると言うわけではありません"	"machine-draft"	"機械初訳・要確認"
"message.1actions.EGG-OBJECT.2940.01"	"それもオリジナルではありません..."	"machine-draft"	"機械初訳・要確認"
"message.1actions.EGG-OBJECT.2942.01"	"を使用するという概念"	"machine-draft"	"機械初訳・要確認"
"message.1actions.EGG-OBJECT.2944.01"	"確かにオリジナルです。"	"machine-draft"	"機械初訳・要確認"
"message.1actions.EGG-OBJECT.2948.01"	"あなたの下から顕著なクランチ音があり、検査すると明らかになります\n卵が開いたまま横たわり、ひどく損傷していること。"	"machine-draft"	"機械初訳・要確認"
"message.1actions.EGG-OBJECT.2955.01"	"あなたが卵をかなり乱暴に扱ったために、卵に多少の損傷が生じました。\n開くことに成功したにもかかわらず。"	"machine-draft"	"機械初訳・要確認"
"message.1actions.BAD-EGG.2962.01"	" "	"format"	"表示用空白を保持"
"message.1actions.CANARY-OBJECT.2975.01"	"カナリアは、忘れられたオペラのアリアのように、少し調子を外して鳴きます。\n緑の中から愛らしい鳴き鳥が飛んでいきます。それは、\n手足を頭のすぐ上に置き、くちばしを開いて鳴きます。そうするうちに\n美しい真鍮の安物の宝石が口から落ち、上部で跳ね返ります。\nあなたの頭、そして草の中できらめく土地。カナリアの風が吹くように\n降りると、鳴き鳥は飛び去ります。"	"machine-draft"	"機械初訳・要確認"
"message.1actions.CANARY-OBJECT.2987.01"	"カナリアは、少し耳障りに聞こえるかもしれませんが、短時間の間、元気よく鳴きます。"	"machine-draft"	"機械初訳・要確認"
"message.1actions.CANARY-OBJECT.2990.01"	"カナリアの中から不快な軋むような音が聞こえる。"	"machine-draft"	"機械初訳・要確認"
"message.1actions.I-FOREST-ROOM.3002.01"	"遠くで鳥のさえずりが聞こえます。"	"machine-draft"	"機械初訳・要確認"
"message.1actions.WCLIF-OBJECT.3013.01"	"崖は登るには急すぎます。"	"machine-draft"	"機械初訳・要確認"
"message.1actions.CLIFF-OBJECT.3019.01"	"それは非常に賢明ではありません。おそらく致命的ですらあります。"	"machine-draft"	"機械初訳・要確認"
"message.1actions.CLIFF-OBJECT.3023.01"	"の"	"machine-draft"	"機械初訳・要確認"
"message.1actions.CLIFF-OBJECT.3023.02"	"川に転落し、姿が見えなくなる。"	"machine-draft"	"機械初訳・要確認"
"message.1actions.ROPE-FUNCTION.3034.01"	"それにロープを結ぶことはできません。"	"machine-draft"	"機械初訳・要確認"
"message.1actions.ROPE-FUNCTION.3039.01"	"ロープはすでに結ばれています。"	"machine-draft"	"機械初訳・要確認"
"message.1actions.ROPE-FUNCTION.3042.01"	"ロープは側面に落ち、床から 10 フィート以内に到達します。"	"machine-draft"	"機械初訳・要確認"
"message.1actions.ROPE-FUNCTION.3057.01"	"を結びつけようとするあなたの試みは、"	"machine-draft"	"機械初訳・要確認"
"message.1actions.ROPE-FUNCTION.3057.02"	"彼を目覚めさせます。"	"machine-draft"	"機械初訳・要確認"
"message.1actions.ROPE-FUNCTION.3061.01"	"の"	"machine-draft"	"機械初訳・要確認"
"message.1actions.ROPE-FUNCTION.3061.02"	"苦労しても彼を縛り付けることはできません。"	"machine-draft"	"機械初訳・要確認"
"message.1actions.ROPE-FUNCTION.3063.01"	"なぜ縛るのですか"	"machine-draft"	"機械初訳・要確認"
"message.1actions.ROPE-FUNCTION.3063.02"	"?"	"machine-draft"	"機械初訳・要確認"
"message.1actions.ROPE-FUNCTION.3068.01"	"これでロープがほどけました。"	"machine-draft"	"機械初訳・要確認"
"message.1actions.ROPE-FUNCTION.3070.01"	"それは何にも縛られていません。"	"machine-draft"	"機械初訳・要確認"
"message.1actions.ROPE-FUNCTION.3075.01"	"ロープは下の床にゆっくりと落ちます。"	"machine-draft"	"機械初訳・要確認"
"message.1actions.ROPE-FUNCTION.3078.01"	"ロープは手すりに結び付けられています。"	"machine-draft"	"機械初訳・要確認"
"message.1actions.UNTIE-FROM.3084.01"	"それは付いてないよ！"	"machine-draft"	"機械初訳・要確認"
"message.1actions.SLIDE-FUNCTION.3093.01"	"滑り台から転げ落ちてしまいます…。"	"machine-draft"	"機械初訳・要確認"
"message.1actions.SLIDER.3100.01"	"の"	"machine-draft"	"機械初訳・要確認"
"message.1actions.SLIDER.3100.02"	"滑り台に落ちて消えてしまいます。"	"machine-draft"	"機械初訳・要確認"
"message.1actions.SANDWICH-BAG-FCN.3109.01"	"唐辛子の香りがします。"	"machine-draft"	"機械初訳・要確認"
"message.1actions.DEAD-FUNCTION.3117.01"	"状態ではご入場できません。"	"machine-draft"	"機械初訳・要確認"
"message.1actions.DEAD-FUNCTION.3122.01"	"あなたの状態ではそのような攻撃はすべて無駄です。"	"machine-draft"	"機械初訳・要確認"
"message.1actions.DEAD-FUNCTION.3127.01"	"そのような行動さえあなたの能力を超えています。"	"machine-draft"	"機械初訳・要確認"
"message.1actions.DEAD-FUNCTION.3129.01"	"そうかもしれない。あなたには永遠があります。"	"machine-draft"	"機械初訳・要確認"
"message.1actions.DEAD-FUNCTION.3131.01"	"あなたを導く光は必要ありません。"	"machine-draft"	"機械初訳・要確認"
"message.1actions.DEAD-FUNCTION.3133.01"	"死んでるよ！自分のスコアはどのように考えられますか?"	"machine-draft"	"機械初訳・要確認"
"message.1actions.DEAD-FUNCTION.3135.01"	"あなたの手がそのオブジェクトを通過します。"	"machine-draft"	"機械初訳・要確認"
"message.1actions.DEAD-FUNCTION.3137.01"	"あなたには所有物がありません。"	"machine-draft"	"機械初訳・要確認"
"message.1actions.DEAD-FUNCTION.3139.01"	"あなたは死んでいます。"	"machine-draft"	"機械初訳・要確認"
"message.1actions.DEAD-FUNCTION.3141.01"	"部屋は奇妙で不気味に見えます"	"machine-draft"	"機械初訳・要確認"
"message.1actions.DEAD-FUNCTION.3143.01"	"。"	"machine-draft"	"機械初訳・要確認"
"message.1actions.DEAD-FUNCTION.3145.01"	"そして物体が不鮮明に見えます。"	"machine-draft"	"機械初訳・要確認"
"message.1actions.DEAD-FUNCTION.3149.01"	"明かりはないのに、部屋が薄暗く見えます。"	"machine-draft"	"機械初訳・要確認"
"message.1actions.DEAD-FUNCTION.3162.01"	"遠くから、一本のトランペットの音が聞こえる。部屋\nとても明るくなり、体がなくなったように感じます。一瞬のうちに、\n明るさが消え、あなたはまるで長い時間から立ち上がったかのように自分自身が立ち上がっていることに気づきます\n森の奥深くで眠ってください。遠くでかすかに音が聞こえます\n鳴き鳥と森の音。"	"machine-draft"	"機械初訳・要確認"
"message.1actions.DEAD-FUNCTION.3169.01"	"あなたの祈りは聞き入れられません。"	"machine-draft"	"機械初訳・要確認"
"message.1actions.DEAD-FUNCTION.3171.01"	"そんなこともできません。"	"machine-draft"	"機械初訳・要確認"
"message.1actions.LAKE-PSEUDO.3179.01"	"湖も残り少なくなってきました…。"	"machine-draft"	"機械初訳・要確認"
"message.1actions.LAKE-PSEUDO.3181.01"	"幅が広すぎて渡れません。"	"machine-draft"	"機械初訳・要確認"
"message.1actions.LAKE-PSEUDO.3183.01"	"この湖では泳ぐことはできません。"	"machine-draft"	"機械初訳・要確認"
"message.1actions.STREAM-PSEUDO.3187.01"	"小川で泳ぐことはできません。"	"machine-draft"	"機械初訳・要確認"
"message.1actions.STREAM-PSEUDO.3189.01"	"向こう側は切り立った岩崖です。"	"machine-draft"	"機械初訳・要確認"
"message.1actions.CHASM-PSEUDO.3195.01"	"飛び降りる前に目を凝らしてみると、決して生き残ることはできないと悟ります。"	"machine-draft"	"機械初訳・要確認"
"message.1actions.CHASM-PSEUDO.3197.01"	"ジャンプするには遠すぎるし、橋もない。"	"machine-draft"	"機械初訳・要確認"
"message.1actions.CHASM-PSEUDO.3200.01"	"の"	"machine-draft"	"機械初訳・要確認"
"message.1actions.CHASM-PSEUDO.3200.02"	"視界から亀裂に落ちます。"	"machine-draft"	"機械初訳・要確認"
"message.1actions.DOME-PSEUDO.3205.01"	"いいえ。"	"machine-draft"	"機械初訳・要確認"
"message.1actions.GATE-PSEUDO.3213.01"	"門は目に見えない力によって守られています。それはあなたの\n触ると歯が痛む。"	"machine-draft"	"機械初訳・要確認"
"message.1actions.DOOR-PSEUDO.3218.01"	"ドアはびくともしません。"	"machine-draft"	"機械初訳・要確認"
"message.1actions.PAINT-PSEUDO.3224.01"	"一部のペイントが剥がれ、さらにペイントが露出します。"	"machine-draft"	"機械初訳・要確認"
"message.1actions.GAS-PSEUDO.3228.01"	"ガスが多すぎて吹き飛ばされます。"	"machine-draft"	"機械初訳・要確認"
"message.1actions.GAS-PSEUDO.3230.01"	"ここは石炭ガスのような匂いがします。"	"machine-draft"	"機械初訳・要確認"
"message.1actions.VILLAIN-BLOW.3419.01"	"の"	"machine-draft"	"機械初訳・要確認"
"message.1actions.VILLAIN-BLOW.3420.01"	"ゆっくりと足を立て直す。"	"machine-draft"	"機械初訳・要確認"
"message.1actions.VILLAIN-BLOW.3473.01"	"幸いなことに、あなたにはまだ"	"machine-draft"	"機械初訳・要確認"
"message.1actions.VILLAIN-BLOW.3473.02"	"。"	"machine-draft"	"機械初訳・要確認"
"message.1actions.HERO-BLOW.3487.01"	"あなたはまだ最後の一撃から回復中であるため、あなたの攻撃は次のとおりです。\n効果がない。"	"machine-draft"	"機械初訳・要確認"
"message.1actions.HERO-BLOW.3498.01"	"いやあ、あの時は本当にやってくれましたね。自殺は苦痛ではないのか？"	"machine-draft"	"機械初訳・要確認"
"message.1actions.HERO-BLOW.3499.01"	"を攻撃する"	"machine-draft"	"機械初訳・要確認"
"message.1actions.HERO-BLOW.3499.02"	"無意味です。"	"machine-draft"	"機械初訳・要確認"
"message.1actions.HERO-BLOW.3503.01"	"の"	"machine-draft"	"機械初訳・要確認"
"message.1actions.HERO-BLOW.3504.01"	"無意識"	"machine-draft"	"機械初訳・要確認"
"message.1actions.HERO-BLOW.3505.01"	"非武装"	"machine-draft"	"機械初訳・要確認"
"message.1actions.HERO-BLOW.3506.01"	" "	"format"	"表示用空白を保持"
"message.1actions.HERO-BLOW.3507.01"	"自分を守ることができず、彼は死んでしまいます。"	"machine-draft"	"機械初訳・要確認"
"message.1actions.WINNER-RESULT.3561.01"	"どうやら最後の一撃はやりすぎだったようだ。残念ですが、あなたは\n死んでいる。"	"machine-draft"	"機械初訳・要確認"
"message.1actions.VILLAIN-RESULT.3571.01"	"とほぼ同時に、"	"machine-draft"	"機械初訳・要確認"
"message.1actions.VILLAIN-RESULT.3571.02"	"最後の息をする、雲\n不気味な黒い霧が彼を包み込み、霧が晴れると、\n死骸が消えた。"	"machine-draft"	"機械初訳・要確認"
"message.1actions.HERO-MELEE.3614.01"	"あなたの"	"machine-draft"	"機械初訳・要確認"
"message.1actions.HERO-MELEE.3614.02"	"を逃します"	"machine-draft"	"機械初訳・要確認"
"message.1actions.HERO-MELEE.3614.03"	"1インチ単位で。"	"machine-draft"	"機械初訳・要確認"
"message.1actions.HERO-MELEE.3615.01"	"良いスラッシュですが、ミスします。"	"machine-draft"	"機械初訳・要確認"
"message.1actions.HERO-MELEE.3615.02"	"1マイルの差で。"	"machine-draft"	"機械初訳・要確認"
"message.1actions.HERO-MELEE.3616.01"	"課金しますが、"	"machine-draft"	"機械初訳・要確認"
"message.1actions.HERO-MELEE.3616.02"	"素早く脇に飛び退く。"	"machine-draft"	"機械初訳・要確認"
"message.1actions.HERO-MELEE.3617.01"	"カラン！クラッシュ！の"	"machine-draft"	"機械初訳・要確認"
"message.1actions.HERO-MELEE.3617.02"	"受け流す。"	"machine-draft"	"機械初訳・要確認"
"message.1actions.HERO-MELEE.3618.01"	"素早いストロークですが、"	"machine-draft"	"機械初訳・要確認"
"message.1actions.HERO-MELEE.3618.02"	"警戒中だ。"	"machine-draft"	"機械初訳・要確認"
"message.1actions.HERO-MELEE.3619.01"	"良いストロークですが、遅すぎます。の"	"machine-draft"	"機械初訳・要確認"
"message.1actions.HERO-MELEE.3619.02"	"避けます。"	"machine-draft"	"機械初訳・要確認"
"message.1actions.HERO-MELEE.3621.01"	"あなたの"	"machine-draft"	"機械初訳・要確認"
"message.1actions.HERO-MELEE.3621.02"	"クラッシュして、"	"machine-draft"	"機械初訳・要確認"
"message.1actions.HERO-MELEE.3621.03"	"夢の国へ。"	"machine-draft"	"機械初訳・要確認"
"message.1actions.HERO-MELEE.3622.01"	"の"	"machine-draft"	"機械初訳・要確認"
"message.1actions.HERO-MELEE.3622.02"	"衝撃を受けて意識不明に陥る。"	"machine-draft"	"機械初訳・要確認"
"message.1actions.HERO-MELEE.3623.01"	"激しいやりとりと、"	"machine-draft"	"機械初訳・要確認"
"message.1actions.HERO-MELEE.3623.02"	"ノックアウトされました！"	"machine-draft"	"機械初訳・要確認"
"message.1actions.HERO-MELEE.3624.01"	"あなたの半分"	"machine-draft"	"機械初訳・要確認"
"message.1actions.HERO-MELEE.3624.02"	"をノックアウトします"	"machine-draft"	"機械初訳・要確認"
"message.1actions.HERO-MELEE.3624.03"	"。"	"machine-draft"	"機械初訳・要確認"
"message.1actions.HERO-MELEE.3625.01"	"の"	"machine-draft"	"機械初訳・要確認"
"message.1actions.HERO-MELEE.3625.02"	"ノックアウトされました！"	"machine-draft"	"機械初訳・要確認"
"message.1actions.HERO-MELEE.3627.01"	"のためのカーテンです"	"machine-draft"	"機械初訳・要確認"
"message.1actions.HERO-MELEE.3627.02"	"あなたとして"	"machine-draft"	"機械初訳・要確認"
"message.1actions.HERO-MELEE.3627.03"	"彼の首を取り除きます。"	"machine-draft"	"機械初訳・要確認"
"message.1actions.HERO-MELEE.3628.01"	"致命的な一撃が襲う"	"machine-draft"	"機械初訳・要確認"
"message.1actions.HERO-MELEE.3628.02"	"心の四角: 彼は死ぬ。"	"machine-draft"	"機械初訳・要確認"
"message.1actions.HERO-MELEE.3629.01"	"の"	"machine-draft"	"機械初訳・要確認"
"message.1actions.HERO-MELEE.3629.02"	"致命的な打撃を受け、床に倒れ込んで死んでしまいます。"	"machine-draft"	"機械初訳・要確認"
"message.1actions.HERO-MELEE.3631.01"	"の"	"machine-draft"	"機械初訳・要確認"
"message.1actions.HERO-MELEE.3631.02"	"腕を殴られる。血が滴り落ち始める。"	"machine-draft"	"機械初訳・要確認"
"message.1actions.HERO-MELEE.3632.01"	"あなたの"	"machine-draft"	"機械初訳・要確認"
"message.1actions.HERO-MELEE.3632.02"	"ピンク色"	"machine-draft"	"機械初訳・要確認"
"message.1actions.HERO-MELEE.3632.03"	"手首にできましたが、深刻ではありません。"	"machine-draft"	"機械初訳・要確認"
"message.1actions.HERO-MELEE.3633.01"	"あなたのストロークは着地しましたが、それはブレードの平面にすぎませんでした。"	"machine-draft"	"機械初訳・要確認"
"message.1actions.HERO-MELEE.3634.01"	"打撃が当たり、胸に浅い傷ができる"	"machine-draft"	"機械初訳・要確認"
"message.1actions.HERO-MELEE.3634.02"	"の腕！"	"machine-draft"	"機械初訳・要確認"
"message.1actions.HERO-MELEE.3636.01"	"の"	"machine-draft"	"機械初訳・要確認"
"message.1actions.HERO-MELEE.3636.02"	"脇腹に深い切り傷を負う。"	"machine-draft"	"機械初訳・要確認"
"message.1actions.HERO-MELEE.3637.01"	"太ももへの猛攻撃！の"	"machine-draft"	"機械初訳・要確認"
"message.1actions.HERO-MELEE.3637.02"	"唖然としていますが、まだ戦えます！"	"machine-draft"	"機械初訳・要確認"
"message.1actions.HERO-MELEE.3638.01"	"スラッシュ！あなたの打撃が命中します！あれは動脈に当たったので、深刻な事態になる可能性があります。"	"machine-draft"	"機械初訳・要確認"
"message.1actions.HERO-MELEE.3639.01"	"スラッシュ！あなたのストロークがつながります！これは深刻な事態になる可能性があります。"	"machine-draft"	"機械初訳・要確認"
"message.1actions.HERO-MELEE.3641.01"	"の"	"machine-draft"	"機械初訳・要確認"
"message.1actions.HERO-MELEE.3641.02"	"よろめき、膝をつきます。"	"machine-draft"	"機械初訳・要確認"
"message.1actions.HERO-MELEE.3642.01"	"の"	"machine-draft"	"機械初訳・要確認"
"message.1actions.HERO-MELEE.3642.02"	"一時的に方向感覚を失い、反撃することができません。"	"machine-draft"	"機械初訳・要確認"
"message.1actions.HERO-MELEE.3643.01"	"君の一撃の力が"	"machine-draft"	"機械初訳・要確認"
"message.1actions.HERO-MELEE.3643.02"	"戻って、唖然とした。"	"machine-draft"	"機械初訳・要確認"
"message.1actions.HERO-MELEE.3644.01"	"の"	"machine-draft"	"機械初訳・要確認"
"message.1actions.HERO-MELEE.3644.02"	"混乱して反撃できない。"	"machine-draft"	"機械初訳・要確認"
"message.1actions.HERO-MELEE.3645.01"	"あなたの突きの速さは、"	"machine-draft"	"機械初訳・要確認"
"message.1actions.HERO-MELEE.3645.02"	"戻って、唖然とした。"	"machine-draft"	"機械初訳・要確認"
"message.1actions.HERO-MELEE.3647.01"	"の"	"machine-draft"	"機械初訳・要確認"
"message.1actions.HERO-MELEE.3647.02"	"の武器は床に叩きつけられ、彼は丸腰になった。"	"machine-draft"	"機械初訳・要確認"
"message.1actions.HERO-MELEE.3648.01"	"の"	"machine-draft"	"機械初訳・要確認"
"message.1actions.HERO-MELEE.3648.02"	"彼のガードをかすめた微妙なフェイントで武装解除される。"	"machine-draft"	"機械初訳・要確認"
"message.1actions.CYCLOPS-MELEE.3657.01"	"サイクロプスは外しますが、逆流で倒れそうになります。"	"machine-draft"	"機械初訳・要確認"
"message.1actions.CYCLOPS-MELEE.3658.01"	"サイクロプスはあなたを急かしますが、壁に衝突します。"	"machine-draft"	"機械初訳・要確認"
"message.1actions.CYCLOPS-MELEE.3660.01"	"サイクロプスによってあなたは床に叩きつけられ、意識を失います。"	"machine-draft"	"機械初訳・要確認"
"message.1actions.CYCLOPS-MELEE.3662.01"	"サイクロプスが強烈な打撃で首をへし折ります。"	"machine-draft"	"機械初訳・要確認"
"message.1actions.CYCLOPS-MELEE.3664.01"	"素早いパンチだが、それはかすかな一撃に過ぎなかった。"	"machine-draft"	"機械初訳・要確認"
"message.1actions.CYCLOPS-MELEE.3665.01"	"サイクロプスの拳による一撃。"	"machine-draft"	"機械初訳・要確認"
"message.1actions.CYCLOPS-MELEE.3667.01"	"怪物はあなたの胸に巨大な拳を打ちつけ、いくつかの部分を破壊します\n肋骨。"	"machine-draft"	"機械初訳・要確認"
"message.1actions.CYCLOPS-MELEE.3669.01"	"サイクロプスは素早いパンチで風を吹き飛ばしそうになります。"	"machine-draft"	"機械初訳・要確認"
"message.1actions.CYCLOPS-MELEE.3671.01"	"サイクロプスは風を吹き飛ばすパンチを繰り出します。"	"machine-draft"	"機械初訳・要確認"
"message.1actions.CYCLOPS-MELEE.3672.01"	"武器を無視してサイクロプスがあなたを岩に投げつける\n部屋の壁。"	"machine-draft"	"機械初訳・要確認"
"message.1actions.CYCLOPS-MELEE.3675.01"	"サイクロプスがあなたを捕まえます"	"machine-draft"	"機械初訳・要確認"
"message.1actions.CYCLOPS-MELEE.3675.02"	"、味見して、に投げます。\n嫌悪感を持って地面につく。"	"machine-draft"	"機械初訳・要確認"
"message.1actions.CYCLOPS-MELEE.3677.01"	"怪物があなたの手首を掴んで圧迫し、あなたは手首を落とします。"	"machine-draft"	"機械初訳・要確認"
"message.1actions.CYCLOPS-MELEE.3678.01"	"痛みを感じています。"	"machine-draft"	"機械初訳・要確認"
"message.1actions.CYCLOPS-MELEE.3680.01"	"サイクロプスは自分の料理を焼くか煮込むか決められないようです。\n夕食。"	"machine-draft"	"機械初訳・要確認"
"message.1actions.CYCLOPS-MELEE.3683.01"	"スポーツマンでもないサイクロプスは、意識を失った犠牲者を送り出す。"	"machine-draft"	"機械初訳・要確認"
"message.1actions.TROLL-MELEE.3692.01"	"トロールは斧を振りましたが、当たりませんでした。"	"machine-draft"	"機械初訳・要確認"
"message.1actions.TROLL-MELEE.3693.01"	"トロールの斧はほとんど耳を通りません。"	"machine-draft"	"機械初訳・要確認"
"message.1actions.TROLL-MELEE.3694.01"	"あなたが脇に飛び移ると、斧が通り過ぎていきます。"	"machine-draft"	"機械初訳・要確認"
"message.1actions.TROLL-MELEE.3695.01"	"斧が岩に激突し、火花が飛び散る！"	"machine-draft"	"機械初訳・要確認"
"message.1actions.TROLL-MELEE.3697.01"	"トロールの斧の平部分があなたの頭を軽く打ち、ノックします。\nあなたはアウトです。"	"machine-draft"	"機械初訳・要確認"
"message.1actions.TROLL-MELEE.3700.01"	"トロールはあなたの首をきれいに取り除きます。"	"machine-draft"	"機械初訳・要確認"
"message.1actions.TROLL-MELEE.3701.01"	"トロールの斧の一撃が身廊からチョップまであなたを切り裂きます。"	"machine-draft"	"機械初訳・要確認"
"message.1actions.TROLL-MELEE.3702.01"	"トロールの斧で首が取れます。"	"machine-draft"	"機械初訳・要確認"
"message.1actions.TROLL-MELEE.3704.01"	"斧はあなたを真横から攻撃します。ああ！"	"machine-draft"	"機械初訳・要確認"
"message.1actions.TROLL-MELEE.3705.01"	"トロールの斧の皮の平らな部分が前腕に当たります。"	"machine-draft"	"機械初訳・要確認"
"message.1actions.TROLL-MELEE.3706.01"	"トロールのブランコで、かろうじて受け流しながら転びそうになる\n間に合うように。"	"machine-draft"	"機械初訳・要確認"
"message.1actions.TROLL-MELEE.3708.01"	"トロールは斧を振り回し、あなたが避けようとするとあなたの腕を傷つけます。"	"machine-draft"	"機械初訳・要確認"
"message.1actions.TROLL-MELEE.3710.01"	"トロールが突撃し、彼の斧があなたを切り裂きます。"	"machine-draft"	"機械初訳・要確認"
"message.1actions.TROLL-MELEE.3710.02"	"腕。"	"machine-draft"	"機械初訳・要確認"
"message.1actions.TROLL-MELEE.3711.01"	"斧で叩くと足に深い傷がつきます。"	"machine-draft"	"機械初訳・要確認"
"message.1actions.TROLL-MELEE.3712.01"	"トロールの斧が振り下ろされ、あなたの肩を切り裂きます。"	"machine-draft"	"機械初訳・要確認"
"message.1actions.TROLL-MELEE.3714.01"	"トロールがあなたを一撃で攻撃すると、あなたは一瞬になります。\n唖然とした。"	"machine-draft"	"機械初訳・要確認"
"message.1actions.TROLL-MELEE.3716.01"	"トロールは揺れます。刃はあなたの鎧をオンにしますが、クラッシュします\nあなたの頭の中に横から。"	"machine-draft"	"機械初訳・要確認"
"message.1actions.TROLL-MELEE.3718.01"	"斧の雨の雨を受けてよろめきながら後ずさりする。"	"machine-draft"	"機械初訳・要確認"
"message.1actions.TROLL-MELEE.3719.01"	"トロールの強力な一撃により、あなたは膝から崩れ落ちます。"	"machine-draft"	"機械初訳・要確認"
"message.1actions.TROLL-MELEE.3721.01"	"斧が君に当たる"	"machine-draft"	"機械初訳・要確認"
"message.1actions.TROLL-MELEE.3721.02"	"そしてそれを回転させます。"	"machine-draft"	"機械初訳・要確認"
"message.1actions.TROLL-MELEE.3722.01"	"トロールが揺れ、あなたは受け流しますが、彼の打撃の力であなたの体はノックされます。"	"machine-draft"	"機械初訳・要確認"
"message.1actions.TROLL-MELEE.3722.02"	"離れて。"	"machine-draft"	"機械初訳・要確認"
"message.1actions.TROLL-MELEE.3723.01"	"斧があなたをノックします"	"machine-draft"	"機械初訳・要確認"
"message.1actions.TROLL-MELEE.3723.02"	"あなたの手から。それは床に落ちます。"	"machine-draft"	"機械初訳・要確認"
"message.1actions.TROLL-MELEE.3725.01"	"トロールは斧をいじりながらためらいます。"	"machine-draft"	"機械初訳・要確認"
"message.1actions.TROLL-MELEE.3726.01"	"トロールは頭をかきながら反芻します：あなたは魔法にかかっているのかもしれません\n守られているのだろうか？"	"machine-draft"	"機械初訳・要確認"
"message.1actions.TROLL-MELEE.3729.01"	"恐怖を克服して、トロールはあなたを死に至らしめます。"	"machine-draft"	"機械初訳・要確認"
"message.1actions.THIEF-MELEE.3738.01"	"泥棒は小剣でさりげなく刺したが、外れた。"	"machine-draft"	"機械初訳・要確認"
"message.1actions.THIEF-MELEE.3739.01"	"泥棒が低空に入ってくると、あなたはそれを避けます。"	"machine-draft"	"機械初訳・要確認"
"message.1actions.THIEF-MELEE.3740.01"	"あなたが稲妻の突きをかわすと、泥棒はあなたに敬礼します。\n厳しいうなずき。"	"machine-draft"	"機械初訳・要確認"
"message.1actions.THIEF-MELEE.3742.01"	"泥棒はあなたの警備員をすり抜けようとしますが、あなたは身をよじって逃げます。"	"machine-draft"	"機械初訳・要確認"
"message.1actions.THIEF-MELEE.3744.01"	"突きの最中に体を変えると、泥棒はあなたを気絶させます\n小剣の柄で。"	"machine-draft"	"機械初訳・要確認"
"message.1actions.THIEF-MELEE.3746.01"	"泥棒があなたをノックアウトします。"	"machine-draft"	"機械初訳・要確認"
"message.1actions.THIEF-MELEE.3748.01"	"とどめを刺すと、泥棒はあなたの心臓に刃を突き刺します。"	"machine-draft"	"機械初訳・要確認"
"message.1actions.THIEF-MELEE.3749.01"	"泥棒が横から侵入し、フェイントをかけて刃物を差し込む\n肋骨に。"	"machine-draft"	"機械初訳・要確認"
"message.1actions.THIEF-MELEE.3751.01"	"泥棒は形式的にお辞儀をし、小剣を上げ、苦笑いしながら、\n戦いとあなたの人生を終わらせます。"	"machine-draft"	"機械初訳・要確認"
"message.1actions.THIEF-MELEE.3754.01"	"素早く突くと左腕がピンク色になり、血が流れ始める\n滴り落ちる。"	"machine-draft"	"機械初訳・要確認"
"message.1actions.THIEF-MELEE.3756.01"	"泥棒はあなたの腕に小剣を振りかけながら血を抜きます。"	"machine-draft"	"機械初訳・要確認"
"message.1actions.THIEF-MELEE.3757.01"	"スティレットは追えないほど速く点滅し、血が湧き出す\n足から。"	"machine-draft"	"機械初訳・要確認"
"message.1actions.THIEF-MELEE.3759.01"	"泥棒はゆっくりと近づき、蛇のように襲いかかり、立ち去ります。\nあなたは負傷しました。"	"machine-draft"	"機械初訳・要確認"
"message.1actions.THIEF-MELEE.3762.01"	"泥棒は蛇のように襲いかかる！結果として生じる傷は深刻です。"	"machine-draft"	"機械初訳・要確認"
"message.1actions.THIEF-MELEE.3763.01"	"泥棒はあなたの二の腕に深い切り傷を刺しました。"	"machine-draft"	"機械初訳・要確認"
"message.1actions.THIEF-MELEE.3764.01"	"ピンヒールが額に触れ、血があなたの体を覆い隠します。\nビジョン。"	"machine-draft"	"機械初訳・要確認"
"message.1actions.THIEF-MELEE.3766.01"	"泥棒があなたの手首を襲い、突然あなたのグリップが滑りやすくなります\n血と一緒に。"	"machine-draft"	"機械初訳・要確認"
"message.1actions.THIEF-MELEE.3769.01"	"彼の小剣の尻で頭蓋骨にひびが入り、あなたはよろめきます\n戻って。"	"machine-draft"	"機械初訳・要確認"
"message.1actions.THIEF-MELEE.3771.01"	"泥棒は刃の柄をあなたの胃に突き刺し、立ち去ります\n息切れしているあなた。"	"machine-draft"	"機械初訳・要確認"
"message.1actions.THIEF-MELEE.3773.01"	"泥棒が襲いかかってくるので、あなたは必死で後ずさりします。"	"machine-draft"	"機械初訳・要確認"
"message.1actions.THIEF-MELEE.3775.01"	"長くて演劇的なスラッシュ。あなたはそれを自分でキャッチします"	"machine-draft"	"機械初訳・要確認"
"message.1actions.THIEF-MELEE.3775.02"	"、しかし、\n泥棒はナイフをひねると、"	"machine-draft"	"機械初訳・要確認"
"message.1actions.THIEF-MELEE.3776.01"	"飛んでいきます。"	"machine-draft"	"機械初訳・要確認"
"message.1actions.THIEF-MELEE.3777.01"	"泥棒はあなたのものをきれいにひっくり返します"	"machine-draft"	"機械初訳・要確認"
"message.1actions.THIEF-MELEE.3777.02"	"あなたの手から離れると、それは落ちます\n床に。"	"machine-draft"	"機械初訳・要確認"
"message.1actions.THIEF-MELEE.3779.01"	"低い推力を受け流すと、"	"machine-draft"	"機械初訳・要確認"
"message.1actions.THIEF-MELEE.3779.02"	"手から滑り落ちます。"	"machine-draft"	"機械初訳・要確認"
"message.1actions.THIEF-MELEE.3781.01"	"泥棒は優れた血統を持った男で、あなたを仕留めるのが適切かどうかを少し考えます。"	"machine-draft"	"機械初訳・要確認"
"message.1actions.THIEF-MELEE.3782.01"	"泥棒はあなたのポケットを調べて面白がります。"	"machine-draft"	"機械初訳・要確認"
"message.1actions.THIEF-MELEE.3783.01"	"泥棒はあなたのパックにライフルを当てて楽しんでいます。"	"machine-draft"	"機械初訳・要確認"
"message.1actions.THIEF-MELEE.3785.01"	"泥棒は、本質的に上品な生い立ちを忘れて、あなたの体を切りつけます。\n喉。"	"machine-draft"	"機械初訳・要確認"
"message.1actions.THIEF-MELEE.3787.01"	"現実主義者の泥棒があなたを脅迫者として派遣します\n生計。"	"machine-draft"	"機械初訳・要確認"
"message.1actions.I-SWORD.3869.01"	"あなたの剣は非常に明るく輝き始めました。"	"machine-draft"	"機械初訳・要確認"
"message.1actions.I-SWORD.3871.01"	"あなたの剣は淡く青く光っています。"	"machine-draft"	"機械初訳・要確認"
"message.1actions.I-SWORD.3874.01"	"あなたの剣はもう光りません。"	"machine-draft"	"機械初訳・要確認"
"message.1actions.DROP-JUNK.3944.01"	"強盗はカバンを漁っていて、見つけたいくつかの物を落とした\n無価値。"	"machine-draft"	"機械初訳・要確認"
"message.1actions.STEAL-JUNK.3970.01"	"突然気づくと、"	"machine-draft"	"機械初訳・要確認"
"message.1actions.STEAL-JUNK.3971.01"	"消えた。"	"machine-draft"	"機械初訳・要確認"
"message.1actions.V-DIAGNOSE.3998.01"	"あなたは完全に健康です。"	"machine-draft"	"機械初訳・要確認"
"message.1actions.V-DIAGNOSE.4000.01"	"あなたは持っています"	"machine-draft"	"機械初訳・要確認"
"message.1actions.V-DIAGNOSE.4001.01"	"軽い傷、"	"machine-draft"	"機械初訳・要確認"
"message.1actions.V-DIAGNOSE.4002.01"	"深刻な傷、"	"machine-draft"	"機械初訳・要確認"
"message.1actions.V-DIAGNOSE.4003.01"	"いくつかの傷、"	"machine-draft"	"機械初訳・要確認"
"message.1actions.V-DIAGNOSE.4004.01"	"深刻な傷、"	"machine-draft"	"機械初訳・要確認"
"message.1actions.V-DIAGNOSE.4006.01"	"そのうち治るだろう"	"machine-draft"	"機械初訳・要確認"
"message.1actions.V-DIAGNOSE.4010.01"	"動きます。"	"machine-draft"	"機械初訳・要確認"
"message.1actions.V-DIAGNOSE.4012.01"	"できます"	"machine-draft"	"機械初訳・要確認"
"message.1actions.V-DIAGNOSE.4013.01"	"すぐに死ぬだろう"	"machine-draft"	"機械初訳・要確認"
"message.1actions.V-DIAGNOSE.4014.01"	"もう一つの軽い傷で死ぬだろう"	"machine-draft"	"機械初訳・要確認"
"message.1actions.V-DIAGNOSE.4015.01"	"重傷を負って死亡する"	"machine-draft"	"機械初訳・要確認"
"message.1actions.V-DIAGNOSE.4016.01"	"重傷を負っても生き残る"	"machine-draft"	"機械初訳・要確認"
"message.1actions.V-DIAGNOSE.4018.01"	"いくつかの傷を生き延びる"	"machine-draft"	"機械初訳・要確認"
"message.1actions.V-DIAGNOSE.4019.01"	"。"	"machine-draft"	"機械初訳・要確認"
"message.1actions.V-DIAGNOSE.4021.01"	"あなたは殺されました"	"machine-draft"	"機械初訳・要確認"
"message.1actions.V-DIAGNOSE.4022.01"	"一度"	"machine-draft"	"機械初訳・要確認"
"message.1actions.V-DIAGNOSE.4023.01"	"二度"	"machine-draft"	"機械初訳・要確認"
"message.1actions.V-DIAGNOSE.4024.01"	"。"	"machine-draft"	"機械初訳・要確認"
"message.1actions.V-SCORE.4028.01"	"あなたのスコアは"	"machine-draft"	"機械初訳・要確認"
"message.1actions.V-SCORE.4030.01"	"(合計 350 ポイント)、"	"machine-draft"	"機械初訳・要確認"
"message.1actions.V-SCORE.4032.01"	"動く。"	"machine-draft"	"機械初訳・要確認"
"message.1actions.V-SCORE.4032.02"	"動きます。"	"machine-draft"	"機械初訳・要確認"
"message.1actions.V-SCORE.4034.01"	"これにより、次のランクが得られます"	"machine-draft"	"機械初訳・要確認"
"message.1actions.V-SCORE.4035.01"	"マスター冒険者"	"machine-draft"	"機械初訳・要確認"
"message.1actions.V-SCORE.4036.01"	"ウィザード"	"machine-draft"	"機械初訳・要確認"
"message.1actions.V-SCORE.4037.01"	"マスター"	"machine-draft"	"機械初訳・要確認"
"message.1actions.V-SCORE.4038.01"	"冒険者"	"machine-draft"	"機械初訳・要確認"
"message.1actions.V-SCORE.4039.01"	"ジュニア冒険者"	"machine-draft"	"機械初訳・要確認"
"message.1actions.V-SCORE.4040.01"	"新米冒険者"	"machine-draft"	"機械初訳・要確認"
"message.1actions.V-SCORE.4041.01"	"アマチュア冒険家"	"machine-draft"	"機械初訳・要確認"
"message.1actions.V-SCORE.4042.01"	"初心者"	"machine-draft"	"機械初訳・要確認"
"message.1actions.V-SCORE.4043.01"	"。"	"machine-draft"	"機械初訳・要確認"
"message.1actions.JIGS-UP.4049.01"	"|\nすでに死んでいるのに殺されるには才能のある人が必要だ。あなたはそんな人です\n才能。残念ながら、それに対処するには才能のある人が必要です。\n私はそんな才能はありません。ごめん。"	"machine-draft"	"機械初訳・要確認"
"message.1actions.JIGS-UP.4056.01"	"不運ですね？"	"machine-draft"	"機械初訳・要確認"
"message.1actions.JIGS-UP.4059.01"	"|    **** あなたは亡くなりました ****\n|\n|"	"machine-draft"	"機械初訳・要確認"
"message.1actions.JIGS-UP.4068.01"	"あなたは明らかに自殺マニアです。  私たちは精神異常者を許可しません\n他の冒険者に危害を加える可能性があるため、洞窟内にある。  あなたの遺骨は\nリビングデッドの国に設置されています。\n冒険者たちは彼らをほくそ笑むかもしれない。"	"machine-draft"	"機械初訳・要確認"
"message.1actions.JIGS-UP.4078.01"	"最後に息を引き取るとき、あなたは重荷から解放されたと感じます。の\n地獄の門の前にいることに気づくと、感情は過ぎ去ります。\n霊はあなたを嘲笑し、あなたが入ることを拒否します。  あなたの感覚は\n動揺した。  ダンジョン内のオブジェクトは色褪せて不鮮明に見えます。\n非現実的でさえある色。"	"machine-draft"	"機械初訳・要確認"
"message.1actions.JIGS-UP.4091.01"	"さて、ここで見てみましょう...\nそうですね、あなたにはおそらくもう一度チャンスがあるはずです。  私はあなたを完全に直すことはできません\n完全にアップしますが、すべてを手に入れることはできません。"	"machine-draft"	"機械初訳・要確認"
"message.1actions.BAG-OF-COINS-F.4138.01"	"コイン"	"machine-draft"	"機械初訳・要確認"
"message.1actions.TRUNK-F.4141.01"	"宝石"	"machine-draft"	"機械初訳・要確認"
"message.1actions.STUPID-CONTAINER.4146.01"	"の"	"machine-draft"	"機械初訳・要確認"
"message.1actions.STUPID-CONTAINER.4146.02"	"安全に屋内にいます。そんな必要はありません。"	"machine-draft"	"機械初訳・要確認"
"message.1actions.STUPID-CONTAINER.4149.01"	"たくさんあります"	"machine-draft"	"機械初訳・要確認"
"message.1actions.STUPID-CONTAINER.4149.02"	"そこにある。"	"machine-draft"	"機械初訳・要確認"
"message.1actions.STUPID-CONTAINER.4152.01"	"ふざけるなよ。それはないだろう"	"machine-draft"	"機械初訳・要確認"
"message.1actions.STUPID-CONTAINER.4152.02"	"もう。"	"machine-draft"	"機械初訳・要確認"
"message.1actions.DUMB-CONTAINER.4156.01"	"そんなことはできません。"	"machine-draft"	"機械初訳・要確認"
"message.1actions.DUMB-CONTAINER.4158.01"	"それはかなり似ています"	"machine-draft"	"機械初訳・要確認"
"message.1actions.DUMB-CONTAINER.4158.02"	"。"	"machine-draft"	"機械初訳・要確認"
"message.1actions.GARLIC-F.4164.01"	"なんと！この方法では友達はできませんが、周りには誰もいません\nここはとにかくフレンドリーすぎる。ゴクゴク！"	"machine-draft"	"機械初訳・要確認"
"message.1actions.CHAIN-PSEUDO.4169.01"	"チェーンは安全です。"	"machine-draft"	"機械初訳・要確認"
"message.1actions.CHAIN-PSEUDO.4171.01"	"おそらく、バスケットに対してそうする必要があります。"	"machine-draft"	"機械初訳・要確認"
"message.1actions.CHAIN-PSEUDO.4173.01"	"チェーンはシャフト内にバスケットを固定します。"	"machine-draft"	"機械初訳・要確認"
"message.1dungeon.GRATING-EXIT.1405.01"	"格子が閉まっている！"	"machine-draft"	"機械初訳・要確認"
"message.1dungeon.GRATING-EXIT.1408.01"	"そんなことはできません。"	"machine-draft"	"機械初訳・要確認"
"message.1dungeon.CANYON-VIEW-F.2410.01"	"素晴らしい景色ですが、ジャンプするにはひどい場所です。"	"machine-draft"	"機械初訳・要確認"
"message.gglobals.NOT-HERE-OBJECT-F.56.01"	"そんなものはここにはありません！"	"machine-draft"	"機械初訳・要確認"
"message.gglobals.NOT-HERE-OBJECT-F.67.01"	"何も見えない"	"machine-draft"	"機械初訳・要確認"
"message.gglobals.NOT-HERE-OBJECT-F.69.01"	"ここです！"	"machine-draft"	"機械初訳・要確認"
"message.gglobals.NOT-HERE-OBJECT-F.71.01"	"の"	"machine-draft"	"機械初訳・要確認"
"message.gglobals.NOT-HERE-OBJECT-F.71.02"	"混乱しているようだ。 「何も見えない"	"machine-draft"	"機械初訳・要確認"
"message.gglobals.NOT-HERE-OBJECT-F.73.01"	"ここだよ！」"	"machine-draft"	"機械初訳・要確認"
"message.gglobals.STAIRS-F.113.01"	"上りたいか下りたいかを言う必要があります。"	"machine-draft"	"機械初訳・要確認"
"message.gglobals.SAILOR-FCN.126.01"	"そんなふうに船員と話すことはできません。"	"machine-draft"	"機械初訳・要確認"
"message.gglobals.SAILOR-FCN.135.01"	"船員の姿は見当たりません。"	"machine-draft"	"機械初訳・要確認"
"message.gglobals.SAILOR-FCN.157.01"	"あなたは同じことを繰り返しているようです。"	"machine-draft"	"機械初訳・要確認"
"message.gglobals.SAILOR-FCN.160.01"	"この言葉は少し使い古されてきていると思います。"	"machine-draft"	"機械初訳・要確認"
"message.gglobals.SAILOR-FCN.162.01"	"ここでは何も起こりません。"	"machine-draft"	"機械初訳・要確認"
"message.gglobals.GROUND-FUNCTION.182.01"	"ここを掘るには地面が硬すぎます。"	"machine-draft"	"機械初訳・要確認"
"message.gglobals.GRUE-FUNCTION.194.01"	"グルーは、世界の暗い場所に潜む邪悪な存在です。\n地球。好物は冒険家ですが、飽くなき性格です。\n食欲は光への恐怖によって抑えられます。グルーはこれまでにありませんでした\n日の光に照らされて、その恐ろしい顎から生き残った人はほとんどいません\n物語を語るために。"	"machine-draft"	"機械初訳・要確認"
"message.gglobals.GRUE-FUNCTION.201.01"	"ここには汚物はありませんが、少なくとも 1 つは潜んでいると確信しています\n近くの暗闇の中で。もし私だったら、光を消さないでしょう\nあなた！"	"machine-draft"	"機械初訳・要確認"
"message.gglobals.GRUE-FUNCTION.206.01"	"音は立てず、常に近くの暗闇に潜んでいます。"	"machine-draft"	"機械初訳・要確認"
"message.gglobals.CRETIN-FCN.226.01"	"独り言は精神崩壊が差し迫っている兆候だと言われています。"	"machine-draft"	"機械初訳・要確認"
"message.gglobals.CRETIN-FCN.232.01"	"それができるのはあなただけです。"	"machine-draft"	"機械初訳・要確認"
"message.gglobals.CRETIN-FCN.234.01"	"それは自分で行う必要があります。"	"machine-draft"	"機械初訳・要確認"
"message.gglobals.CRETIN-FCN.236.01"	"自己共食いは答えではありません。"	"machine-draft"	"機械初訳・要確認"
"message.gglobals.CRETIN-FCN.239.01"	"どうしても言いたいのなら… ふーん、死んでるよ！"	"machine-draft"	"機械初訳・要確認"
"message.gglobals.CRETIN-FCN.241.01"	"自殺は答えではありません。"	"machine-draft"	"機械初訳・要確認"
"message.gglobals.CRETIN-FCN.245.01"	"普通の人と同じように歩いてみませんか？"	"machine-draft"	"機械初訳・要確認"
"message.gglobals.CRETIN-FCN.247.01"	"なんてロマンチックなんでしょう！"	"machine-draft"	"機械初訳・要確認"
"message.gglobals.CRETIN-FCN.252.01"	"鏡に映るあなたの姿は疲れているように見えます。"	"machine-draft"	"機械初訳・要確認"
"message.gglobals.CRETIN-FCN.265.01"	"目がしっかりしていないと難しいですね。"	"machine-draft"	"機械初訳・要確認"
"message.gglobals.PATH-OBJECT.284.01"	"進む方向を指定する必要があります。"	"machine-draft"	"機械初訳・要確認"
"message.gglobals.PATH-OBJECT.286.01"	"そこではお手伝いできません…。"	"machine-draft"	"機械初訳・要確認"
"message.gglobals.PATH-OBJECT.288.01"	"チャンスではない。"	"machine-draft"	"機械初訳・要確認"
"message.gglobals.ZORKMID-FUNCTION.299.01"	"ゾークミッドは大地下帝国の通貨単位です。"	"machine-draft"	"機械初訳・要確認"
"message.gglobals.ZORKMID-FUNCTION.302.01"	"ゾークミッドを見つける最良の方法は、外に出て探すことです。"	"machine-draft"	"機械初訳・要確認"
"message.gmain.MAIN-LOOP-1.87.01"	"暗すぎて見えません。"	"machine-draft"	"機械初訳・要確認"
"message.gmain.MAIN-LOOP-1.89.01"	"何を指しているのかは明らかではありません。"	"machine-draft"	"機械初訳・要確認"
"message.gmain.MAIN-LOOP-1.99.01"	"の"	"machine-draft"	"機械初訳・要確認"
"message.gmain.MAIN-LOOP-1.101.01"	"その他"	"machine-draft"	"機械初訳・要確認"
"message.gmain.MAIN-LOOP-1.102.01"	"オブジェクト"	"machine-draft"	"機械初訳・要確認"
"message.gmain.MAIN-LOOP-1.104.01"	"s"	"format"	"英語複数形用の制御文字・要実装時再設計"
"message.gmain.MAIN-LOOP-1.105.01"	"あなたが言及したこと"	"machine-draft"	"機械初訳・要確認"
"message.gmain.MAIN-LOOP-1.107.01"	"いる"	"machine-draft"	"機械初訳・要確認"
"message.gmain.MAIN-LOOP-1.108.01"	"です"	"machine-draft"	"機械初訳・要確認"
"message.gmain.MAIN-LOOP-1.109.01"	"ここにはいないよ。"	"machine-draft"	"機械初訳・要確認"
"message.gmain.MAIN-LOOP-1.112.01"	"ここには持っていけるものは何もありません。"	"machine-draft"	"機械初訳・要確認"
"message.gmain.MAIN-LOOP-1.144.01"	":"	"machine-draft"	"機械初訳・要確認"
"message.gmain.(<GASSIGNED?.196.01"	"何を言っているのか分かりません。"	"machine-draft"	"機械初訳・要確認"
"message.gmain.(<GASSIGNED?.238.01"	"** 実行: PRSA ="	"machine-draft"	"機械初訳・要確認"
"message.gmain.(<GASSIGNED?.241.01"	"| PRSO ="	"format"	"デバッグ表示を保持"
"message.gmain.(<GASSIGNED?.242.01"	"| PRSI ="	"format"	"デバッグ表示を保持"
"message.gmain.(<GASSIGNED?.248.01"	"何を言っているのか分かりません。"	"machine-draft"	"機械初訳・要確認"
"message.gmain.(<GASSIGNED?.295.01"	"デフォルト ->"	"machine-draft"	"機械初訳・要確認"
"message.gmain.(<GASSIGNED?.296.01"	"  "	"format"	"表示用空白を保持"
"message.gmain.(<GASSIGNED?.296.02"	"->"	"machine-draft"	"機械初訳・要確認"
"message.gmain.(<GASSIGNED?.303.01"	"致命的"	"machine-draft"	"機械初訳・要確認"
"message.gmain.(<GASSIGNED?.305.01"	"取り扱いなし"	"machine-draft"	"機械初訳・要確認"
"message.gmain.(<GASSIGNED?.306.01"	"取り扱い済み"	"machine-draft"	"機械初訳・要確認"
"message.gmain.(<GASSIGNED?.310.01"	"["	"machine-draft"	"機械初訳・要確認"
"message.gmain.(<GASSIGNED?.310.02"	"=]"	"machine-draft"	"機械初訳・要確認"
"message.gparser.PARSER.152.01"	">"	"machine-draft"	"機械初訳・要確認"
"message.gparser.PARSER.155.01"	"ごめんなさい？"	"machine-draft"	"機械初訳・要確認"
"message.gparser.PARSER.162.01"	"あなたの不器用さはどうすることもできません。"	"machine-draft"	"機械初訳・要確認"
"message.gparser.PARSER.169.01"	"申し訳ありませんが、引用されたテキストの間違いを修正することはできません。"	"machine-draft"	"機械初訳・要確認"
"message.gparser.PARSER.173.01"	"警告: OOPS の後の最初の単語のみが使用されます。"	"machine-draft"	"機械初訳・要確認"
"message.gparser.PARSER.186.01"	"代わる言葉がなかった！"	"machine-draft"	"機械初訳・要確認"
"message.gparser.PARSER.194.01"	"ごめんなさい？"	"machine-draft"	"機械初訳・要確認"
"message.gparser.PARSER.197.01"	"断片を繰り返すのは難しいです。"	"machine-draft"	"機械初訳・要確認"
"message.gparser.PARSER.200.01"	"それでは間違いを繰り返すだけです。"	"machine-draft"	"機械初訳・要確認"
"message.gparser.PARSER.211.01"	"私はその文が理解できませんでした。"	"machine-draft"	"機械初訳・要確認"
"message.gparser.PARSER.332.01"	"その文には名詞が多すぎました。"	"machine-draft"	"機械初訳・要確認"
"message.gparser.PARSER.354.01"	"他の人と話す正しい方法については、マニュアルを参照してください。\nまたは生き物。"	"machine-draft"	"機械初訳・要確認"
"message.gparser.UNKNOWN-WORD.668.01"	"何も起こりません。"	"machine-draft"	"機械初訳・要確認"
"message.gparser.UNKNOWN-WORD.670.01"	"という言葉が分かりません」"	"machine-draft"	"機械初訳・要確認"
"message.gparser.UNKNOWN-WORD.673.01"	"」。"	"machine-draft"	"機械初訳・要確認"
"message.gparser.CANT-USE.679.01"	"何も起こりません。"	"machine-draft"	"機械初訳・要確認"
"message.gparser.CANT-USE.681.01"	"あなたは「」という言葉を使いました。"	"machine-draft"	"機械初訳・要確認"
"message.gparser.CANT-USE.684.01"	"「私には理解できない方法で。"	"machine-draft"	"機械初訳・要確認"
"message.gparser.SYNTAX-CHECK.710.01"	"その文には動詞がありませんでした！"	"machine-draft"	"機械初訳・要確認"
"message.gparser.SYNTAX-CHECK.734.01"	"その文は私が認識できるものではありません。"	"machine-draft"	"機械初訳・要確認"
"message.gparser.SYNTAX-CHECK.754.01"	"その質問には答えることができません。"	"machine-draft"	"機械初訳・要確認"
"message.gparser.SYNTAX-CHECK.760.01"	"何がしたいですか"	"machine-draft"	"機械初訳・要確認"
"message.gparser.SYNTAX-CHECK.762.01"	"伝える"	"machine-draft"	"機械初訳・要確認"
"message.gparser.SYNTAX-CHECK.769.01"	" "	"format"	"表示用空白を保持"
"message.gparser.SYNTAX-CHECK.774.01"	"?"	"machine-draft"	"機械初訳・要確認"
"message.gparser.CANT-ORPHAN.778.01"	"「分かりません！何のことですか？」"	"machine-draft"	"機械初訳・要確認"
"message.gparser.BUFFER-PRINT.827.01"	"、"	"machine-draft"	"機械初訳・要確認"
"message.gparser.BUFFER-PRINT.829.01"	" "	"format"	"表示用空白を保持"
"message.gparser.BUFFER-PRINT.840.01"	"の"	"machine-draft"	"機械初訳・要確認"
"message.gparser.PREP-PRINT.853.01"	" "	"format"	"表示用空白を保持"
"message.gparser.GWIM.911.01"	"("	"machine-draft"	"機械初訳・要確認"
"message.gparser.GWIM.916.01"	"の"	"machine-draft"	"機械初訳・要確認"
"message.gparser.GWIM.917.01"	" "	"format"	"表示用空白を保持"
"message.gparser.GWIM.919.01"	"あなたの手"	"machine-draft"	"機械初訳・要確認"
"message.gparser.GWIM.921.01"	"の"	"machine-draft"	"機械初訳・要確認"
"message.gparser.GWIM.922.01"	")"	"machine-draft"	"機械初訳・要確認"
"message.gparser.GWIM.924.01"	")"	"machine-draft"	"機械初訳・要確認"
"message.gparser.GET-OBJECT.1066.01"	"その文には名詞が欠けているようです。"	"machine-draft"	"機械初訳・要確認"
"message.gparser.GET-OBJECT.1085.01"	"（どうですか？"	"machine-draft"	"機械初訳・要確認"
"message.gparser.GET-OBJECT.1087.01"	"?)"	"machine-draft"	"機械初訳・要確認"
"message.gparser.GET-OBJECT.1114.01"	"その文には名詞が欠けているようです。"	"machine-draft"	"機械初訳・要確認"
"message.gparser.GET-OBJECT.1132.01"	"暗すぎて見えない！"	"machine-draft"	"機械初訳・要確認"
"message.gparser.WHICH-PRINT.1148.01"	"どれ"	"machine-draft"	"機械初訳・要確認"
"message.gparser.WHICH-PRINT.1155.01"	"つまり、"	"machine-draft"	"機械初訳・要確認"
"message.gparser.WHICH-PRINT.1159.01"	"の"	"machine-draft"	"機械初訳・要確認"
"message.gparser.WHICH-PRINT.1161.01"	"、"	"machine-draft"	"機械初訳・要確認"
"message.gparser.WHICH-PRINT.1162.01"	"または"	"machine-draft"	"機械初訳・要確認"
"message.gparser.WHICH-PRINT.1163.01"	"、"	"machine-draft"	"機械初訳・要確認"
"message.gparser.WHICH-PRINT.1165.01"	"?"	"machine-draft"	"機械初訳・要確認"
"message.gparser.ITAKE-CHECK.1261.01"	"何を言っているのかわかりません。"	"machine-draft"	"機械初訳・要確認"
"message.gparser.ITAKE-CHECK.1283.01"	"それはありません！"	"machine-draft"	"機械初訳・要確認"
"message.gparser.ITAKE-CHECK.1285.01"	"あなたは持っていません"	"machine-draft"	"機械初訳・要確認"
"message.gparser.ITAKE-CHECK.1287.01"	"。"	"machine-draft"	"機械初訳・要確認"
"message.gparser.ITAKE-CHECK.1291.01"	"(撮影)"	"machine-draft"	"機械初訳・要確認"
"message.gparser.MANY-CHECK.1302.01"	"複数使用することはできません"	"machine-draft"	"機械初訳・要確認"
"message.gparser.MANY-CHECK.1303.01"	"で"	"machine-draft"	"機械初訳・要確認"
"message.gparser.MANY-CHECK.1304.01"	""" でオブジェクトを直接指定します"	"machine-draft"	"機械初訳・要確認"
"message.gparser.MANY-CHECK.1306.01"	"伝える"	"machine-draft"	"機械初訳・要確認"
"message.gparser.MANY-CHECK.1311.01"	"」。"	"machine-draft"	"機械初訳・要確認"
"message.gverbs.V-VERBOSE.16.01"	"最大限の冗長性。"	"machine-draft"	"機械初訳・要確認"
"message.gverbs.V-BRIEF.21.01"	"簡単な説明。"	"machine-draft"	"機械初訳・要確認"
"message.gverbs.V-SUPER-BRIEF.25.01"	"超簡単な説明。"	"machine-draft"	"機械初訳・要確認"
"message.gverbs.V-INVENTORY.31.01"	"手ぶらです。"	"machine-draft"	"機械初訳・要確認"
"message.gverbs.FINISH.38.01"	"ゲームを最初からやり直しますか、保存したデータを復元しますか?\nゲームの位置、それともゲームのこのセッションを終了しますか?|\n(RESTART、RESTORE、または QUIT と入力):|\n>"	"machine-draft"	"機械初訳・要確認"
"message.gverbs.FINISH.46.01"	"失敗しました。"	"machine-draft"	"機械初訳・要確認"
"message.gverbs.FINISH.49.01"	"わかりました。"	"machine-draft"	"機械初訳・要確認"
"message.gverbs.FINISH.51.01"	"失敗しました。"	"machine-draft"	"機械初訳・要確認"
"message.gverbs.V-QUIT.58.01"	"ゲームを終了しますか? (Y は肯定):"	"machine-draft"	"機械初訳・要確認"
"message.gverbs.V-QUIT.61.01"	"わかりました。"	"machine-draft"	"機械初訳・要確認"
"message.gverbs.V-RESTART.65.01"	"再起動しますか? (Y は肯定):"	"machine-draft"	"機械初訳・要確認"
"message.gverbs.V-RESTART.67.01"	"再起動中。"	"machine-draft"	"機械初訳・要確認"
"message.gverbs.V-RESTART.69.01"	"失敗しました。"	"machine-draft"	"機械初訳・要確認"
"message.gverbs.V-RESTORE.73.01"	"わかりました。"	"machine-draft"	"機械初訳・要確認"
"message.gverbs.V-RESTORE.76.01"	"失敗しました。"	"machine-draft"	"機械初訳・要確認"
"message.gverbs.V-SAVE.80.01"	"わかりました。"	"machine-draft"	"機械初訳・要確認"
"message.gverbs.V-SAVE.82.01"	"失敗しました。"	"machine-draft"	"機械初訳・要確認"
"message.gverbs.V-SCRIPT.88.01"	"ここからは、とのやりとりの記録が始まります"	"machine-draft"	"機械初訳・要確認"
"message.gverbs.V-UNSCRIPT.93.01"	"とのやりとりの記録はここで終わります"	"machine-draft"	"機械初訳・要確認"
"message.gverbs.V-VERSION.100.01"	"ZORK I: 偉大な地下帝国|\nInfocom インタラクティブ フィクション - ファンタジー ストーリー|\n著作権 (c) 1981、1982、1983、1984、1985、1986"	"machine-draft"	"機械初訳・要確認"
"message.gverbs.V-VERSION.111.01"	"インフォコム株式会社の著作権はすべて留保されます。"	"machine-draft"	"機械初訳・要確認"
"message.gverbs.V-VERSION.112.01"	"ZORK は、インフォコム株式会社の登録商標です。\nリリース"	"machine-draft"	"機械初訳・要確認"
"message.gverbs.V-VERSION.115.01"	"/ シリアル番号"	"machine-draft"	"機械初訳・要確認"
"message.gverbs.V-VERIFY.124.01"	"ディスクを検証しています..."	"machine-draft"	"機械初訳・要確認"
"message.gverbs.V-VERIFY.126.01"	"ディスクは正しいです。"	"machine-draft"	"機械初訳・要確認"
"message.gverbs.V-VERIFY.128.01"	"** ディスク障害 **"	"machine-draft"	"機械初訳・要確認"
"message.gverbs.V-RANDOM.136.01"	"#RND への不正な呼び出し。"	"machine-draft"	"機械初訳・要確認"
"message.gverbs.V-ADVENT.154.01"	"虚ろな声が「バカ」と言う。"	"machine-draft"	"機械初訳・要確認"
"message.gverbs.V-ALARM.160.01"	"の"	"machine-draft"	"機械初訳・要確認"
"message.gverbs.V-ALARM.160.02"	"乱暴に起こされる。"	"machine-draft"	"機械初訳・要確認"
"message.gverbs.V-ALARM.166.01"	"彼はすっかり起きている、それとも気づいていないのか..."	"machine-draft"	"機械初訳・要確認"
"message.gverbs.V-ALARM.168.01"	"の"	"machine-draft"	"機械初訳・要確認"
"message.gverbs.V-ALARM.168.02"	"眠っていません。"	"machine-draft"	"機械初訳・要確認"
"message.gverbs.V-ANSWER.171.01"	"誰もあなたの答えを待っていないようです。"	"machine-draft"	"機械初訳・要確認"
"message.gverbs.V-ATTACK.179.01"	"変な人たちと知り合いだけど、"	"machine-draft"	"機械初訳・要確認"
"message.gverbs.V-ATTACK.179.02"	"?"	"machine-draft"	"機械初訳・要確認"
"message.gverbs.V-ATTACK.183.01"	"攻撃しようとしています"	"machine-draft"	"機械初訳・要確認"
"message.gverbs.V-ATTACK.183.02"	"素手でやるのは自殺行為だ。"	"machine-draft"	"機械初訳・要確認"
"message.gverbs.V-ATTACK.185.01"	"あなたはそれさえも持っていません"	"machine-draft"	"機械初訳・要確認"
"message.gverbs.V-ATTACK.185.02"	"。"	"machine-draft"	"機械初訳・要確認"
"message.gverbs.V-ATTACK.188.01"	"を攻撃しようとしています"	"machine-draft"	"機械初訳・要確認"
"message.gverbs.V-ATTACK.188.02"	"と"	"machine-draft"	"機械初訳・要確認"
"message.gverbs.V-ATTACK.188.03"	"自殺願望がある。"	"machine-draft"	"機械初訳・要確認"
"message.gverbs.V-BACK.196.01"	"申し訳ありませんが、私の記憶力は乏しいです。方向性を教えてください。"	"machine-draft"	"機械初訳・要確認"
"message.gverbs.V-BLAST.199.01"	"言葉を使って何かを爆発させることはできません。"	"machine-draft"	"機械初訳・要確認"
"message.gverbs.PRE-BOARD.211.01"	"の"	"machine-draft"	"機械初訳・要確認"
"message.gverbs.PRE-BOARD.211.02"	"乗車するには地上にいる必要があります。"	"machine-draft"	"機械初訳・要確認"
"message.gverbs.PRE-BOARD.213.01"	"あなたはすでにその中にいます"	"machine-draft"	"機械初訳・要確認"
"message.gverbs.PRE-BOARD.213.02"	"！"	"machine-draft"	"機械初訳・要確認"
"message.gverbs.PRE-BOARD.221.01"	"あなたには乗り方に関する理論があります"	"machine-draft"	"機械初訳・要確認"
"message.gverbs.PRE-BOARD.221.02"	"、もしかして？"	"machine-draft"	"機械初訳・要確認"
"message.gverbs.V-BOARD.225.01"	"あなたは今、"	"machine-draft"	"機械初訳・要確認"
"message.gverbs.V-BOARD.225.02"	"。"	"machine-draft"	"機械初訳・要確認"
"message.gverbs.V-BRUSH.234.01"	"あなたがそう望むなら、しかしその理由は天のみぞ知るです。"	"machine-draft"	"機械初訳・要確認"
"message.gverbs.V-BUG.238.01"	"バグ？これほど完璧なプログラムはありません。 （咳、咳）。"	"machine-draft"	"機械初訳・要確認"
"message.gverbs.TELL-NO-PRSI.241.01"	"何でとは言ってないよ！"	"machine-draft"	"機械初訳・要確認"
"message.gverbs.PRE-BURN.249.01"	"と"	"machine-draft"	"機械初訳・要確認"
"message.gverbs.PRE-BURN.249.02"	"??!?"	"machine-draft"	"機械初訳・要確認"
"message.gverbs.V-BURN.262.01"	"の"	"machine-draft"	"機械初訳・要確認"
"message.gverbs.V-BURN.264.01"	"発火します。残念ながら、あなたはそうでした"	"machine-draft"	"機械初訳・要確認"
"message.gverbs.V-BURN.266.01"	"で"	"machine-draft"	"機械初訳・要確認"
"message.gverbs.V-BURN.267.01"	"保持している"	"machine-draft"	"機械初訳・要確認"
"message.gverbs.V-BURN.268.01"	"それは当時です。"	"machine-draft"	"機械初訳・要確認"
"message.gverbs.V-BURN.272.01"	"の"	"machine-draft"	"機械初訳・要確認"
"message.gverbs.V-BURN.272.02"	"火がついて燃えてしまいます。"	"machine-draft"	"機械初訳・要確認"
"message.gverbs.V-BURN.274.01"	"燃やすことはできません"	"machine-draft"	"機械初訳・要確認"
"message.gverbs.V-BURN.274.02"	"。"	"machine-draft"	"機械初訳・要確認"
"message.gverbs.V-CHOMP.277.01"	"ばかばかしい！"	"machine-draft"	"機械初訳・要確認"
"message.gverbs.V-CLIMB-ON.298.01"	"上に登ることはできません"	"machine-draft"	"機械初訳・要確認"
"message.gverbs.V-CLIMB-ON.298.02"	"。"	"machine-draft"	"機械初訳・要確認"
"message.gverbs.V-CLIMB-UP.309.01"	"の"	"machine-draft"	"機械初訳・要確認"
"message.gverbs.V-CLIMB-UP.309.02"	"する"	"machine-draft"	"機械初訳・要確認"
"message.gverbs.V-CLIMB-UP.311.01"	"エス"	"machine-draft"	"機械初訳・要確認"
"message.gverbs.V-CLIMB-UP.312.01"	"リードしない"	"machine-draft"	"機械初訳・要確認"
"message.gverbs.V-CLIMB-UP.314.01"	"上へ"	"machine-draft"	"機械初訳・要確認"
"message.gverbs.V-CLIMB-UP.315.01"	"ダウン"	"machine-draft"	"機械初訳・要確認"
"message.gverbs.V-CLIMB-UP.316.01"	"区。"	"machine-draft"	"機械初訳・要確認"
"message.gverbs.V-CLIMB-UP.323.01"	"壁を登っても無駄だ。"	"machine-draft"	"機械初訳・要確認"
"message.gverbs.V-CLIMB-UP.329.01"	"ここには登れる木はありません。"	"machine-draft"	"機械初訳・要確認"
"message.gverbs.V-CLIMB-UP.332.01"	"そんなことはできません。"	"machine-draft"	"機械初訳・要確認"
"message.gverbs.V-CLIMB-UP.334.01"	"そんなことはできません！"	"machine-draft"	"機械初訳・要確認"
"message.gverbs.V-CLOSE.339.01"	"あなたは私にそれを行う方法を教えなければなりません"	"machine-draft"	"機械初訳・要確認"
"message.gverbs.V-CLOSE.339.02"	"。"	"machine-draft"	"機械初訳・要確認"
"message.gverbs.V-CLOSE.344.01"	"閉店しました。"	"machine-draft"	"機械初訳・要確認"
"message.gverbs.V-CLOSE.346.01"	"今は真っ暗です。"	"machine-draft"	"機械初訳・要確認"
"message.gverbs.V-CLOSE.349.01"	"すでに閉店しております。"	"machine-draft"	"機械初訳・要確認"
"message.gverbs.V-CLOSE.353.01"	"の"	"machine-draft"	"機械初訳・要確認"
"message.gverbs.V-CLOSE.353.02"	"現在は閉鎖されています。"	"machine-draft"	"機械初訳・要確認"
"message.gverbs.V-CLOSE.355.01"	"すでに閉店しております。"	"machine-draft"	"機械初訳・要確認"
"message.gverbs.V-CLOSE.357.01"	"それを閉じることはできません。"	"machine-draft"	"機械初訳・要確認"
"message.gverbs.V-COMMAND.361.01"	"の"	"machine-draft"	"機械初訳・要確認"
"message.gverbs.V-COMMAND.361.02"	"注意を払わない。"	"machine-draft"	"機械初訳・要確認"
"message.gverbs.V-COMMAND.363.01"	"それと話すことはできません！"	"machine-draft"	"機械初訳・要確認"
"message.gverbs.V-COUNT.367.01"	"そうですね、まず、あなたは Zork をプレイしています..."	"machine-draft"	"機械初訳・要確認"
"message.gverbs.V-COUNT.369.01"	"あなたは正気を失ってしまったのです。"	"machine-draft"	"機械初訳・要確認"
"message.gverbs.V-CROSS.372.01"	"それを越えることはできません！"	"machine-draft"	"機械初訳・要確認"
"message.gverbs.V-CURSES.377.01"	"この種の侮辱は役に立ちません。"	"machine-draft"	"機械初訳・要確認"
"message.gverbs.V-CURSES.379.01"	"なんと愚かなことでしょう！"	"machine-draft"	"機械初訳・要確認"
"message.gverbs.V-CURSES.382.01"	"こんな高級店でこんな言葉遣い！"	"machine-draft"	"機械初訳・要確認"
"message.gverbs.V-CUT.391.01"	"特にあなたがその中にいるのであれば、明るいアイデアではありません。"	"machine-draft"	"機械初訳・要確認"
"message.gverbs.V-CUT.394.01"	"あなたの熟練"	"machine-draft"	"機械初訳・要確認"
"message.gverbs.V-CUT.394.02"	"スマンシップがスライスする"	"machine-draft"	"機械初訳・要確認"
"message.gverbs.V-CUT.395.01"	"無数の細片となって吹き飛ばされる。"	"machine-draft"	"機械初訳・要確認"
"message.gverbs.V-CUT.398.01"	"の「最先端」"	"machine-draft"	"機械初訳・要確認"
"message.gverbs.V-CUT.398.02"	"十分ではありません。"	"machine-draft"	"機械初訳・要確認"
"message.gverbs.V-CUT.400.01"	"奇妙なコンセプト、切り口"	"machine-draft"	"機械初訳・要確認"
"message.gverbs.V-CUT.400.02"	"...."	"machine-draft"	"機械初訳・要確認"
"message.gverbs.V-DEFLATE.403.01"	"さあ、さあ！"	"machine-draft"	"機械初訳・要確認"
"message.gverbs.V-DIG.410.01"	"ここを掘る理由はありません。"	"machine-draft"	"機械初訳・要確認"
"message.gverbs.V-DIG.414.01"	"で掘る"	"machine-draft"	"機械初訳・要確認"
"message.gverbs.V-DIG.414.02"	"遅くて退屈です。"	"machine-draft"	"機械初訳・要確認"
"message.gverbs.V-DIG.416.01"	"で掘る"	"machine-draft"	"機械初訳・要確認"
"message.gverbs.V-DIG.416.02"	"愚かだ。"	"machine-draft"	"機械初訳・要確認"
"message.gverbs.V-DISEMBARK.424.01"	"あなたはその中にはいません!"	"machine-draft"	"機械初訳・要確認"
"message.gverbs.V-DISEMBARK.427.01"	"あなたは再び自分の足で立っています。"	"machine-draft"	"機械初訳・要確認"
"message.gverbs.V-DISEMBARK.431.01"	"ここから出たら致命的だということをあなたは理解しています。"	"machine-draft"	"機械初訳・要確認"
"message.gverbs.V-DISENCHANT.466.01"	"何も起こりません。"	"machine-draft"	"機械初訳・要確認"
"message.gverbs.V-DRINK-FROM.472.01"	"なんと奇妙なことでしょう！"	"machine-draft"	"機械初訳・要確認"
"message.gverbs.V-DROP.481.01"	"落とした。"	"machine-draft"	"機械初訳・要確認"
"message.gverbs.V-EAT.487.01"	"あなたはそれを保持していません。"	"machine-draft"	"機械初訳・要確認"
"message.gverbs.V-EAT.489.01"	"どうやってそれを飲めるのですか？"	"machine-draft"	"機械初訳・要確認"
"message.gverbs.V-EAT.491.01"	"ありがとうございました。それは本当に的を射たものでした。"	"machine-draft"	"機械初訳・要確認"
"message.gverbs.V-EAT.504.01"	"ここには水がありません。"	"machine-draft"	"機械初訳・要確認"
"message.gverbs.V-EAT.508.01"	"を保持している必要があります。"	"machine-draft"	"機械初訳・要確認"
"message.gverbs.V-EAT.508.02"	"まず。"	"machine-draft"	"機械初訳・要確認"
"message.gverbs.V-EAT.511.01"	"を開く必要があります。"	"machine-draft"	"機械初訳・要確認"
"message.gverbs.V-EAT.511.02"	"まず。"	"machine-draft"	"機械初訳・要確認"
"message.gverbs.V-EAT.516.01"	"私はそうは思わない"	"machine-draft"	"機械初訳・要確認"
"message.gverbs.V-EAT.516.02"	"あなたに同意するでしょう。"	"machine-draft"	"機械初訳・要確認"
"message.gverbs.HIT-SPOT.523.01"	"ありがとうございました。私はかなり喉が渇いていました（これまで話しているうちに、\nおそらく）。"	"machine-draft"	"機械初訳・要確認"
"message.gverbs.V-ECHO.536.01"	"..."	"machine-draft"	"機械初訳・要確認"
"message.gverbs.V-ECHO.545.01"	" "	"format"	"表示用空白を保持"
"message.gverbs.V-ECHO.546.01"	"エコーエコー..."	"machine-draft"	"機械初訳・要確認"
"message.gverbs.REMOVE-CAREFULLY.617.01"	"あなたは暗闇の中に取り残されます..."	"machine-draft"	"機械初訳・要確認"
"message.gverbs.V-EXAMINE.630.01"	"特別なことは何もありません"	"machine-draft"	"機械初訳・要確認"
"message.gverbs.V-EXAMINE.630.02"	"。"	"machine-draft"	"機械初訳・要確認"
"message.gverbs.V-EXORCISE.644.01"	"なんて奇妙なコンセプトでしょう！"	"machine-draft"	"機械初訳・要確認"
"message.gverbs.PRE-FILL.656.01"	"それを埋めるものは何もありません。"	"machine-draft"	"機械初訳・要確認"
"message.gverbs.V-FILL.673.01"	"それを埋めるものは何もありません。"	"machine-draft"	"機械初訳・要確認"
"message.gverbs.V-FILL.675.01"	"あなたはその方法を知っているかもしれませんが、私は知りません。"	"machine-draft"	"機械初訳・要確認"
"message.gverbs.V-FIND.680.01"	"そこから離れていないと仮定して、頭から 6 フィート以内\nどこかで。"	"machine-draft"	"機械初訳・要確認"
"message.gverbs.V-FIND.683.01"	"この辺のどこかにいるんですね..."	"machine-draft"	"機械初訳・要確認"
"message.gverbs.V-FIND.685.01"	"あなたはそれを見つけます。"	"machine-draft"	"機械初訳・要確認"
"message.gverbs.V-FIND.687.01"	"あなたはそれを持っています。"	"machine-draft"	"機械初訳・要確認"
"message.gverbs.V-FIND.691.01"	"ここです。"	"machine-draft"	"機械初訳・要確認"
"message.gverbs.V-FIND.693.01"	"の"	"machine-draft"	"機械初訳・要確認"
"message.gverbs.V-FIND.693.02"	"それはあります。"	"machine-draft"	"機械初訳・要確認"
"message.gverbs.V-FIND.695.01"	"それは上にあります"	"machine-draft"	"機械初訳・要確認"
"message.gverbs.V-FIND.695.02"	"。"	"machine-draft"	"機械初訳・要確認"
"message.gverbs.V-FIND.697.01"	"それは、"	"machine-draft"	"機械初訳・要確認"
"message.gverbs.V-FIND.697.02"	"。"	"machine-draft"	"機械初訳・要確認"
"message.gverbs.V-FIND.699.01"	"私を打ち負かします。"	"machine-draft"	"機械初訳・要確認"
"message.gverbs.V-FOLLOW.702.01"	"頭がおかしいよ！"	"machine-draft"	"機械初訳・要確認"
"message.gverbs.V-FROBOZZ.706.01"	"このダンジョンはFROBOZZ社が制作・所有・運営しています。"	"machine-draft"	"機械初訳・要確認"
"message.gverbs.PRE-GIVE.711.01"	"あなたはそれを持っていないので、それを言うのは簡単です"	"machine-draft"	"機械初訳・要確認"
"message.gverbs.PRE-GIVE.711.02"	"。"	"machine-draft"	"機械初訳・要確認"
"message.gverbs.V-GIVE.715.01"	"与えることはできません"	"machine-draft"	"機械初訳・要確認"
"message.gverbs.V-GIVE.715.02"	"に"	"machine-draft"	"機械初訳・要確認"
"message.gverbs.V-GIVE.715.03"	"！"	"machine-draft"	"機械初訳・要確認"
"message.gverbs.V-GIVE.717.01"	"の"	"machine-draft"	"機械初訳・要確認"
"message.gverbs.V-GIVE.717.02"	"丁重に拒否します。"	"machine-draft"	"機械初訳・要確認"
"message.gverbs.V-HATCH.720.01"	"奇妙な！"	"machine-draft"	"機械初訳・要確認"
"message.gverbs.V-HELLO.728.01"	"の"	"machine-draft"	"機械初訳・要確認"
"message.gverbs.V-HELLO.728.02"	"あなたに頭を下げて挨拶します。"	"machine-draft"	"機械初訳・要確認"
"message.gverbs.V-HELLO.731.01"	"統合失調症患者だけが人に「こんにちは」と言うのはよく知られた事実です。"	"machine-draft"	"機械初訳・要確認"
"message.gverbs.V-HELLO.732.01"	"。"	"machine-draft"	"機械初訳・要確認"
"message.gverbs.V-INCANT.752.01"	"呪文はかすかに反響しますが、他には何も起こりません。"	"machine-draft"	"機械初訳・要確認"
"message.gverbs.V-INFLATE.758.01"	"どうやってそれを膨らませることができますか？"	"machine-draft"	"機械初訳・要確認"
"message.gverbs.V-KICK.760.01"	"を蹴る"	"machine-draft"	"機械初訳・要確認"
"message.gverbs.V-KISS.763.01"	"もっと早く豚にキスしたい。"	"machine-draft"	"機械初訳・要確認"
"message.gverbs.V-KNOCK.767.01"	"誰も家にいない。"	"machine-draft"	"機械初訳・要確認"
"message.gverbs.V-KNOCK.769.01"	"なぜノックするのか"	"machine-draft"	"機械初訳・要確認"
"message.gverbs.V-KNOCK.769.02"	"?"	"machine-draft"	"機械初訳・要確認"
"message.gverbs.V-LAMP-OFF.774.01"	"もうオフになっています。"	"machine-draft"	"機械初訳・要確認"
"message.gverbs.V-LAMP-OFF.779.01"	"の"	"machine-draft"	"機械初訳・要確認"
"message.gverbs.V-LAMP-OFF.779.02"	"今はオフです。"	"machine-draft"	"機械初訳・要確認"
"message.gverbs.V-LAMP-OFF.781.01"	"今は真っ暗です。"	"machine-draft"	"機械初訳・要確認"
"message.gverbs.V-LAMP-OFF.783.01"	"それをオフにすることはできません。"	"machine-draft"	"機械初訳・要確認"
"message.gverbs.V-LAMP-ON.789.01"	"すでにオンになっています。"	"machine-draft"	"機械初訳・要確認"
"message.gverbs.V-LAMP-ON.792.01"	"の"	"machine-draft"	"機械初訳・要確認"
"message.gverbs.V-LAMP-ON.792.02"	"がオンになりました。"	"machine-draft"	"機械初訳・要確認"
"message.gverbs.V-LAMP-ON.799.01"	"焼きたい場合は、"	"machine-draft"	"機械初訳・要確認"
"message.gverbs.V-LAMP-ON.799.02"	"、そう言うべきです。"	"machine-draft"	"機械初訳・要確認"
"message.gverbs.V-LAMP-ON.801.01"	"それをオンにすることはできません。"	"machine-draft"	"機械初訳・要確認"
"message.gverbs.V-LAUNCH.806.01"	"「起動」と言って起動することはできません。"	"machine-draft"	"機械初訳・要確認"
"message.gverbs.V-LAUNCH.808.01"	"それはかなり奇妙です。"	"machine-draft"	"機械初訳・要確認"
"message.gverbs.V-LEAN-ON.811.01"	"疲れていますか？"	"machine-draft"	"機械初訳・要確認"
"message.gverbs.V-LEAP.818.01"	"の"	"machine-draft"	"機械初訳・要確認"
"message.gverbs.V-LEAP.818.02"	"飛び越えるには大きすぎます。"	"machine-draft"	"機械初訳・要確認"
"message.gverbs.V-LEAP.822.01"	"それは良いトリックでしょう。"	"machine-draft"	"機械初訳・要確認"
"message.gverbs.V-LEAP.829.01"	"ここは飛び降りるにはあまり安全な場所ではありませんでした。"	"machine-draft"	"機械初訳・要確認"
"message.gverbs.V-LEAP.834.01"	"慣れない大胆な偉業で、あなたはなんとか無事に足から着地することができました。\n自分自身を殺すこと。"	"machine-draft"	"機械初訳・要確認"
"message.gverbs.JUMPLOSS.846.01"	"飛び降りる前に見ておくべきだった。"	"machine-draft"	"機械初訳・要確認"
"message.gverbs.JUMPLOSS.847.01"	"映画の中では、あなたの人生が目の前で過ぎ去っていきます。"	"machine-draft"	"機械初訳・要確認"
"message.gverbs.JUMPLOSS.848.01"	"ジェロニモ…"	"machine-draft"	"機械初訳・要確認"
"message.gverbs.V-LISTEN.853.01"	"の"	"machine-draft"	"機械初訳・要確認"
"message.gverbs.V-LISTEN.853.02"	"音が出ない。"	"machine-draft"	"機械初訳・要確認"
"message.gverbs.V-LOCK.856.01"	"うまくいかないようです。"	"machine-draft"	"機械初訳・要確認"
"message.gverbs.V-LOOK-BEHIND.863.01"	"背後には何もありません"	"machine-draft"	"機械初訳・要確認"
"message.gverbs.V-LOOK-BEHIND.863.02"	"。"	"machine-draft"	"機械初訳・要確認"
"message.gverbs.V-LOOK-INSIDE.869.01"	"の"	"machine-draft"	"機械初訳・要確認"
"message.gverbs.V-LOOK-INSIDE.869.02"	"開いていますが、その先に何があるのかわかりません。"	"machine-draft"	"機械初訳・要確認"
"message.gverbs.V-LOOK-INSIDE.871.01"	"の"	"machine-draft"	"機械初訳・要確認"
"message.gverbs.V-LOOK-INSIDE.871.02"	"は閉まっています。"	"machine-draft"	"機械初訳・要確認"
"message.gverbs.V-LOOK-INSIDE.875.01"	"特別に見るべきものは何もありません。"	"machine-draft"	"機械初訳・要確認"
"message.gverbs.V-LOOK-INSIDE.886.01"	"の"	"machine-draft"	"機械初訳・要確認"
"message.gverbs.V-LOOK-INSIDE.886.02"	"は空です。"	"machine-draft"	"機械初訳・要確認"
"message.gverbs.V-LOOK-INSIDE.888.01"	"の"	"machine-draft"	"機械初訳・要確認"
"message.gverbs.V-LOOK-INSIDE.888.02"	"は閉まっています。"	"machine-draft"	"機械初訳・要確認"
"message.gverbs.V-LOOK-INSIDE.890.01"	"中を見ることはできません"	"machine-draft"	"機械初訳・要確認"
"message.gverbs.V-LOOK-INSIDE.890.02"	"。"	"machine-draft"	"機械初訳・要確認"
"message.gverbs.V-LOOK-ON.897.01"	"見てください"	"machine-draft"	"機械初訳・要確認"
"message.gverbs.V-LOOK-ON.897.02"	"???"	"machine-draft"	"機械初訳・要確認"
"message.gverbs.V-LOOK-UNDER.900.01"	"そこには塵しかありません。"	"machine-draft"	"機械初訳・要確認"
"message.gverbs.V-LOWER.902.01"	"このようにして遊ぶと、"	"machine-draft"	"機械初訳・要確認"
"message.gverbs.V-MAKE.905.01"	"そんなことはできません。"	"machine-draft"	"機械初訳・要確認"
"message.gverbs.V-MELT.908.01"	"それは明らかではありません"	"machine-draft"	"機械初訳・要確認"
"message.gverbs.V-MELT.908.02"	"溶かすことができる。"	"machine-draft"	"機械初訳・要確認"
"message.gverbs.PRE-MOVE.912.01"	"あなたは十分に熟練したジャグラーではありません。"	"machine-draft"	"機械初訳・要確認"
"message.gverbs.V-MOVE.916.01"	"を移動する"	"machine-draft"	"機械初訳・要確認"
"message.gverbs.V-MOVE.916.02"	"何も明らかにしません。"	"machine-draft"	"機械初訳・要確認"
"message.gverbs.V-MOVE.918.01"	"移動することはできません"	"machine-draft"	"機械初訳・要確認"
"message.gverbs.V-MOVE.918.02"	"。"	"machine-draft"	"機械初訳・要確認"
"message.gverbs.V-MUMBLE.921.01"	"私に話を聞いてもらいたいなら、声を上げてください！"	"machine-draft"	"機械初訳・要確認"
"message.gverbs.PRE-MUNG.931.01"	"を破壊しようとしています"	"machine-draft"	"機械初訳・要確認"
"message.gverbs.PRE-MUNG.931.02"	"と"	"machine-draft"	"機械初訳・要確認"
"message.gverbs.PRE-MUNG.933.01"	"あなたの素手"	"machine-draft"	"機械初訳・要確認"
"message.gverbs.PRE-MUNG.935.01"	"ある"	"machine-draft"	"機械初訳・要確認"
"message.gverbs.PRE-MUNG.936.01"	"無駄です。"	"machine-draft"	"機械初訳・要確認"
"message.gverbs.V-MUNG.943.01"	"いい試みだ。"	"machine-draft"	"機械初訳・要確認"
"message.gverbs.V-ODYSSEUS.953.01"	"サイクロプスは父親の宿敵の名前を聞いて部屋から逃げ出す\n部屋の東側の壁を倒します。"	"machine-draft"	"機械初訳・要確認"
"message.gverbs.V-ODYSSEUS.961.01"	"彼は船員ではなかったのですか？"	"machine-draft"	"機械初訳・要確認"
"message.gverbs.V-OIL.964.01"	"あなたもおそらくガソリンタンクにほうれん草を入れているでしょう。"	"machine-draft"	"機械初訳・要確認"
"message.gverbs.V-OPEN.970.01"	"すでにオープンしています。"	"machine-draft"	"機械初訳・要確認"
"message.gverbs.V-OPEN.975.01"	"開封しました。"	"machine-draft"	"機械初訳・要確認"
"message.gverbs.V-OPEN.980.01"	"の"	"machine-draft"	"機械初訳・要確認"
"message.gverbs.V-OPEN.980.02"	"が開きます。"	"machine-draft"	"機械初訳・要確認"
"message.gverbs.V-OPEN.983.01"	"開く"	"machine-draft"	"機械初訳・要確認"
"message.gverbs.V-OPEN.983.02"	"明らかにする"	"machine-draft"	"機械初訳・要確認"
"message.gverbs.V-OPEN.985.01"	"。"	"machine-draft"	"機械初訳・要確認"
"message.gverbs.V-OPEN.988.01"	"すでにオープンしています。"	"machine-draft"	"機械初訳・要確認"
"message.gverbs.V-OPEN.990.01"	"の"	"machine-draft"	"機械初訳・要確認"
"message.gverbs.V-OPEN.990.02"	"が開きます。"	"machine-draft"	"機械初訳・要確認"
"message.gverbs.V-OPEN.994.01"	"あなたは私にそれを行う方法を教えなければなりません"	"machine-draft"	"機械初訳・要確認"
"message.gverbs.V-OPEN.994.02"	"。"	"machine-draft"	"機械初訳・要確認"
"message.gverbs.V-OVERBOARD.1001.01"	"アホイ --"	"machine-draft"	"機械初訳・要確認"
"message.gverbs.V-OVERBOARD.1001.02"	"船外！"	"machine-draft"	"機械初訳・要確認"
"message.gverbs.V-OVERBOARD.1003.01"	"あなたは何にも関与していないのです！"	"machine-draft"	"機械初訳・要確認"
"message.gverbs.V-OVERBOARD.1009.01"	"え？"	"machine-draft"	"機械初訳・要確認"
"message.gverbs.V-PICK.1011.01"	"それを選ぶことはできません。"	"machine-draft"	"機械初訳・要確認"
"message.gverbs.V-PLAY.1016.01"	"あなたはその役割にとても夢中になります。"	"machine-draft"	"機械初訳・要確認"
"message.gverbs.V-PLAY.1016.02"	"それ\n彼がやったように、あなたも自殺するのです！"	"machine-draft"	"機械初訳・要確認"
"message.gverbs.V-PLAY.1018.01"	""	"format"	"原文が空文字列"
"message.gverbs.V-PLAY.1019.01"	"それはばかげています！"	"machine-draft"	"機械初訳・要確認"
"message.gverbs.V-PLUG.1022.01"	"これは効果がありません。"	"machine-draft"	"機械初訳・要確認"
"message.gverbs.V-POUR-ON.1028.01"	"の"	"machine-draft"	"機械初訳・要確認"
"message.gverbs.V-POUR-ON.1028.02"	"消火されます。"	"machine-draft"	"機械初訳・要確認"
"message.gverbs.V-POUR-ON.1037.01"	"水が上にこぼれる"	"machine-draft"	"機械初訳・要確認"
"message.gverbs.V-POUR-ON.1037.02"	"、床に落ちて蒸発します。"	"machine-draft"	"機械初訳・要確認"
"message.gverbs.V-POUR-ON.1044.01"	"それを注ぐことはできません。"	"machine-draft"	"機械初訳・要確認"
"message.gverbs.V-PRAY.1054.01"	"十分に祈っていれば、祈りは聞き届けられるかもしれません。"	"machine-draft"	"機械初訳・要確認"
"message.gverbs.V-PUMP.1059.01"	"でポンプアップします"	"machine-draft"	"機械初訳・要確認"
"message.gverbs.V-PUMP.1059.02"	"?"	"machine-draft"	"機械初訳・要確認"
"message.gverbs.V-PUMP.1068.01"	"実際のところ、その方法は明らかではありません。"	"machine-draft"	"機械初訳・要確認"
"message.gverbs.V-PUSH.1070.01"	"を押す"	"machine-draft"	"機械初訳・要確認"
"message.gverbs.V-PUSH-TO.1073.01"	"物事をそこまで押し付けることはできません。"	"machine-draft"	"機械初訳・要確認"
"message.gverbs.V-PUT.1090.01"	"そんなことはできません。"	"machine-draft"	"機械初訳・要確認"
"message.gverbs.V-PUT.1093.01"	"の"	"machine-draft"	"機械初訳・要確認"
"message.gverbs.V-PUT.1093.02"	"開いていません。"	"machine-draft"	"機械初訳・要確認"
"message.gverbs.V-PUT.1096.01"	"どうすればそんなことができるのでしょうか？"	"machine-draft"	"機械初訳・要確認"
"message.gverbs.V-PUT.1098.01"	"の"	"machine-draft"	"機械初訳・要確認"
"message.gverbs.V-PUT.1098.02"	"すでに入っています"	"machine-draft"	"機械初訳・要確認"
"message.gverbs.V-PUT.1098.03"	"。"	"machine-draft"	"機械初訳・要確認"
"message.gverbs.V-PUT.1102.01"	"余地がない。"	"machine-draft"	"機械初訳・要確認"
"message.gverbs.V-PUT.1105.01"	"あなたは持っていません"	"machine-draft"	"機械初訳・要確認"
"message.gverbs.V-PUT.1105.02"	"。"	"machine-draft"	"機械初訳・要確認"
"message.gverbs.V-PUT.1114.01"	"完了しました。"	"machine-draft"	"機械初訳・要確認"
"message.gverbs.V-PUT-BEHIND.1117.01"	"その隠れ場所はあまりにも明白です。"	"machine-draft"	"機械初訳・要確認"
"message.gverbs.V-PUT-ON.1126.01"	"良い表面がありません"	"machine-draft"	"機械初訳・要確認"
"message.gverbs.V-PUT-ON.1126.02"	"。"	"machine-draft"	"機械初訳・要確認"
"message.gverbs.V-PUT-UNDER.1129.01"	"そんなことはできません。"	"machine-draft"	"機械初訳・要確認"
"message.gverbs.V-RAPE.1135.01"	"なんて（エヘン！）奇妙なアイデアでしょう。"	"machine-draft"	"機械初訳・要確認"
"message.gverbs.PRE-READ.1139.01"	"暗いところでは読むことは不可能です。"	"machine-draft"	"機械初訳・要確認"
"message.gverbs.PRE-READ.1141.01"	"人はどうやって物事を見るのか"	"machine-draft"	"機械初訳・要確認"
"message.gverbs.PRE-READ.1141.02"	"?"	"machine-draft"	"機械初訳・要確認"
"message.gverbs.V-READ.1145.01"	"どうやって読むのですか"	"machine-draft"	"機械初訳・要確認"
"message.gverbs.V-READ.1145.02"	"?"	"machine-draft"	"機械初訳・要確認"
"message.gverbs.V-REPENT.1154.01"	"もう手遅れになる可能性も十分にあります。"	"machine-draft"	"機械初訳・要確認"
"message.gverbs.V-REPLY.1157.01"	"可能性はほとんどありません。"	"machine-draft"	"機械初訳・要確認"
"message.gverbs.V-REPLY.1157.02"	"興味があります。"	"machine-draft"	"機械初訳・要確認"
"message.gverbs.V-RING.1163.01"	"正確にどうやってそれを鳴らすことができますか？"	"machine-draft"	"機械初訳・要確認"
"message.gverbs.V-RUB.1165.01"	"をいじる"	"machine-draft"	"機械初訳・要確認"
"message.gverbs.V-SAY.1185.01"	"何を言いますか？"	"machine-draft"	"機械初訳・要確認"
"message.gverbs.V-SAY.1189.01"	"対処する必要があります"	"machine-draft"	"機械初訳・要確認"
"message.gverbs.V-SAY.1189.02"	"直接的に。"	"machine-draft"	"機械初訳・要確認"
"message.gverbs.V-SAY.1194.01"	"独り言は精神崩壊が差し迫っている兆候です。"	"machine-draft"	"機械初訳・要確認"
"message.gverbs.V-SEARCH.1198.01"	"何も珍しいものは見つかりません。"	"machine-draft"	"機械初訳・要確認"
"message.gverbs.V-SEND.1202.01"	"なぜ送りますか"	"machine-draft"	"機械初訳・要確認"
"message.gverbs.V-SEND.1202.02"	"?"	"machine-draft"	"機械初訳・要確認"
"message.gverbs.V-SEND.1204.01"	"それは送信を行いません。"	"machine-draft"	"機械初訳・要確認"
"message.gverbs.V-SGIVE.1211.01"	"フー！"	"machine-draft"	"機械初訳・要確認"
"message.gverbs.V-SHAKE.1215.01"	"これは効果がないようです。"	"machine-draft"	"機械初訳・要確認"
"message.gverbs.V-SHAKE.1217.01"	"それは受け入れられません。したがって、それを振ることはできません。"	"machine-draft"	"機械初訳・要確認"
"message.gverbs.V-SHAKE.1222.01"	"の内容は、"	"machine-draft"	"機械初訳・要確認"
"message.gverbs.V-SHAKE.1222.02"	"こぼれる"	"machine-draft"	"機械初訳・要確認"
"message.gverbs.V-SHAKE.1227.01"	"出て消える"	"machine-draft"	"機械初訳・要確認"
"message.gverbs.V-SHAKE.1229.01"	"地面に"	"machine-draft"	"機械初訳・要確認"
"message.gverbs.V-SHAKE.1230.01"	"。"	"machine-draft"	"機械初訳・要確認"
"message.gverbs.V-SHAKE.1232.01"	"震えた。"	"machine-draft"	"機械初訳・要確認"
"message.gverbs.V-SHAKE.1236.01"	"中に何か入っているような気がします"	"machine-draft"	"機械初訳・要確認"
"message.gverbs.V-SHAKE.1236.02"	"。"	"machine-draft"	"機械初訳・要確認"
"message.gverbs.V-SHAKE.1238.01"	"の"	"machine-draft"	"機械初訳・要確認"
"message.gverbs.V-SHAKE.1238.02"	"空っぽに聞こえます。"	"machine-draft"	"機械初訳・要確認"
"message.gverbs.V-SHAKE.1240.01"	"震えた。"	"machine-draft"	"機械初訳・要確認"
"message.gverbs.WHEEEEE.1273.01"	"とても良いです。これで２年生に進むことができます。"	"machine-draft"	"機械初訳・要確認"
"message.gverbs.WHEEEEE.1274.01"	"楽しんでいますか？"	"machine-draft"	"機械初訳・要確認"
"message.gverbs.WHEEEEE.1275.01"	"ひぃぃぃぃぃぃぃ！！！！"	"machine-draft"	"機械初訳・要確認"
"message.gverbs.WHEEEEE.1276.01"	"私が拍手することを期待していますか？"	"machine-draft"	"機械初訳・要確認"
"message.gverbs.V-SMELL.1279.01"	"のような匂いがする"	"machine-draft"	"機械初訳・要確認"
"message.gverbs.V-SMELL.1279.02"	"。"	"machine-draft"	"機械初訳・要確認"
"message.gverbs.V-SPIN.1282.01"	"それは回せないよ！"	"machine-draft"	"機械初訳・要確認"
"message.gverbs.V-SQUEEZE.1289.01"	"の"	"machine-draft"	"機械初訳・要確認"
"message.gverbs.V-SQUEEZE.1289.02"	"これを理解していません。"	"machine-draft"	"機械初訳・要確認"
"message.gverbs.V-SQUEEZE.1291.01"	"まったく役に立たない。"	"machine-draft"	"機械初訳・要確認"
"message.gverbs.V-STAB.1303.01"	"間違いなくあなたは刺すことを提案しています"	"machine-draft"	"機械初訳・要確認"
"message.gverbs.V-STAB.1303.02"	"小指で？"	"machine-draft"	"機械初訳・要確認"
"message.gverbs.V-STAND.1310.01"	"もう立っていると思います。"	"machine-draft"	"機械初訳・要確認"
"message.gverbs.V-STAY.1313.01"	"私なしではあなたは道に迷ってしまうでしょう！"	"machine-draft"	"機械初訳・要確認"
"message.gverbs.V-STRIKE.1318.01"	"白兵戦に慣れていないので、攻撃したほうがよいでしょう。"	"machine-draft"	"機械初訳・要確認"
"message.gverbs.V-STRIKE.1319.01"	"武器を持って。"	"machine-draft"	"機械初訳・要確認"
"message.gverbs.V-SWIM.1328.01"	"通常は遊泳禁止ですが、"	"machine-draft"	"機械初訳・要確認"
"message.gverbs.V-SWIM.1330.01"	"。"	"machine-draft"	"機械初訳・要確認"
"message.gverbs.V-SWIM.1332.01"	"ダンジョン。"	"machine-draft"	"機械初訳・要確認"
"message.gverbs.V-SWIM.1345.01"	"湖に飛び込んでみよう！"	"machine-draft"	"機械初訳・要確認"
"message.gverbs.V-SWING.1349.01"	"シューッ！"	"machine-draft"	"機械初訳・要確認"
"message.gverbs.PRE-TAKE.1356.01"	"あなたはすでにそれを着ています。"	"machine-draft"	"機械初訳・要確認"
"message.gverbs.PRE-TAKE.1358.01"	"あなたはすでにそれを持っています！"	"machine-draft"	"機械初訳・要確認"
"message.gverbs.PRE-TAKE.1362.01"	"密閉された容器の中のものには手が届きません。"	"machine-draft"	"機械初訳・要確認"
"message.gverbs.PRE-TAKE.1375.01"	"の"	"machine-draft"	"機械初訳・要確認"
"message.gverbs.PRE-TAKE.1375.02"	"には入っていない"	"machine-draft"	"機械初訳・要確認"
"message.gverbs.PRE-TAKE.1375.03"	"。"	"machine-draft"	"機械初訳・要確認"
"message.gverbs.PRE-TAKE.1380.01"	"あなたはその中にいます！"	"machine-draft"	"機械初訳・要確認"
"message.gverbs.V-TAKE.1385.01"	"あなたが今着ているのは、"	"machine-draft"	"機械初訳・要確認"
"message.gverbs.V-TAKE.1385.02"	"。"	"machine-draft"	"機械初訳・要確認"
"message.gverbs.V-TAKE.1387.01"	"撮影されました。"	"machine-draft"	"機械初訳・要確認"
"message.gverbs.V-TELL.1395.01"	"の"	"machine-draft"	"機械初訳・要確認"
"message.gverbs.V-TELL.1396.01"	"おそらくもう一度読み直すべきだと思って、少し立ち止まる\nマニュアル。"	"machine-draft"	"機械初訳・要確認"
"message.gverbs.V-TELL.1399.01"	"と話すことはできません"	"machine-draft"	"機械初訳・要確認"
"message.gverbs.V-TELL.1399.02"	"！"	"machine-draft"	"機械初訳・要確認"
"message.gverbs.V-THROUGH.1439.01"	"あなたは頭をぶつけました"	"machine-draft"	"機械初訳・要確認"
"message.gverbs.V-THROUGH.1439.02"	"この偉業を試みるとき、"	"machine-draft"	"機械初訳・要確認"
"message.gverbs.V-THROUGH.1441.01"	"それはかなりの歪みを伴うでしょう！"	"machine-draft"	"機械初訳・要確認"
"message.gverbs.V-THROW.1449.01"	"素晴らしい投球です！の"	"machine-draft"	"機械初訳・要確認"
"message.gverbs.V-THROW.1451.01"	"頭を直撃する。通常、\n大きな被害にはなりませんが、信じられないほどの偶然で転倒してしまいます\n後ろ向きに身をかがめて首を折ろうとする、正義は迅速であり、\n大地下帝国では慈悲深い。"	"machine-draft"	"機械初訳・要確認"
"message.gverbs.V-THROW.1457.01"	"の"	"machine-draft"	"機械初訳・要確認"
"message.gverbs.V-THROW.1457.02"	"アヒルとして"	"machine-draft"	"機械初訳・要確認"
"message.gverbs.V-THROW.1457.03"	"飛んできて地面に激突する。"	"machine-draft"	"機械初訳・要確認"
"message.gverbs.V-THROW.1459.01"	"投げられた。"	"machine-draft"	"機械初訳・要確認"
"message.gverbs.V-THROW.1460.01"	"え？"	"machine-draft"	"機械初訳・要確認"
"message.gverbs.V-THROW-OFF.1463.01"	"そこから何も捨てることはできません！"	"machine-draft"	"機械初訳・要確認"
"message.gverbs.V-TIE.1467.01"	"何も自分自身に結び付けることはできません。"	"machine-draft"	"機械初訳・要確認"
"message.gverbs.V-TIE.1469.01"	"結ぶことはできません"	"machine-draft"	"機械初訳・要確認"
"message.gverbs.V-TIE.1469.02"	"それに。"	"machine-draft"	"機械初訳・要確認"
"message.gverbs.V-TIE-UP.1472.01"	"それを結びつけることは決してできません。"	"machine-draft"	"機械初訳・要確認"
"message.gverbs.V-TREASURE.1486.01"	"何も起こりません。"	"machine-draft"	"機械初訳・要確認"
"message.gverbs.PRE-TURN.1501.01"	"素手では十分ではないようです。"	"machine-draft"	"機械初訳・要確認"
"message.gverbs.PRE-TURN.1503.01"	"それを変えることはできません!"	"machine-draft"	"機械初訳・要確認"
"message.gverbs.V-TURN.1506.01"	"これは効果がありません。"	"machine-draft"	"機械初訳・要確認"
"message.gverbs.V-UNTIE.1512.01"	"これは結べないから解けない！"	"machine-draft"	"機械初訳・要確認"
"message.gverbs.V-WAIT.1515.01"	"時間が経つ…"	"machine-draft"	"機械初訳・要確認"
"message.gverbs.V-WALK.1548.01"	"そんなことはできません。"	"machine-draft"	"機械初訳・要確認"
"message.gverbs.V-WALK.1557.01"	"の"	"machine-draft"	"機械初訳・要確認"
"message.gverbs.V-WALK.1557.02"	"は閉まっています。"	"machine-draft"	"機械初訳・要確認"
"message.gverbs.V-WALK.1566.01"	"暗闇の中で異音が響き、そこには出口はない\n方向。"	"machine-draft"	"機械初訳・要確認"
"message.gverbs.V-WALK.1578.01"	"ああ、いや！あなたは潜んでいるグルーの奴隷的な牙に足を踏み入れました!"	"machine-draft"	"機械初訳・要確認"
"message.gverbs.V-WALK.1580.01"	"そんなことはできません。"	"machine-draft"	"機械初訳・要確認"
"message.gverbs.V-WALK-AROUND.1584.01"	"移動にはコンパスの方向を使用します。"	"machine-draft"	"機械初訳・要確認"
"message.gverbs.V-WALK-TO.1590.01"	"ここだよ！"	"machine-draft"	"機械初訳・要確認"
"message.gverbs.V-WALK-TO.1592.01"	"指示を与える必要があります。"	"machine-draft"	"機械初訳・要確認"
"message.gverbs.V-WAVE.1595.01"	"を振って"	"machine-draft"	"機械初訳・要確認"
"message.gverbs.V-WEAR.1599.01"	"着用することはできません"	"machine-draft"	"機械初訳・要確認"
"message.gverbs.V-WEAR.1599.02"	"。"	"machine-draft"	"機械初訳・要確認"
"message.gverbs.V-WIN.1605.01"	"当然です！"	"machine-draft"	"機械初訳・要確認"
"message.gverbs.V-WIND.1608.01"	"巻き上げることはできません"	"machine-draft"	"機械初訳・要確認"
"message.gverbs.V-WIND.1608.02"	"。"	"machine-draft"	"機械初訳・要確認"
"message.gverbs.V-WISH.1614.01"	"運が良ければ、あなたの願いは叶うでしょう。"	"machine-draft"	"機械初訳・要確認"
"message.gverbs.V-YELL.1616.01"	"ああああああああああ！"	"machine-draft"	"機械初訳・要確認"
"message.gverbs.V-ZORK.1618.01"	"ぜひご利用ください！"	"machine-draft"	"機械初訳・要確認"
"message.gverbs.DESCRIBE-ROOM.1638.01"	"真っ黒です。"	"machine-draft"	"機械初訳・要確認"
"message.gverbs.DESCRIBE-ROOM.1640.01"	"グルーに食べられる可能性があります。"	"machine-draft"	"機械初訳・要確認"
"message.gverbs.DESCRIBE-ROOM.1662.01"	"、で"	"machine-draft"	"機械初訳・要確認"
"message.gverbs.DESCRIBE-OBJECTS.1686.01"	"暗闇で目が見えるのはコウモリだけです。そして、あなたはその一人ではありません。"	"machine-draft"	"機械初訳・要確認"
"message.gverbs.DESCRIBE-OBJECT.1704.01"	"があります"	"machine-draft"	"機械初訳・要確認"
"message.gverbs.DESCRIBE-OBJECT.1704.02"	"ここで"	"machine-draft"	"機械初訳・要確認"
"message.gverbs.DESCRIBE-OBJECT.1706.01"	"(光を提供する)"	"machine-draft"	"機械初訳・要確認"
"message.gverbs.DESCRIBE-OBJECT.1707.01"	"。"	"machine-draft"	"機械初訳・要確認"
"message.gverbs.DESCRIBE-OBJECT.1710.01"	"あ"	"machine-draft"	"機械初訳・要確認"
"message.gverbs.DESCRIBE-OBJECT.1712.01"	"(光を提供する)"	"machine-draft"	"機械初訳・要確認"
"message.gverbs.DESCRIBE-OBJECT.1715.01"	"(着ている)"	"machine-draft"	"機械初訳・要確認"
"message.gverbs.DESCRIBE-OBJECT.1725.01"	"(外では"	"machine-draft"	"機械初訳・要確認"
"message.gverbs.DESCRIBE-OBJECT.1725.02"	")"	"machine-draft"	"機械初訳・要確認"
"message.gverbs.PRINT-CONTENTS.1736.01"	"、"	"machine-draft"	"機械初訳・要確認"
"message.gverbs.PRINT-CONTENTS.1737.01"	"そして"	"machine-draft"	"機械初訳・要確認"
"message.gverbs.PRINT-CONTENTS.1738.01"	"ある"	"machine-draft"	"機械初訳・要確認"
"message.gverbs.FIRSTER.1822.01"	"あなたの宝物のコレクションは次のとおりです。"	"machine-draft"	"機械初訳・要確認"
"message.gverbs.FIRSTER.1826.01"	"あなたが持ち歩いているもの:"	"machine-draft"	"機械初訳・要確認"
"message.gverbs.FIRSTER.1831.01"	"に座って"	"machine-draft"	"機械初訳・要確認"
"message.gverbs.FIRSTER.1831.02"	"は:"	"machine-draft"	"機械初訳・要確認"
"message.gverbs.FIRSTER.1833.01"	"の"	"machine-draft"	"機械初訳・要確認"
"message.gverbs.FIRSTER.1833.02"	"保持している:"	"machine-draft"	"機械初訳・要確認"
"message.gverbs.FIRSTER.1835.01"	"の"	"machine-draft"	"機械初訳・要確認"
"message.gverbs.FIRSTER.1835.02"	"含まれるもの:"	"machine-draft"	"機械初訳・要確認"
"message.gverbs.SCORE-UPD.1861.01"	"ほとんど聞こえない声があなたの耳元でささやきます、「あなたの宝物に目を向けてください」\n最後の秘密については。」"	"machine-draft"	"機械初訳・要確認"
"message.gverbs.YES?.1873.01"	">"	"machine-draft"	"機械初訳・要確認"
"message.gverbs.ITAKE.1906.01"	"あなたの手がそのオブジェクトを通過します。"	"machine-draft"	"機械初訳・要確認"
"message.gverbs.ITAKE.1934.01"	"荷物が重すぎます"	"machine-draft"	"機械初訳・要確認"
"message.gverbs.ITAKE.1936.01"	"特にあなたの状態を考慮して。"	"machine-draft"	"機械初訳・要確認"
"message.gverbs.ITAKE.1938.01"	"。"	"machine-draft"	"機械初訳・要確認"
"message.gverbs.ITAKE.1945.01"	"あなたはすでに多くのものを抱えすぎています！"	"machine-draft"	"機械初訳・要確認"
"message.gverbs.IDROP.1969.01"	"あなたはそれを持ち歩いていない"	"machine-draft"	"機械初訳・要確認"
"message.gverbs.IDROP.1969.02"	"。"	"machine-draft"	"機械初訳・要確認"
"message.gverbs.IDROP.1973.01"	"の"	"machine-draft"	"機械初訳・要確認"
"message.gverbs.IDROP.1973.02"	"は閉まっています。"	"machine-draft"	"機械初訳・要確認"
"message.gverbs.INDENTS.2017.01"	""	"format"	"字下げ表を保持"
"message.gverbs.INDENTS.2018.01"	"  "	"format"	"字下げ表を保持"
"message.gverbs.INDENTS.2019.01"	"    "	"format"	"字下げ表を保持"
"message.gverbs.INDENTS.2020.01"	"      "	"format"	"字下げ表を保持"
"message.gverbs.INDENTS.2021.01"	"        "	"format"	"字下げ表を保持"
"message.gverbs.INDENTS.2022.01"	"          "	"format"	"字下げ表を保持"
"message.gverbs.HACK-HACK.2027.01"	"の"	"machine-draft"	"機械初訳・要確認"
"message.gverbs.HACK-HACK.2027.02"	"ここにいないよ！"	"machine-draft"	"機械初訳・要確認"
"message.gverbs.HO-HUM.2034.01"	"機能しないようです。"	"machine-draft"	"機械初訳・要確認"
"message.gverbs.HO-HUM.2035.01"	"特に役に立ちません。"	"machine-draft"	"機械初訳・要確認"
"message.gverbs.HO-HUM.2036.01"	"効果はありません。"	"machine-draft"	"機械初訳・要確認"
"message.gverbs.NO-GO-TELL.2040.01"	"すぐにはそこに行くことはできません"	"machine-draft"	"機械初訳・要確認"
"message.gverbs.NO-GO-TELL.2040.02"	"。"	"machine-draft"	"機械初訳・要確認"
"message.gverbs.NO-GO-TELL.2042.01"	"車がなければそこへ行くことはできません。"	"machine-draft"	"機械初訳・要確認"
"message.gverbs.GOTO.2077.01"	"の"	"machine-draft"	"機械初訳・要確認"
"message.gverbs.GOTO.2077.02"	"岸辺で休みます。"	"machine-draft"	"機械初訳・要確認"
"message.gverbs.GOTO.2100.01"	"周囲の暗闇の中で不吉なゴボゴボという音が聞こえます。"	"machine-draft"	"機械初訳・要確認"
"message.gverbs.GOTO.2111.01"	"ああ、いや！潜んでいた粘液が滑り込んできた"	"machine-draft"	"機械初訳・要確認"
"message.gverbs.GOTO.2114.01"	"部屋"	"machine-draft"	"機械初訳・要確認"
"message.gverbs.GOTO.2115.01"	"そしてあなたを食べました！"	"machine-draft"	"機械初訳・要確認"
"message.gverbs.GOTO.2119.01"	"あなたは暗い場所に移動してしまいました。"	"machine-draft"	"機械初訳・要確認"
"message.gverbs.GOTO.2126.01"	"の"	"machine-draft"	"機械初訳・要確認"
"message.gverbs.GOTO.2126.02"	"部屋を出ます。"	"machine-draft"	"機械初訳・要確認"
"message.gverbs.HELLOS.2199.01"	"こんにちは。"	"machine-draft"	"機械初訳・要確認"
"message.gverbs.HELLOS.2200.01"	"こんにちは。"	"machine-draft"	"機械初訳・要確認"
"message.gverbs.HELLOS.2201.01"	"最近良い天気が続いています。"	"machine-draft"	"機械初訳・要確認"
"message.gverbs.HELLOS.2202.01"	"さようなら。"	"machine-draft"	"機械初訳・要確認"
"message.gverbs.YUKS.2207.01"	"勇敢な試みです。"	"machine-draft"	"機械初訳・要確認"
"message.gverbs.YUKS.2208.01"	"本気になってはいけません。"	"machine-draft"	"機械初訳・要確認"
"message.gverbs.YUKS.2210.01"	"興味深いアイデアですね..."	"machine-draft"	"機械初訳・要確認"
"message.gverbs.YUKS.2211.01"	"なんというコンセプトでしょう！"	"machine-draft"	"機械初訳・要確認"
"message.gverbs.DUMMY.2215.01"	"周りを見回してください。"	"machine-draft"	"機械初訳・要確認"
"message.gverbs.DUMMY.2216.01"	"それには遅すぎます。"	"machine-draft"	"機械初訳・要確認"
"message.gverbs.DUMMY.2217.01"	"目を検査してもらいましょう。"	"machine-draft"	"機械初訳・要確認"
